operator_id,operator_name,hire_date,primary_machine_type,secondary_machine_type,shift,cert_level
OP001,Benjamin Horton,2015-01-02,Laser Cutting,Bending,Shift A,Level 1
OP002,Douglas Ford,2022-01-02,Laser Cutting,Bending,Shift B,Level 2
OP003,Emily Mcguire,2022-04-11,Laser Cutting,Welding,Shift B,Level 1
OP004,Shawn Jimenez,2012-11-08,Laser Cutting,Bending,Shift A,Level 3
OP005,Andrew Reynolds,2015-10-03,Laser Cutting,Bending,Shift B,Level 2
OP006,Nathan Phelps,2019-12-05,Laser Cutting,Punching,Shift A,Level 2
OP007,Amy Campos,2011-08-21,Bending,Punching,Shift B,Level 2
OP008,Ryan Thompson,2015-09-08,Bending,Welding,Shift A,Level 1
OP009,Melissa Wilkins,2011-09-01,Bending,Welding,Shift A,Level 2
OP010,Nicholas Davis,2011-01-10,Bending,Welding,Shift A,Level 1
OP011,William Crawford,2022-02-11,Bending,Welding,Shift B,Level 2
OP012,Kelsey Harper,2021-02-22,Bending,Welding,Shift B,Level 1
OP013,William Andrews,2015-09-30,Welding,Bending,Shift B,Level 1
OP014,Nicholas Williams,2021-08-27,Welding,Bending,Shift B,Level 1
OP015,Bruce Mcmahon,2015-10-29,Welding,Laser Cutting,Shift A,Level 2
OP016,Mary Phillips,2021-07-22,Welding,Punching,Shift B,Level 2
OP017,Pamela Boyd,2016-04-21,Welding,Punching,Shift A,Level 2
OP018,Dakota Foley,2012-08-05,Punching,Welding,Shift A,Level 2
OP019,Breanna Cantu,2018-10-21,Punching,Welding,Shift A,Level 3
OP020,Erin Davis,2020-04-10,Punching,Welding,Shift B,Level 2
OP021,Cindy Buchanan,2023-05-09,Laser Cutting,Welding,Shift B,Level 1
OP022,Rachel Rivera,2024-01-02,Bending,Punching,Shift B,Level 1
OP023,Allison Haynes,2024-05-31,Welding,Bending,Shift B,Level 1
OP024,Garrett Charles,2024-12-07,Bending,Punching,Shift A,Level 1
OP025,Kimberly Williams,2025-04-26,Laser Cutting,Welding,Shift B,Level 1
OP026,Brittany Richardson,2025-09-29,Punching,Bending,Shift A,Level 1
