job_id,part_number,revision,customer_id,quantity,job_type,quote_id,release_date,due_date,completed_date,status,price,revision_changes_after_release,change_order_billed,change_order_amount,est_material,est_setup_hours,est_run_hours,est_outside,est_total_cost,actual_material,actual_labor_hours,actual_labor_cost,actual_outside,actual_scrap_qty,actual_total_cost
J-000001,P-11554,B,CUST-001,28,repeat,,2023-07-01,2023-07-17,2023-07-06,completed,3590.91,0,False,0.0,,,,,,503.02,11.54,1892.56,0.0,0,2395.58
J-000002,P-11100,A,CUST-008,198,repeat,,2023-07-01,2023-07-07,2023-07-05,completed,3776.18,0,False,0.0,,,,,,468.39,10.79,1769.56,0.0,0,2237.95
J-000003,P-10700,D,CUST-001,7,repeat,,2023-07-01,2023-07-14,2023-07-05,completed,1084.07,0,False,0.0,,,,,,139.18,7.27,1192.28,0.0,0,1331.46
J-000004,P-11056,D,CUST-021,41,repeat,,2023-07-01,2023-07-20,2023-07-05,completed,1525.34,0,False,0.0,,,,,,53.52,6.1,1000.4,0.0,0,1053.92
J-000005,P-10028,A,CUST-043,42,repeat,,2023-07-02,2023-07-20,2023-07-08,completed,12073.27,0,False,0.0,,,,,,1956.61,46.35,7601.4,0.0,0,9558.01
J-000006,P-10063,B,CUST-005,87,repeat,,2023-07-02,2023-07-12,2023-07-05,completed,5714.74,0,False,0.0,,,,,,298.69,45.79,7509.56,0.0,0,7808.25
J-000007,P-11178,B,CUST-011,32,repeat,,2023-07-02,2023-07-17,2023-07-08,completed,8286.58,0,False,0.0,,,,,,309.04,38.08,6245.12,0.0,0,6554.16
J-000008,P-11236,A,CUST-007,45,repeat,,2023-07-03,2023-07-22,2023-07-07,completed,4201.32,0,False,0.0,,,,,,265.17,20.96,3437.44,0.0,0,3702.61
J-000009,P-10421,B,CUST-008,157,repeat,,2023-07-03,2023-07-23,2023-07-07,completed,1878.43,0,False,0.0,,,,,,83.8,21.46,3519.44,0.0,0,3603.24
J-000010,P-11141,A,CUST-001,40,repeat,,2023-07-03,2023-07-21,2023-07-08,completed,10847.78,0,False,0.0,,,,,,425.02,58.23,9549.72,0.0,0,9974.74
J-000011,P-10216,C,CUST-006,11,repeat,,2023-07-03,2023-07-12,2023-07-07,completed,1837.46,0,False,0.0,,,,,,402.15,6.38,1046.32,0.0,0,1448.47
J-000012,P-11087,B,CUST-034,18,repeat,,2023-07-03,2023-07-10,2023-07-08,completed,3627.48,0,False,0.0,,,,,,340.05,12.91,2117.24,260.98,0,2718.27
J-000013,P-10140,C,CUST-022,150,repeat,,2023-07-03,2023-07-15,2023-07-09,completed,5816.01,0,False,0.0,,,,,,375.69,11.86,1945.04,1930.54,0,4251.27
J-000014,P-10911,D,CUST-047,1030,repeat,,2023-07-03,2023-07-17,2023-07-11,completed,70893.38,0,False,0.0,,,,,,10199.53,60.52,9925.28,0.0,0,20124.81
J-000015,P-11198,A,CUST-018,13,repeat,,2023-07-03,2023-07-23,2023-07-07,completed,894.96,0,False,0.0,,,,,,17.31,5.17,847.88,0.0,0,865.19
J-000016,P-10590,B,CUST-006,56,repeat,,2023-07-03,2023-07-12,2023-07-07,completed,2692.83,0,False,0.0,,,,,,206.32,10.93,1792.52,0.0,0,1998.84
J-000017,P-10748,C,CUST-027,24,repeat,,2023-07-03,2023-07-23,2023-07-07,completed,4879.28,0,False,0.0,,,,,,99.15,24.03,3940.92,0.0,0,4040.07
J-000018,P-10904,B,CUST-035,38,repeat,,2023-07-04,2023-07-22,2023-07-08,completed,5977.32,0,False,0.0,,,,,,2894.85,12.78,2095.92,0.0,0,4990.77
J-000019,P-10053,B,CUST-001,23,repeat,,2023-07-04,2023-07-18,2023-07-07,completed,1899.68,0,False,0.0,,,,,,376.91,4.93,808.52,54.05,1,1239.48
J-000020,P-10253,B,CUST-006,14,repeat,,2023-07-04,2023-07-17,2023-07-09,completed,2634.18,0,False,0.0,,,,,,449.54,10.6,1738.4,0.0,0,2187.94
J-000021,P-10669,B,CUST-016,84,repeat,,2023-07-04,2023-07-10,2023-07-09,completed,19155.7,0,False,0.0,,,,,,339.04,90.78,14887.92,0.0,0,15226.96
J-000022,P-10133,B,CUST-002,13,repeat,,2023-07-04,2023-07-15,2023-07-11,completed,4042.06,1,False,0.0,,,,,,70.1,22.71,3724.44,0.0,1,3794.54
J-000023,BC-103,A,,228,own_product,,2023-07-04,2023-07-19,2023-07-11,completed,8668.56,0,False,0.0,,,,,,3525.81,19.13,3137.32,0.0,0,6663.13
J-000024,P-10676,B,CUST-019,9,repeat,,2023-07-05,2023-07-25,2023-07-11,completed,1813.56,0,False,0.0,,,,,,530.75,7.12,1167.68,0.0,0,1698.43
J-000025,P-11345,C,CUST-001,18,repeat,,2023-07-05,2023-07-12,2023-07-08,completed,3048.84,0,False,0.0,,,,,,1172.22,6.07,995.48,0.0,0,2167.7
J-000026,P-10071,B,CUST-024,57,repeat,,2023-07-05,2023-07-25,2023-07-12,completed,14561.18,0,False,0.0,,,,,,5011.6,39.11,6414.04,0.0,0,11425.64
J-000027,P-11581,B,CUST-011,9,repeat,,2023-07-05,2023-07-19,2023-07-09,completed,4844.29,0,False,0.0,,,,,,786.81,16.66,2732.24,283.38,0,3802.43
J-000028,P-10379,B,CUST-001,52,repeat,,2023-07-05,2023-07-19,2023-07-12,completed,9568.48,0,False,0.0,,,,,,133.14,51.58,8459.12,0.0,0,8592.26
J-000029,P-11525,B,CUST-016,20,repeat,,2023-07-05,2023-07-20,2023-07-11,completed,2198.58,0,False,0.0,,,,,,1562.18,6.24,1023.36,0.0,0,2585.54
J-000030,P-11054,B,CUST-012,143,repeat,,2023-07-05,2023-07-18,2023-07-15,completed,25867.7,0,False,0.0,,,,,,1473.07,95.83,15716.12,0.0,0,17189.19
J-000031,P-11005,B,CUST-009,42,repeat,,2023-07-05,2023-07-16,2023-07-12,completed,5940.61,0,False,0.0,,,,,,981.76,20.19,3311.16,0.0,0,4292.92
J-000032,P-10325,A,CUST-008,81,repeat,,2023-07-06,2023-07-20,2023-07-12,completed,4338.16,0,False,0.0,,,,,,929.82,15.03,2464.92,78.63,3,3473.37
J-000033,P-11430,A,CUST-002,45,repeat,,2023-07-06,2023-07-23,2023-07-14,completed,9736.85,1,False,0.0,,,,,,189.38,45.73,7499.72,0.0,2,7689.1
J-000034,P-11282,B,CUST-031,810,repeat,,2023-07-06,2023-07-25,2023-07-14,completed,16543.05,0,False,0.0,,,,,,558.35,83.53,13698.92,0.0,0,14257.27
J-000035,P-10994,C,CUST-005,183,repeat,,2023-07-06,2023-07-24,2023-07-09,completed,4572.68,0,False,0.0,,,,,,193.47,43.89,7197.96,0.0,0,7391.43
J-000036,P-10563,A,CUST-003,172,repeat,,2023-07-06,2023-07-22,2023-07-14,completed,22153.58,0,False,0.0,,,,,,2334.33,62.08,10181.12,0.0,0,12515.45
J-000037,BC-106,B,,112,own_product,,2023-07-06,2023-07-15,2023-07-14,completed,7008.96,0,False,0.0,,,,,,1092.36,28.77,4718.28,0.0,0,5810.64
J-000038,P-10097,A,CUST-018,429,repeat,,2023-07-06,2023-07-24,2023-07-19,completed,26621.99,0,False,0.0,,,,,,2570.0,124.6,20434.4,0.0,0,23004.4
J-000039,P-10275,A,CUST-006,18,repeat,,2023-07-06,2023-07-22,2023-07-12,completed,2314.09,0,False,0.0,,,,,,218.39,6.86,1125.04,0.0,1,1343.43
J-000040,P-10642,C,CUST-020,31,repeat,,2023-07-07,2023-07-12,2023-07-13,completed,4838.1,0,False,0.0,,,,,,990.57,16.59,2720.76,0.0,0,3711.33
J-000041,P-11080,C,CUST-006,801,repeat,,2023-07-07,2023-07-25,2023-07-22,completed,65176.08,0,False,0.0,,,,,,12207.66,199.48,32714.72,0.0,0,44922.38
J-000042,P-10818,B,CUST-001,17,repeat,,2023-07-07,2023-07-16,2023-07-12,completed,1552.63,0,False,0.0,,,,,,111.73,10.07,1651.48,0.0,0,1763.21
J-000043,P-10358,A,CUST-001,22,repeat,,2023-07-07,2023-07-21,2023-07-14,completed,5458.15,0,False,0.0,,,,,,19.49,16.65,2730.6,0.0,0,2750.09
J-000044,P-10821,C,CUST-020,77,repeat,,2023-07-07,2023-07-25,2023-07-14,completed,9955.1,0,False,0.0,,,,,,5188.12,19.51,3199.64,0.0,0,8387.76
J-000045,P-11132,A,CUST-002,38,repeat,,2023-07-07,2023-07-18,2023-07-15,completed,10283.63,1,False,0.0,,,,,,6863.31,36.42,5972.88,0.0,2,12836.19
J-000046,P-10668,A,CUST-025,104,repeat,,2023-07-07,2023-07-20,2023-07-19,completed,32450.23,0,False,0.0,,,,,,6101.33,103.6,16990.4,1335.54,0,24427.27
J-000047,P-11400,B,CUST-009,271,repeat,,2023-07-07,2023-07-13,2023-08-20,completed,166500.11,0,False,0.0,,,,,,42585.77,649.98,106596.72,0.0,0,149182.49
J-000048,P-10673,C,CUST-017,187,repeat,,2023-07-07,2023-07-24,2023-07-11,completed,5329.12,0,False,0.0,,,,,,822.07,45.13,7401.32,0.0,5,8223.39
J-000049,P-10120,A,CUST-001,118,repeat,,2023-07-07,2023-07-16,2023-07-13,completed,5799.53,0,False,0.0,,,,,,444.6,27.76,4552.64,0.0,0,4997.24
J-000050,P-10050,C,CUST-002,53,repeat,,2023-07-07,2023-07-27,2023-07-13,completed,2646.72,1,False,0.0,,,,,,568.44,10.29,1687.56,513.22,0,2769.22
J-000051,P-11389,A,CUST-005,147,repeat,,2023-07-08,2023-07-21,2023-07-12,completed,1797.43,0,False,0.0,,,,,,144.93,8.26,1354.64,0.0,0,1499.57
J-000052,P-10580,B,CUST-002,1019,repeat,,2023-07-08,2023-07-13,2023-07-14,completed,10671.37,1,False,0.0,,,,,,2730.48,47.95,7863.8,1343.22,0,11937.5
J-000053,P-10679,A,CUST-002,10,repeat,,2023-07-08,2023-07-18,2023-07-13,completed,2731.58,1,False,0.0,,,,,,605.87,6.78,1111.92,0.0,0,1717.79
J-000054,P-11189,B,CUST-005,68,repeat,,2023-07-08,2023-07-21,2023-07-16,completed,21301.15,0,False,0.0,,,,,,316.42,61.86,10145.04,0.0,0,10461.46
J-000055,P-10803,D,CUST-002,197,repeat,,2023-07-08,2023-07-26,2023-07-12,completed,2781.34,1,False,0.0,,,,,,586.53,21.34,3499.76,0.0,0,4086.29
J-000056,P-10070,C,CUST-023,507,repeat,,2023-07-08,2023-07-28,2023-07-16,completed,24025.92,0,False,0.0,,,,,,7364.18,61.84,10141.76,2202.27,0,19708.21
J-000057,P-10579,B,CUST-001,12,repeat,,2023-07-08,2023-07-13,2023-07-12,completed,1373.56,0,False,0.0,,,,,,107.96,7.76,1272.64,37.45,0,1418.05
J-000058,P-11569,A,CUST-002,337,repeat,,2023-07-08,2023-07-28,2023-07-13,completed,6115.05,1,False,0.0,,,,,,328.95,37.72,6186.08,0.0,0,6515.03
J-000059,P-10182,A,CUST-009,21,repeat,,2023-07-09,2023-07-23,2023-07-13,completed,1101.56,0,False,0.0,,,,,,184.86,7.99,1310.36,0.0,0,1495.22
J-000060,P-11010,B,CUST-001,104,repeat,,2023-07-09,2023-07-22,2023-07-14,completed,2097.49,0,False,0.0,,,,,,154.35,10.03,1644.92,0.0,0,1799.27
J-000061,P-10629,C,CUST-001,92,repeat,,2023-07-09,2023-07-26,2023-07-14,completed,24123.27,0,False,0.0,,,,,,6546.98,28.2,4624.8,0.0,0,11171.78
J-000062,P-10430,B,CUST-014,84,repeat,,2023-07-09,2023-07-29,2023-07-20,completed,18952.64,0,False,0.0,,,,,,850.79,75.11,12318.04,0.0,0,13168.83
J-000063,BC-100,A,,387,own_product,,2023-07-10,2023-07-18,2023-07-18,completed,20952.18,0,False,0.0,,,,,,2015.59,90.14,14782.96,1829.0,0,18627.55
J-000064,P-11523,C,CUST-006,215,repeat,,2023-07-10,2023-07-27,2023-07-20,completed,36369.06,0,False,0.0,,,,,,8127.01,71.64,11748.96,2785.79,0,22661.76
J-000065,P-11193,B,CUST-015,762,repeat,,2023-07-10,2023-07-15,2023-07-16,completed,9509.25,0,False,0.0,,,,,,404.76,65.74,10781.36,0.0,0,11186.12
J-000066,BC-107,A,,106,own_product,,2023-07-10,2023-07-16,2023-07-15,completed,4323.74,0,False,0.0,,,,,,1750.97,15.58,2555.12,0.0,0,4306.09
J-000067,P-10304,A,CUST-010,308,repeat,,2023-07-10,2023-07-23,2023-07-16,completed,24771.41,0,False,0.0,,,,,,3538.91,98.13,16093.32,3603.39,0,23235.62
J-000068,P-10912,A,CUST-012,413,repeat,,2023-07-10,2023-07-17,2023-07-15,completed,4872.05,0,False,0.0,,,,,,191.13,53.08,8705.12,0.0,0,8896.25
J-000069,P-11304,B,CUST-033,210,repeat,,2023-07-10,2023-07-21,2023-07-21,completed,31506.66,0,False,0.0,,,,,,1925.41,99.97,16395.08,0.0,0,18320.49
J-000070,P-11438,A,CUST-004,8,repeat,,2023-07-10,2023-07-22,2023-07-14,completed,2052.97,0,False,0.0,,,,,,385.13,5.82,954.48,0.0,0,1339.61
J-000071,P-10046,A,CUST-001,20,repeat,,2023-07-11,2023-07-25,2023-07-15,completed,2746.89,0,False,0.0,,,,,,300.55,12.14,1990.96,0.0,0,2291.51
J-000072,P-10897,A,CUST-002,14,repeat,,2023-07-11,2023-07-23,2023-07-16,completed,7809.14,1,False,0.0,,,,,,2900.74,21.3,3493.2,0.0,0,6393.94
J-000073,P-10029,A,CUST-036,1499,repeat,,2023-07-11,2023-07-25,2023-07-18,completed,12386.63,0,False,0.0,,,,,,3178.63,88.52,14517.28,0.0,0,17695.91
J-000074,P-10839,A,CUST-021,291,repeat,,2023-07-11,2023-07-26,2023-07-15,completed,5690.72,0,False,0.0,,,,,,1322.85,44.79,7345.56,265.56,0,8933.97
J-000075,BC-101,D,,295,own_product,,2023-07-11,2023-07-16,2023-07-20,completed,17702.95,0,False,0.0,,,,,,2966.71,59.48,9754.72,0.0,0,12721.43
J-000076,P-11190,A,CUST-001,65,repeat,,2023-07-11,2023-07-21,2023-07-16,completed,3509.4,0,False,0.0,,,,,,363.74,10.32,1692.48,0.0,0,2056.22
J-000077,P-10286,D,CUST-001,88,repeat,,2023-07-11,2023-07-29,2023-07-18,completed,14945.26,0,False,0.0,,,,,,3333.98,46.28,7589.92,0.0,0,10923.9
J-000078,P-11299,C,CUST-024,16,repeat,,2023-07-11,2023-07-21,2023-07-15,completed,8729.62,0,False,0.0,,,,,,1158.1,29.65,4862.6,499.16,0,6519.86
J-000079,P-11281,C,CUST-001,25,repeat,,2023-07-11,2023-07-20,2023-07-16,completed,3685.18,0,False,0.0,,,,,,604.42,8.6,1410.4,204.71,0,2219.53
J-000080,P-11502,B,CUST-007,336,repeat,,2023-07-12,2023-07-17,2023-07-18,completed,3896.53,0,False,0.0,,,,,,302.64,10.07,1651.48,0.0,0,1954.12
J-000081,P-11187,B,CUST-008,145,repeat,,2023-07-12,2023-07-19,2023-07-29,completed,63432.52,0,False,0.0,,,,,,20243.61,142.67,23397.88,0.0,0,43641.49
J-000082,P-10160,A,CUST-004,27,repeat,,2023-07-12,2023-07-26,2023-07-19,completed,5608.18,0,False,0.0,,,,,,1235.32,19.64,3220.96,0.0,0,4456.28
J-000083,P-10219,A,CUST-004,100,repeat,,2023-07-12,2023-07-21,2023-07-20,completed,26499.03,0,False,0.0,,,,,,8236.71,38.81,6364.84,0.0,0,14601.55
J-000084,P-10509,A,CUST-012,71,repeat,,2023-07-12,2023-07-26,2023-07-22,completed,13599.92,0,False,0.0,,,,,,2114.5,30.55,5010.2,0.0,0,7124.7
J-000085,P-11407,C,CUST-023,14,repeat,,2023-07-12,2023-07-22,2023-07-18,completed,1496.51,0,False,0.0,,,,,,461.85,4.83,792.12,0.0,0,1253.97
J-000086,P-10812,A,CUST-005,12,repeat,,2023-07-12,2023-07-20,2023-07-18,completed,2260.07,0,False,0.0,,,,,,188.87,8.23,1349.72,59.28,0,1597.87
J-000087,BC-109,C,,342,own_product,,2023-07-12,2023-07-21,2023-07-19,completed,19610.28,0,False,0.0,,,,,,5477.59,50.18,8229.52,1187.47,0,14894.58
J-000088,P-10698,A,CUST-049,89,repeat,,2023-07-12,2023-07-21,2023-07-22,completed,57258.82,0,False,0.0,,,,,,23633.54,89.28,14641.92,0.0,0,38275.46
J-000089,P-10030,A,CUST-004,67,repeat,,2023-07-12,2023-07-28,2023-07-20,completed,7439.06,0,False,0.0,,,,,,93.39,38.81,6364.84,324.21,0,6782.44
J-000090,N-30664,A,CUST-002,73,new,Q-008872,2023-07-13,2023-07-22,2023-07-20,completed,6378.01,1,False,0.0,,,,,,643.97,31.21,5118.44,0.0,0,5762.41
J-000091,P-10405,A,CUST-003,66,repeat,,2023-07-13,2023-07-19,2023-07-21,completed,12985.54,0,False,0.0,,,,,,1918.4,26.63,4367.32,0.0,0,6285.72
J-000092,P-10815,B,CUST-036,702,new,Q-000816,2023-07-13,2023-07-28,2023-07-19,completed,10122.84,0,False,0.0,,,,,,2378.0,52.06,8537.84,0.0,0,10915.84
J-000093,P-10723,A,CUST-006,44,repeat,,2023-07-13,2023-07-23,2023-07-27,completed,34474.04,0,False,0.0,,,,,,13151.5,83.39,13675.96,0.0,0,26827.46
J-000094,P-10193,A,CUST-012,51,repeat,,2023-07-13,2023-07-28,2023-07-20,completed,2670.2,0,False,0.0,,,,,,495.51,8.12,1331.68,0.0,0,1827.19
J-000095,P-11532,A,CUST-023,112,repeat,,2023-07-13,2023-08-01,2023-07-16,completed,1892.37,0,False,0.0,,,,,,118.96,21.2,3476.8,0.0,0,3595.76
J-000096,N-30136,B,CUST-003,34,new,Q-003126,2023-07-13,2023-08-02,2023-07-18,completed,3998.4,0,False,0.0,,,,,,1570.17,15.11,2478.04,0.0,0,4048.21
J-000097,P-10360,C,CUST-001,42,repeat,,2023-07-13,2023-07-21,2023-07-21,completed,12973.73,0,False,0.0,,,,,,2782.04,39.73,6515.72,0.0,2,9297.76
J-000098,P-10758,C,CUST-001,31,repeat,,2023-07-13,2023-07-29,2023-07-19,completed,3391.51,0,False,0.0,,,,,,665.81,12.49,2048.36,0.0,0,2714.17
J-000099,P-11454,B,CUST-008,71,repeat,,2023-07-14,2023-07-21,2023-07-21,completed,11867.22,0,False,0.0,,,,,,1572.41,32.06,5257.84,0.0,0,6830.25
J-000100,P-10054,A,CUST-001,51,repeat,,2023-07-14,2023-07-28,2023-07-20,completed,6529.11,0,False,0.0,,,,,,1475.58,7.94,1302.16,0.0,1,2777.74
J-000101,N-30069,C,CUST-001,162,new,Q-002362,2023-07-14,2023-08-02,2023-07-19,completed,9990.54,0,False,0.0,,,,,,4440.11,13.35,2189.4,0.0,0,6629.51
J-000102,P-10213,A,CUST-005,44,repeat,,2023-07-14,2023-07-29,2023-07-23,completed,4592.26,0,False,0.0,,,,,,757.39,15.18,2489.52,168.52,0,3415.43
J-000103,P-10845,C,CUST-001,161,repeat,,2023-07-14,2023-07-30,2023-07-20,completed,2261.81,0,False,0.0,,,,,,224.16,12.72,2086.08,0.0,0,2310.24
J-000104,P-11027,C,CUST-024,911,repeat,,2023-07-14,2023-07-27,2023-07-21,completed,16606.26,0,False,0.0,,,,,,2067.17,114.63,18799.32,0.0,0,20866.49
J-000105,P-10857,A,CUST-029,173,repeat,,2023-07-14,2023-07-19,2023-07-20,completed,15298.14,0,False,0.0,,,,,,6035.87,36.85,6043.4,0.0,0,12079.27
J-000106,P-10153,C,CUST-002,35,repeat,,2023-07-14,2023-07-23,2023-07-20,completed,5448.4,1,False,0.0,,,,,,1533.7,26.39,4327.96,0.0,0,5861.66
J-000107,P-10282,D,CUST-002,16,repeat,,2023-07-14,2023-07-20,2023-07-18,completed,1506.59,1,False,0.0,,,,,,58.33,9.68,1587.52,0.0,0,1645.85
J-000108,P-11103,D,CUST-001,18,repeat,,2023-07-14,2023-07-24,2023-07-20,completed,2540.6,0,False,0.0,,,,,,276.06,12.12,1987.68,0.0,0,2263.74
J-000109,P-11050,A,CUST-011,3501,repeat,,2023-07-14,2023-07-23,2023-08-02,completed,97137.8,0,False,0.0,,,,,,8410.16,442.44,72560.16,0.0,0,80970.32
J-000110,P-11497,A,CUST-004,119,repeat,,2023-07-15,2023-08-02,2023-07-19,completed,8033.03,0,False,0.0,,,,,,1884.52,17.14,2810.96,0.0,0,4695.48
J-000111,P-10949,A,CUST-028,279,repeat,,2023-07-15,2023-07-22,2023-07-21,completed,2131.9,0,False,0.0,,,,,,74.21,29.15,4780.6,277.85,0,5132.66
J-000112,P-11018,B,CUST-001,19,repeat,,2023-07-15,2023-08-02,2023-07-20,completed,1828.75,0,False,0.0,,,,,,262.92,21.63,3547.32,0.0,1,3810.24
J-000113,P-10994,C,CUST-005,448,repeat,,2023-07-15,2023-08-02,2023-07-22,completed,11194.32,0,False,0.0,,,,,,477.77,77.88,12772.32,0.0,0,13250.09
J-000114,P-10066,B,CUST-020,18,repeat,,2023-07-15,2023-07-22,2023-07-19,completed,4654.44,0,False,0.0,,,,,,1424.16,15.9,2607.6,0.0,0,4031.76
J-000115,P-10945,A,CUST-013,1546,repeat,,2023-07-15,2023-07-23,2023-11-11,completed,566975.78,0,False,0.0,,,,,,134024.56,1522.39,249671.96,0.0,0,383696.52
J-000116,P-10022,A,CUST-002,43,repeat,,2023-07-16,2023-07-26,2023-07-29,completed,17393.08,0,False,0.0,,,,,,4589.89,58.59,9608.76,266.99,0,14465.64
J-000117,P-10877,B,CUST-010,11,repeat,,2023-07-16,2023-07-27,2023-07-20,completed,918.6,0,False,0.0,,,,,,41.62,10.53,1726.92,32.76,0,1801.3
J-000118,P-10167,B,CUST-001,21,repeat,,2023-07-16,2023-07-28,2023-07-21,completed,3772.69,0,False,0.0,,,,,,1092.3,23.17,3799.88,0.0,0,4892.18
J-000119,P-10483,A,CUST-008,38,repeat,,2023-07-16,2023-07-23,2023-07-26,completed,19377.46,0,False,0.0,,,,,,7443.14,23.79,3901.56,550.21,0,11894.91
J-000120,P-10295,A,CUST-004,153,repeat,,2023-07-16,2023-07-24,2023-07-21,completed,9509.98,0,False,0.0,,,,,,1350.44,34.15,5600.6,0.0,7,6951.04
J-000121,P-10483,A,CUST-008,46,repeat,,2023-07-16,2023-07-23,2023-07-26,completed,23456.92,0,False,0.0,,,,,,8692.37,30.84,5057.76,594.65,0,14344.78
J-000122,P-10546,A,CUST-015,9,repeat,,2023-07-17,2023-07-22,2023-07-21,completed,2866.93,0,False,0.0,,,,,,548.01,8.99,1474.36,0.0,0,2022.37
J-000123,P-10372,A,CUST-045,36,repeat,,2023-07-17,2023-07-27,2023-07-21,completed,7312.53,0,False,0.0,,,,,,795.26,24.06,3945.84,0.0,0,4741.1
J-000124,P-10918,B,CUST-001,9,repeat,,2023-07-17,2023-07-25,2023-07-22,completed,1324.3,0,False,0.0,,,,,,83.35,7.26,1190.64,0.0,0,1273.99
J-000125,BC-105,A,,282,own_product,,2023-07-17,2023-07-30,2023-07-25,completed,19054.74,0,False,0.0,,,,,,2513.46,66.02,10827.28,0.0,0,13340.74
J-000126,BC-111,A,,569,own_product,,2023-07-17,2023-08-06,2023-08-02,completed,36245.3,0,False,0.0,,,,,,5336.88,162.31,26618.84,0.0,0,31955.72
J-000127,P-10019,C,CUST-001,59,repeat,,2023-07-17,2023-08-04,2023-07-22,completed,18854.88,0,False,0.0,,,,,,8478.91,25.87,4242.68,0.0,0,12721.59
J-000128,P-10991,B,CUST-001,66,repeat,,2023-07-18,2023-07-30,2023-07-26,completed,48762.42,0,False,0.0,,,,,,19484.29,118.99,19514.36,0.0,0,38998.65
J-000129,P-11158,A,CUST-001,22,repeat,,2023-07-18,2023-08-05,2023-07-22,completed,11515.22,0,False,0.0,,,,,,819.3,48.69,7985.16,0.0,0,8804.46
J-000130,P-10941,C,CUST-006,58,repeat,,2023-07-18,2023-07-24,2023-07-25,completed,2440.5,0,False,0.0,,,,,,247.11,13.08,2145.12,0.0,0,2392.23
J-000131,P-10134,D,CUST-002,227,repeat,,2023-07-18,2023-07-29,2023-08-03,completed,40064.71,1,False,0.0,,,,,,5953.66,163.56,26823.84,0.0,0,32777.5
J-000132,P-10842,A,CUST-003,109,repeat,,2023-07-18,2023-07-25,2023-07-22,completed,19266.58,0,False,0.0,,,,,,6507.07,30.78,5047.92,0.0,0,11554.99
J-000133,P-10115,B,CUST-016,8,repeat,,2023-07-18,2023-08-07,2023-07-22,completed,1291.2,0,False,0.0,,,,,,25.19,20.04,3286.56,0.0,0,3311.75
J-000134,P-10210,A,CUST-028,105,repeat,,2023-07-18,2023-08-07,2023-07-27,completed,22057.84,0,False,0.0,,,,,,5415.82,64.96,10653.44,0.0,0,16069.26
J-000135,P-10798,C,CUST-007,17,repeat,,2023-07-18,2023-07-30,2023-07-23,completed,1352.34,0,False,0.0,,,,,,135.6,8.25,1353.0,0.0,1,1488.6
J-000136,P-10404,A,CUST-015,120,repeat,,2023-07-19,2023-07-29,2023-07-27,completed,13250.88,0,False,0.0,,,,,,1784.89,38.05,6240.2,0.0,0,8025.09
J-000137,P-10570,A,CUST-003,85,new,Q-000571,2023-07-19,2023-07-26,2023-07-27,completed,25692.1,0,False,0.0,,,,,,12765.72,23.64,3876.96,0.0,0,16642.68
J-000138,P-10622,A,CUST-007,1111,repeat,,2023-07-19,2023-07-25,2023-08-13,completed,199559.22,0,False,0.0,,,,,,50624.93,283.97,46571.08,0.0,0,97196.01
J-000139,P-10678,A,CUST-003,134,repeat,,2023-07-19,2023-07-31,2023-08-02,completed,56406.06,0,False,0.0,,,,,,11656.14,141.41,23191.24,0.0,0,34847.38
J-000140,P-10626,A,CUST-001,23,repeat,,2023-07-19,2023-07-29,2023-07-22,completed,2366.06,0,False,0.0,,,,,,659.36,13.37,2192.68,0.0,1,2852.04
J-000141,P-11385,A,CUST-002,49,repeat,,2023-07-19,2023-08-01,2023-07-26,completed,7982.68,1,False,0.0,,,,,,807.07,42.04,6894.56,437.69,0,8139.32
J-000142,P-10752,B,CUST-004,22,repeat,,2023-07-19,2023-08-06,2023-07-25,completed,2509.37,0,False,0.0,,,,,,167.67,9.13,1497.32,21.6,0,1686.59
J-000143,P-10298,D,CUST-002,158,repeat,,2023-07-19,2023-08-02,2023-07-25,completed,10820.51,1,False,0.0,,,,,,1845.75,25.99,4262.36,0.0,6,6108.11
J-000144,P-11597,A,CUST-045,73,repeat,,2023-07-19,2023-07-29,2023-07-25,completed,4893.67,0,False,0.0,,,,,,226.76,6.74,1105.36,0.0,0,1332.12
J-000145,P-10622,A,CUST-007,338,repeat,,2023-07-20,2023-08-07,2023-08-02,completed,60711.99,0,False,0.0,,,,,,14880.39,100.54,16488.56,0.0,0,31368.95
J-000146,P-10993,C,CUST-008,114,repeat,,2023-07-20,2023-08-01,2023-07-28,completed,13850.66,0,False,0.0,,,,,,-35.73,53.37,8752.68,0.0,0,8716.95
J-000147,P-11372,A,CUST-014,120,repeat,,2023-07-20,2023-08-02,2023-08-02,completed,26231.58,0,False,0.0,,,,,,4569.85,65.24,10699.36,0.0,0,15269.21
J-000148,P-10048,A,CUST-001,42,repeat,,2023-07-20,2023-08-04,2023-07-25,completed,2568.6,0,False,0.0,,,,,,492.22,7.05,1156.2,0.0,2,1648.42
J-000149,P-11546,A,CUST-001,43,repeat,,2023-07-20,2023-08-01,2023-07-28,completed,7718.73,0,False,0.0,,,,,,1594.08,23.99,3934.36,0.0,0,5528.44
J-000150,P-11572,D,CUST-011,115,repeat,,2023-07-20,2023-08-05,2023-08-01,completed,34299.17,0,False,0.0,,,,,,7501.41,78.62,12893.68,2321.04,0,22716.13
J-000151,P-10779,A,CUST-008,48,repeat,,2023-07-20,2023-08-06,2023-07-26,completed,3177.3,0,False,0.0,,,,,,941.69,9.78,1603.92,0.0,0,2545.61
J-000152,P-10031,B,CUST-001,69,repeat,,2023-07-20,2023-07-30,2023-07-26,completed,7035.38,0,False,0.0,,,,,,1669.86,18.67,3061.88,0.0,0,4731.74
J-000153,P-10096,B,CUST-001,74,repeat,,2023-07-20,2023-08-03,2023-07-23,completed,3595.73,0,False,0.0,,,,,,292.99,15.76,2584.64,72.81,0,2950.44
J-000154,P-11228,B,CUST-001,242,repeat,,2023-07-20,2023-08-08,2023-07-27,completed,23800.04,0,False,0.0,,,,,,9946.65,31.18,5113.52,0.0,0,15060.17
J-000155,P-10854,A,CUST-016,173,repeat,,2023-07-20,2023-07-28,2023-08-01,completed,18081.24,0,False,0.0,,,,,,1599.42,81.4,13349.6,1985.2,0,16934.22
J-000156,P-10576,D,CUST-002,454,repeat,,2023-07-20,2023-08-09,2023-08-25,completed,64622.9,1,False,0.0,,,,,,8314.87,271.61,44544.04,0.0,26,52858.91
J-000157,P-10071,B,CUST-024,54,new,Q-000072,2023-07-21,2023-07-29,2023-08-02,completed,13776.48,0,False,0.0,,,,,,4876.18,41.72,6842.08,652.53,1,12370.79
J-000158,P-11166,B,CUST-001,138,repeat,,2023-07-21,2023-08-02,2023-08-02,completed,15617.31,0,False,0.0,,,,,,1248.31,30.24,4959.36,0.0,8,6207.67
J-000159,P-10559,C,CUST-023,63,repeat,,2023-07-21,2023-08-09,2023-07-29,completed,8265.65,0,False,0.0,,,,,,638.57,30.55,5010.2,0.0,0,5648.77
J-000160,P-10804,B,CUST-007,36,repeat,,2023-07-21,2023-07-30,2023-07-28,completed,6862.41,0,False,0.0,,,,,,1911.1,19.12,3135.68,0.0,0,5046.78
J-000161,P-10046,A,CUST-001,30,repeat,,2023-07-21,2023-08-05,2023-07-27,completed,4120.34,0,False,0.0,,,,,,447.49,10.36,1699.04,0.0,0,2146.53
J-000162,P-10115,B,CUST-016,7,repeat,,2023-07-21,2023-08-08,2023-07-26,completed,1129.8,0,False,0.0,,,,,,14.85,20.52,3365.28,0.0,0,3380.13
J-000163,P-10681,C,CUST-028,62,repeat,,2023-07-21,2023-08-05,2023-07-30,completed,11288.7,0,False,0.0,,,,,,415.4,45.53,7466.92,458.1,0,8340.42
J-000164,P-10540,B,CUST-007,58,repeat,,2023-07-21,2023-07-29,2023-07-28,completed,7895.62,0,False,0.0,,,,,,1060.48,25.18,4129.52,0.0,0,5190.0
J-000165,P-11158,A,CUST-001,23,repeat,,2023-07-21,2023-08-08,2023-07-27,completed,12038.64,0,False,0.0,,,,,,2122.53,34.22,5612.08,103.24,0,7837.85
J-000166,P-10224,A,CUST-002,52,new,Q-000225,2023-07-22,2023-08-04,2023-07-26,completed,1771.12,1,False,0.0,,,,,,401.02,16.34,2679.76,84.14,1,3164.92
J-000167,P-10637,B,CUST-010,60,new,Q-000638,2023-07-22,2023-07-31,2023-07-29,completed,10192.8,0,False,0.0,,,,,,1474.94,36.7,6018.8,0.0,0,7493.74
J-000168,P-10329,A,CUST-001,205,repeat,,2023-07-22,2023-08-07,2023-08-03,completed,11892.43,0,False,0.0,,,,,,1878.85,53.47,8769.08,0.0,4,10647.93
J-000169,BC-110,A,,703,own_product,,2023-07-22,2023-08-09,2023-08-01,completed,22488.97,0,False,0.0,,,,,,2661.17,77.5,12710.0,2209.19,0,17580.36
J-000170,P-11371,B,CUST-005,308,repeat,,2023-07-22,2023-08-07,2023-08-19,completed,58604.28,0,False,0.0,,,,,,3171.55,297.15,48732.6,0.0,0,51904.15
J-000171,P-11184,A,CUST-001,56,repeat,,2023-07-22,2023-07-27,2023-08-02,completed,12295.51,0,False,0.0,,,,,,829.49,36.73,6023.72,0.0,0,6853.21
J-000172,P-11491,A,CUST-001,70,repeat,,2023-07-22,2023-08-11,2023-07-28,completed,4984.1,0,False,0.0,,,,,,952.97,21.67,3553.88,0.0,0,4506.85
J-000173,P-11224,D,CUST-017,25,repeat,,2023-07-22,2023-08-05,2023-07-26,completed,3853.06,0,False,0.0,,,,,,1511.46,6.37,1044.68,0.0,0,2556.14
J-000174,P-10596,A,CUST-002,51,repeat,,2023-07-23,2023-08-09,2023-07-30,completed,11563.76,1,False,0.0,,,,,,1126.43,39.09,6410.76,0.0,0,7537.19
J-000175,P-10774,A,CUST-001,7,repeat,,2023-07-23,2023-07-30,2023-07-28,completed,1774.7,0,False,0.0,,,,,,286.86,6.04,990.56,0.0,1,1277.42
J-000176,P-11153,A,CUST-001,34,repeat,,2023-07-23,2023-08-10,2023-07-28,completed,3139.3,0,False,0.0,,,,,,590.9,7.05,1156.2,0.0,0,1747.1
J-000177,P-10112,A,CUST-001,16,repeat,,2023-07-23,2023-08-10,2023-07-27,completed,1639.95,0,False,0.0,,,,,,273.19,5.54,908.56,0.0,1,1181.75
J-000178,P-11547,A,CUST-048,53,repeat,,2023-07-23,2023-07-30,2023-07-27,completed,3469.27,0,False,0.0,,,,,,250.82,21.84,3581.76,0.0,0,3832.58
J-000179,P-10358,A,CUST-001,22,new,Q-000359,2023-07-23,2023-08-06,2023-07-28,completed,5393.3,0,False,0.0,,,,,,17.75,14.11,2314.04,0.0,0,2331.79
J-000180,P-11280,B,CUST-013,73,repeat,,2023-07-23,2023-07-31,2023-07-28,completed,3785.67,0,False,0.0,,,,,,276.48,33.93,5564.52,0.0,3,5841.0
J-000181,P-11163,A,CUST-017,5,repeat,,2023-07-23,2023-08-01,2023-07-27,completed,1027.46,0,False,0.0,,,,,,12.66,7.11,1166.04,0.0,0,1178.7
J-000182,P-10312,D,CUST-001,57,repeat,,2023-07-23,2023-07-28,2023-07-27,completed,4883.07,0,False,0.0,,,,,,1011.94,11.12,1823.68,0.0,0,2835.62
J-000183,P-11164,A,CUST-014,44,repeat,,2023-07-23,2023-08-01,2023-08-02,completed,5615.55,0,False,0.0,,,,,,929.28,13.11,2150.04,0.0,0,3079.32
J-000184,P-11115,A,CUST-007,134,repeat,,2023-07-23,2023-08-09,2023-07-28,completed,17920.65,0,False,0.0,,,,,,3209.83,28.04,4598.56,0.0,0,7808.39
J-000185,P-10285,B,CUST-033,69,repeat,,2023-07-23,2023-08-11,2023-07-29,completed,7945.47,0,False,0.0,,,,,,1744.35,21.59,3540.76,0.0,0,5285.11
J-000186,P-11283,B,CUST-016,14,repeat,,2023-07-24,2023-08-05,2023-07-28,completed,2719.14,0,False,0.0,,,,,,468.05,9.93,1628.52,0.0,0,2096.57
J-000187,P-10692,A,CUST-001,13,repeat,,2023-07-24,2023-08-04,2023-07-29,completed,1625.96,0,False,0.0,,,,,,302.15,6.28,1029.92,0.0,0,1332.07
J-000188,P-10844,A,CUST-001,140,repeat,,2023-07-24,2023-08-02,2023-07-29,completed,6618.12,0,False,0.0,,,,,,335.83,23.34,3827.76,0.0,0,4163.59
J-000189,P-11128,C,CUST-007,2,repeat,,2023-07-24,2023-08-10,2023-07-29,completed,260.5,0,False,0.0,,,,,,12.71,5.24,859.36,38.38,0,910.45
J-000190,P-11370,C,CUST-001,18,repeat,,2023-07-24,2023-08-10,2023-07-27,completed,2573.33,0,False,0.0,,,,,,26.92,16.65,2730.6,0.0,0,2757.52
J-000191,P-11021,A,CUST-011,436,new,Q-001022,2023-07-24,2023-08-12,2023-07-29,completed,11427.56,0,False,0.0,,,,,,1623.39,42.09,6902.76,0.0,0,8526.15
J-000192,P-10678,A,CUST-003,158,repeat,,2023-07-24,2023-07-29,2023-08-09,completed,66508.64,0,False,0.0,,,,,,16353.4,148.62,24373.68,0.0,4,40727.08
J-000193,P-10648,B,CUST-002,14,repeat,,2023-07-24,2023-08-04,2023-08-03,completed,2430.59,1,False,0.0,,,,,,434.46,13.33,2186.12,0.0,0,2620.58
J-000194,P-10739,A,CUST-001,28,repeat,,2023-07-24,2023-08-12,2023-07-29,completed,2918.52,0,False,0.0,,,,,,342.47,15.26,2502.64,0.0,1,2845.11
J-000195,P-11193,B,CUST-015,773,repeat,,2023-07-24,2023-08-08,2023-07-30,completed,9646.52,0,False,0.0,,,,,,1266.72,51.4,8429.6,0.0,0,9696.32
J-000196,P-11546,A,CUST-001,29,repeat,,2023-07-25,2023-08-11,2023-08-03,completed,5205.65,0,False,0.0,,,,,,1064.76,37.12,6087.68,0.0,0,7152.44
J-000197,P-10305,B,CUST-013,150,repeat,,2023-07-25,2023-08-09,2023-08-05,completed,24676.38,0,False,0.0,,,,,,1819.07,80.8,13251.2,0.0,0,15070.27
J-000198,BC-108,A,,271,own_product,,2023-07-25,2023-08-07,2023-08-04,completed,20297.9,0,False,0.0,,,,,,2613.79,79.06,12965.84,0.0,0,15579.63
J-000199,P-11393,A,CUST-001,193,repeat,,2023-07-25,2023-08-13,2023-08-04,completed,26795.18,0,False,0.0,,,,,,8319.26,69.95,11471.8,0.0,0,19791.06
J-000200,N-30205,D,CUST-001,178,new,Q-003884,2023-07-25,2023-08-02,2023-08-08,completed,28132.9,0,False,0.0,,,,,,3146.77,122.2,20040.8,823.03,0,24010.6
