txn_id,job_id,op_seq,work_center_id,employee_id,clock_on,clock_off,type,source,hours
LT-0000001,J-000001,10,SAW-01,EMP-073,2023-07-03 06:00:00.000000,2023-07-03 06:59:27.600000,run,terminal,0.99
LT-0000002,J-000006,10,SAW-02,EMP-073,2023-07-03 06:00:00.000000,2023-07-03 06:49:40.800000,run,terminal,0.83
LT-0000003,J-000005,10,SAW-02,EMP-077,2023-07-03 06:00:00.000000,2023-07-03 07:38:06.000000,run,terminal,1.63
LT-0000004,J-000003,10,SAW-01,EMP-074,2023-07-03 06:00:00.000000,2023-07-03 07:26:03.647724,run,terminal,1.43
LT-0000005,J-000004,10,SAW-02,EMP-074,2023-07-03 06:00:00.000000,2023-07-03 06:57:06.324180,run,terminal,0.95
LT-0000006,J-000002,10,SAW-01,EMP-076,2023-07-03 06:00:00.000000,2023-07-03 07:06:58.685033,run,terminal,1.12
LT-0000007,J-000008,10,SAW-02,EMP-073,2023-07-03 06:49:40.800000,2023-07-03 08:12:06.139651,run,terminal,1.37
LT-0000008,J-000004,10,SAW-02,EMP-074,2023-07-03 07:00:41.783323,2023-07-03 09:04:21.316809,run,terminal,2.06
LT-0000009,J-000002,10,SAW-01,EMP-076,2023-07-03 07:14:33.529058,2023-07-03 09:12:30.065437,run,terminal,1.97
LT-0000010,J-000008,10,SAW-02,EMP-073,2023-07-03 08:15:18.711457,2023-07-03 08:26:13.200000,run,terminal,0.18
LT-0000011,J-000004,10,SAW-02,EMP-074,2023-07-03 09:10:41.189120,2023-07-03 11:17:39.312882,run,terminal,2.12
LT-0000012,J-000002,10,SAW-01,EMP-076,2023-07-03 09:20:24.086104,2023-07-03 10:45:50.442970,run,terminal,1.42
LT-0000013,J-000003,20,VMC-01,EMP-007,2023-07-03 10:33:53.891706,2023-07-03 11:35:56.077481,run,terminal,1.03
LT-0000014,J-000003,20,VMC-01,EMP-007,2023-07-03 11:43:01.913374,2023-07-03 14:00:55.160225,run,terminal,2.3
LT-0000015,J-000010,10,SAW-01,EMP-076,2023-07-03 12:03:49.366433,2023-07-03 13:28:53.852929,run,terminal,1.42
LT-0000016,J-000016,10,SAW-01,EMP-075,2023-07-03 12:30:00.390849,2023-07-03 13:45:50.609613,run,terminal,1.26
LT-0000017,J-000010,10,SAW-01,EMP-076,2023-07-03 13:36:13.410108,2023-07-03 14:29:40.966433,run,terminal,0.89
LT-0000018,J-000016,10,SAW-01,EMP-075,2023-07-03 13:48:52.212728,2023-07-03 14:17:13.590849,run,terminal,0.47
LT-0000019,J-000003,20,VMC-01,EMP-007,2023-07-03 14:05:38.191379,2023-07-03 15:35:04.618033,run,terminal,1.49
LT-0000020,J-000007,10,SAW-01,EMP-076,2023-07-03 14:58:13.509187,2023-07-03 15:35:07.509187,run,terminal,0.61
LT-0000021,J-000005,20,HMC-01,EMP-030,2023-07-03 15:30:57.873655,2023-07-03 17:46:25.398310,run,terminal,2.26
LT-0000022,J-000003,20,VMC-01,EMP-007,2023-07-03 15:42:56.712312,2023-07-03 16:11:13.091706,run,terminal,0.47
LT-0000023,J-000009,10,EDM-01,EMP-069,2023-07-03 17:30:58.123868,2023-07-03 18:01:44.163294,run,terminal,0.51
LT-0000024,J-000004,20,VMC-02,EMP-001,2023-07-03 17:43:05.365307,2023-07-03 20:13:02.073218,run,terminal,2.5
LT-0000025,J-000005,20,HMC-01,EMP-030,2023-07-03 17:54:27.730330,2023-07-03 20:16:02.288819,run,terminal,2.36
LT-0000026,J-000014,10,SAW-01,EMP-078,2023-07-03 18:56:58.540827,2023-07-03 21:03:24.574482,run,terminal,2.11
LT-0000027,J-000006,20,MTN-01,EMP-056,2023-07-03 19:00:40.657405,2023-07-03 20:09:24.992135,run,terminal,1.15
LT-0000028,J-000021,10,EDM-02,EMP-071,2023-07-03 19:04:13.505910,2023-07-03 23:35:30.713962,run,terminal,4.52
LT-0000029,J-000009,10,EDM-01,EMP-069,2023-07-03 19:17:08.664706,2023-07-03 22:15:28.532735,run,terminal,2.97
LT-0000030,J-000013,20,LTH-03,EMP-037,2023-07-03 19:24:34.614255,2023-07-03 20:47:23.046228,run,terminal,1.38
LT-0000031,J-000008,20,MTN-02,EMP-051,2023-07-03 19:30:51.775348,2023-07-03 20:57:39.175937,run,terminal,1.45
LT-0000032,J-000006,20,MTN-01,EMP-056,2023-07-03 20:13:58.915275,2023-07-03 21:51:35.281284,run,terminal,1.63
LT-0000033,J-000004,20,VMC-02,EMP-001,2023-07-03 20:17:03.644604,2023-07-03 22:00:00.000000,run,terminal,1.72
LT-0000034,J-000005,20,HMC-01,EMP-030,2023-07-03 20:23:06.401219,2023-07-03 22:00:00.000000,run,terminal,1.61
LT-0000035,J-000001,20,VMC-01,EMP-003,2023-07-03 20:40:42.782656,2023-07-03 22:00:00.000000,run,terminal,1.32
LT-0000036,J-000016,20,LTH-03,EMP-037,2023-07-03 20:54:53.960354,2023-07-03 22:00:00.000000,run,terminal,1.09
LT-0000037,J-000008,20,MTN-02,EMP-051,2023-07-03 21:05:11.321122,2023-07-03 22:00:00.000000,run,terminal,0.91
LT-0000038,J-000014,10,SAW-01,EMP-078,2023-07-03 21:10:33.925472,2023-07-03 22:00:00.000000,run,terminal,0.82
LT-0000039,J-000021,10,EDM-02,EMP-071,2023-07-03 21:11:52.676659,2023-07-04 07:11:25.220485,run,terminal,9.99
LT-0000040,J-000010,20,VMC-04,EMP-015,2023-07-03 21:20:49.579818,2023-07-03 22:00:00.000000,run,terminal,0.65
LT-0000041,J-000009,10,EDM-01,EMP-069,2023-07-03 21:49:50.940253,2023-07-04 01:21:27.143163,run,terminal,3.53
LT-0000042,J-000007,20,VMC-03,EMP-005,2023-07-03 21:53:06.449214,2023-07-03 22:00:00.000000,run,terminal,0.11
LT-0000043,J-000006,20,MTN-01,EMP-056,2023-07-03 21:54:43.708660,2023-07-03 22:00:00.000000,run,terminal,0.09
LT-0000044,J-000021,10,EDM-02,EMP-071,2023-07-03 22:06:44.846564,2023-07-04 12:08:57.878968,run,terminal,14.04
LT-0000045,J-000009,10,EDM-01,EMP-069,2023-07-03 23:30:39.373655,2023-07-04 00:00:00.000000,run,terminal,0.49
LT-0000046,J-000021,10,EDM-02,EMP-071,2023-07-03 23:45:34.230051,2023-07-03 23:49:53.961036,run,terminal,0.07
LT-0000047,J-000009,10,EDM-01,EMP-069,2023-07-04 00:00:00.000000,2023-07-04 05:35:07.159685,run,terminal,5.59
LT-0000048,J-000021,10,EDM-02,EMP-071,2023-07-04 00:00:00.000000,2023-07-04 00:24:59.067333,run,terminal,0.42
LT-0000049,J-000021,10,EDM-02,EMP-071,2023-07-04 00:55:01.626066,2023-07-04 01:22:05.190019,run,terminal,0.45
LT-0000050,J-000009,10,EDM-01,EMP-069,2023-07-04 01:08:54.650548,2023-07-04 02:20:06.971378,run,terminal,1.19
LT-0000051,J-000009,10,EDM-01,EMP-069,2023-07-04 02:27:34.779953,2023-07-04 03:54:10.851043,run,terminal,1.44
LT-0000052,J-000009,10,EDM-01,EMP-069,2023-07-04 03:59:35.122343,2023-07-04 06:30:52.099574,run,terminal,2.52
LT-0000053,J-000005,20,HMC-01,EMP-030,2023-07-04 06:00:00.000000,2023-07-04 06:28:14.605563,run,terminal,0.47
LT-0000054,J-000001,20,VMC-01,EMP-003,2023-07-04 06:00:00.000000,2023-07-04 08:21:41.582656,run,terminal,2.36
LT-0000055,J-000008,20,MTN-02,EMP-051,2023-07-04 06:00:00.000000,2023-07-04 07:32:38.659674,run,terminal,1.54
LT-0000056,J-000016,20,LTH-03,EMP-037,2023-07-04 06:00:00.000000,2023-07-04 07:32:59.960088,run,terminal,1.55
LT-0000057,J-000014,10,SAW-01,EMP-078,2023-07-04 06:00:00.000000,2023-07-04 06:53:24.348210,run,terminal,0.89
LT-0000058,J-000010,20,VMC-04,EMP-015,2023-07-04 06:00:00.000000,2023-07-04 07:23:46.742514,run,terminal,1.4
LT-0000059,J-000002,20,LTH-01,EMP-048,2023-07-04 06:00:00.000000,2023-07-04 07:36:10.181070,run,terminal,1.6
LT-0000060,J-000007,20,VMC-03,EMP-005,2023-07-04 06:00:00.000000,2023-07-04 07:36:37.068741,run,terminal,1.61
LT-0000061,J-000006,20,MTN-01,EMP-056,2023-07-04 06:00:00.000000,2023-07-04 08:04:25.418838,run,terminal,2.07
LT-0000062,J-000004,20,VMC-02,EMP-001,2023-07-04 06:00:00.000000,2023-07-04 08:20:07.501100,run,terminal,2.34
LT-0000063,J-000021,20,FAX-01,EMP-023,2023-07-04 06:00:00.000000,2023-07-04 08:26:28.434632,run,terminal,2.44
LT-0000064,J-000009,10,EDM-01,EMP-069,2023-07-04 06:36:16.770061,2023-07-04 07:26:39.279681,run,terminal,0.84
LT-0000065,J-000009,10,EDM-01,EMP-069,2023-07-04 06:47:48.317443,2023-07-04 08:57:54.114402,run,terminal,2.17
LT-0000066,J-000014,10,SAW-01,EMP-078,2023-07-04 06:58:00.379528,2023-07-04 07:16:17.740827,run,terminal,0.3
LT-0000067,J-000010,20,VMC-04,EMP-015,2023-07-04 07:29:19.750513,2023-07-04 09:10:22.765047,run,terminal,1.68
LT-0000068,J-000009,10,EDM-01,EMP-069,2023-07-04 07:30:29.684542,2023-07-04 08:38:59.220465,run,terminal,1.14
LT-0000069,J-000002,20,LTH-01,EMP-048,2023-07-04 07:39:23.197236,2023-07-04 09:06:11.547540,run,terminal,1.45
LT-0000070,J-000008,20,MTN-02,EMP-051,2023-07-04 07:39:26.541047,2023-07-04 09:24:15.775348,run,terminal,1.75
LT-0000071,J-000007,20,VMC-03,EMP-005,2023-07-04 07:40:38.961493,2023-07-04 08:09:36.449214,run,terminal,0.48
LT-0000072,J-000016,20,LTH-03,EMP-037,2023-07-04 07:40:52.562628,2023-07-04 09:55:09.088348,run,terminal,2.24
LT-0000073,J-000004,999,VMC-02,EMP-001,2023-07-04 08:00:00.000000,2023-07-04 08:38:24.000000,run,terminal,0.64
LT-0000074,J-000006,20,MTN-01,EMP-056,2023-07-04 08:09:02.789717,2023-07-04 09:42:04.657405,run,terminal,1.55
LT-0000075,J-000004,20,VMC-02,EMP-001,2023-07-04 08:28:18.298649,2023-07-04 09:49:47.952177,run,terminal,1.36
LT-0000076,J-000021,20,FAX-01,EMP-023,2023-07-04 08:34:16.828331,2023-07-04 11:03:10.312884,run,terminal,2.48
LT-0000077,J-000009,10,EDM-01,EMP-069,2023-07-04 08:47:50.112433,2023-07-04 21:52:40.108696,run,terminal,13.08
LT-0000078,J-000002,20,LTH-01,EMP-048,2023-07-04 08:56:36.090955,2023-07-04 11:05:19.981759,run,terminal,2.15
LT-0000079,J-000001,20,VMC-01,EMP-003,2023-07-04 09:07:23.018259,2023-07-04 10:01:45.340219,run,terminal,0.91
LT-0000080,J-000010,20,VMC-04,EMP-015,2023-07-04 09:19:09.401451,2023-07-04 09:41:49.579818,run,terminal,0.38
LT-0000081,J-000005,30,VMC-01,EMP-001,2023-07-04 09:48:28.488784,2023-07-04 12:08:08.562564,run,terminal,2.33
LT-0000082,J-000004,20,VMC-02,EMP-001,2023-07-04 09:55:20.758751,2023-07-04 13:29:31.593057,run,terminal,3.57
LT-0000083,J-000016,20,LTH-03,EMP-037,2023-07-04 09:58:59.026260,2023-07-04 10:42:50.181336,run,terminal,0.73
LT-0000084,J-000009,10,EDM-01,EMP-069,2023-07-04 10:36:39.351307,2023-07-04 12:29:46.132772,run,terminal,1.89
LT-0000085,J-000016,20,LTH-03,EMP-037,2023-07-04 11:05:31.950233,2023-07-04 12:23:34.922226,run,terminal,1.3
LT-0000086,J-000004,20,VMC-02,EMP-001,2023-07-04 11:07:00.201409,2023-07-04 11:56:49.225027,run,terminal,0.83
LT-0000087,J-000021,20,FAX-01,EMP-023,2023-07-04 11:07:24.229693,2023-07-04 14:02:19.555962,run,terminal,2.92
LT-0000088,J-000002,20,LTH-01,EMP-048,2023-07-04 11:09:25.555168,2023-07-04 13:44:38.454751,run,terminal,2.59
LT-0000089,J-000013,10,SAW-01,EMP-075,2023-07-04 11:11:42.770348,2023-07-04 11:54:07.970348,run,terminal,0.71
LT-0000090,J-000012,10,SWS-01,EMP-063,2023-07-04 11:29:15.207211,2023-07-04 13:54:08.813869,run,terminal,2.41
LT-0000091,J-000004,20,VMC-02,EMP-001,2023-07-04 11:59:52.738837,2023-07-04 14:03:46.834661,run,terminal,2.07
LT-0000092,J-000021,20,FAX-01,EMP-023,2023-07-04 12:00:08.922976,2023-07-04 13:14:17.688349,run,terminal,1.24
LT-0000093,J-000009,10,EDM-01,EMP-069,2023-07-04 12:07:38.565532,2023-07-04 15:26:07.569541,run,terminal,3.31
LT-0000094,J-000005,30,VMC-01,EMP-001,2023-07-04 12:13:57.934613,2023-07-04 13:12:13.255368,run,terminal,0.97
LT-0000095,J-000002,20,LTH-01,EMP-048,2023-07-04 12:29:29.246840,2023-07-04 15:01:38.340040,run,terminal,2.54
LT-0000096,J-000016,20,LTH-03,EMP-037,2023-07-04 12:31:40.289400,2023-07-04 14:00:40.713621,run,terminal,1.48
LT-0000097,J-000005,30,VMC-01,EMP-001,2023-07-04 12:54:50.355516,2023-07-04 14:29:31.118198,run,terminal,1.58
LT-0000098,J-000005,30,VMC-01,EMP-001,2023-07-04 13:15:22.634960,2023-07-04 14:59:54.048437,run,terminal,1.74
LT-0000099,J-000012,10,SWS-01,EMP-063,2023-07-04 13:19:14.048685,2023-07-04 14:34:27.777155,run,terminal,1.25
LT-0000100,J-000021,20,FAX-01,EMP-023,2023-07-04 13:31:46.899701,2023-07-04 13:48:57.600000,run,terminal,0.29
LT-0000101,J-000017,10,SAW-01,EMP-075,2023-07-04 14:04:54.215997,2023-07-04 16:22:18.498615,run,terminal,2.29
LT-0000102,J-000016,20,LTH-03,EMP-037,2023-07-04 14:07:40.502059,2023-07-04 16:06:56.200090,run,terminal,1.99
LT-0000103,J-000004,20,VMC-02,EMP-001,2023-07-04 14:10:05.535714,2023-07-04 15:24:46.212045,run,terminal,1.24
LT-0000104,J-000013,20,SWS-03,EMP-063,2023-07-04 14:37:47.105822,2023-07-04 16:44:46.756333,run,terminal,2.12
LT-0000105,J-000013,10,SWS-01,EMP-063,2023-07-04 14:40:26.505565,2023-07-04 15:58:59.482598,run,terminal,1.31
LT-0000106,J-000009,10,EDM-01,EMP-069,2023-07-04 14:46:36.556898,2023-07-05 02:40:40.336561,run,terminal,11.9
LT-0000107,J-000006,30,DBR-01,EMP-082,2023-07-04 15:00:09.257022,2023-07-04 15:32:58.457022,run,terminal,0.55
LT-0000108,J-000002,20,LTH-01,EMP-048,2023-07-04 15:05:52.906009,2023-07-04 16:46:08.464467,run,terminal,1.67
LT-0000109,J-000008,30,LTH-02,EMP-046,2023-07-04 15:07:00.397192,2023-07-04 16:26:33.104740,run,terminal,1.33
LT-0000110,J-000005,30,VMC-01,EMP-001,2023-07-04 15:07:00.732755,2023-07-04 16:44:59.927047,run,terminal,1.63
LT-0000111,J-000022,10,SAW-02,EMP-078,2023-07-04 15:29:01.514097,2023-07-04 16:19:59.862057,run,terminal,0.85
LT-0000112,J-000004,20,VMC-02,EMP-001,2023-07-04 15:32:43.502819,2023-07-04 17:41:50.777341,run,terminal,2.15
LT-0000113,J-000012,10,SWS-01,EMP-063,2023-07-04 15:39:18.375173,2023-07-04 16:08:36.807211,run,terminal,0.49
LT-0000114,J-000002,40,DBR-01,EMP-091,2023-07-04 15:43:51.456943,2023-07-04 16:29:46.853770,run,terminal,0.77
LT-0000115,J-000009,10,EDM-01,EMP-069,2023-07-04 15:45:34.026697,2023-07-05 03:57:50.610976,run,terminal,12.2
LT-0000116,J-000001,30,HMC-01,EMP-031,2023-07-04 15:57:21.389126,2023-07-04 17:01:31.092500,run,terminal,1.07
LT-0000117,J-000016,20,LTH-03,EMP-037,2023-07-04 16:10:41.438031,2023-07-04 16:38:08.214255,run,terminal,0.46
LT-0000118,J-000017,10,SAW-01,EMP-075,2023-07-04 16:25:54.982391,2023-07-04 18:29:40.882306,run,terminal,2.06
LT-0000119,J-000022,10,SAW-02,EMP-078,2023-07-04 16:26:26.932935,2023-07-04 18:11:56.971150,run,terminal,1.76
LT-0000120,J-000008,30,LTH-02,EMP-046,2023-07-04 16:34:35.714225,2023-07-04 18:22:26.145738,run,terminal,1.8
LT-0000121,J-000003,40,DBR-01,EMP-091,2023-07-04 16:38:31.880417,2023-07-04 17:02:31.056943,run,terminal,0.4
LT-0000122,J-000005,30,VMC-01,EMP-001,2023-07-04 16:49:47.098096,2023-07-04 17:16:40.488784,run,terminal,0.45
LT-0000123,J-000014,20,SWS-03,EMP-063,2023-07-04 16:53:10.871034,2023-07-04 17:11:43.812950,run,terminal,0.31
LT-0000124,J-000002,20,LTH-01,EMP-048,2023-07-04 16:54:42.393803,2023-07-04 20:12:08.374375,run,terminal,3.29
LT-0000125,J-000008,30,LTH-02,EMP-046,2023-07-04 16:59:10.794726,2023-07-04 18:39:27.116650,run,terminal,1.67
LT-0000126,J-000001,30,HMC-01,EMP-031,2023-07-04 17:12:40.280568,2023-07-04 18:09:31.605434,run,terminal,0.95
LT-0000127,J-000015,10,SAW-01,EMP-077,2023-07-04 17:17:42.639258,2023-07-04 18:23:17.439258,run,terminal,1.09
LT-0000128,J-000002,20,LTH-01,EMP-048,2023-07-04 17:30:42.772652,2023-07-04 18:09:26.298212,run,terminal,0.65
LT-0000129,J-000004,20,VMC-02,EMP-001,2023-07-04 17:48:47.605011,2023-07-04 19:32:28.023657,run,terminal,1.73
LT-0000130,J-000014,20,SWS-03,EMP-063,2023-07-04 17:57:57.896676,2023-07-04 19:04:50.677914,run,terminal,1.11
LT-0000131,J-000001,30,HMC-01,EMP-031,2023-07-04 18:17:11.517661,2023-07-04 19:36:42.442455,run,terminal,1.33
LT-0000132,J-000022,10,SAW-02,EMP-078,2023-07-04 18:20:34.228034,2023-07-04 19:35:04.624831,run,terminal,1.24
LT-0000133,J-000009,10,EDM-01,EMP-069,2023-07-04 18:21:58.668759,2023-07-04 20:19:46.258773,run,terminal,1.96
LT-0000134,J-000008,30,LTH-02,EMP-046,2023-07-04 18:26:15.192190,2023-07-04 19:29:52.536954,run,terminal,1.06
LT-0000135,J-000017,10,SAW-01,EMP-075,2023-07-04 18:37:41.138082,2023-07-04 18:58:18.215997,run,terminal,0.34
LT-0000136,J-000002,20,LTH-01,EMP-048,2023-07-04 18:53:14.491086,2023-07-04 21:25:03.462122,run,terminal,2.53
LT-0000137,J-000014,20,SWS-03,EMP-063,2023-07-04 19:08:54.224580,2023-07-04 23:20:20.886864,run,terminal,4.19
LT-0000138,J-000008,30,LTH-02,EMP-046,2023-07-04 19:37:01.941546,2023-07-04 20:22:36.004524,run,terminal,0.76
LT-0000139,J-000022,10,SAW-02,EMP-078,2023-07-04 19:39:05.393186,2023-07-04 20:48:13.631663,run,terminal,1.15
LT-0000140,J-000004,20,VMC-02,EMP-001,2023-07-04 19:40:44.450914,2023-07-04 21:57:47.354451,run,terminal,2.28
LT-0000141,J-000001,30,HMC-01,EMP-031,2023-07-04 19:44:07.736597,2023-07-04 22:58:44.781738,run,terminal,3.24
LT-0000142,J-000016,30,DBR-01,EMP-090,2023-07-04 19:48:55.836379,2023-07-04 21:33:16.236379,run,terminal,1.74
LT-0000143,J-000010,30,VMC-04,EMP-018,2023-07-04 20:02:33.589689,2023-07-04 21:47:09.707829,run,terminal,1.74
LT-0000144,J-000007,30,VMC-01,EMP-007,2023-07-04 20:07:26.027396,2023-07-04 21:57:51.007414,run,terminal,1.84
LT-0000145,J-000021,30,DBR-01,EMP-084,2023-07-04 20:22:25.023249,2023-07-04 21:26:40.623249,run,terminal,1.07
LT-0000146,J-000009,10,EDM-01,EMP-069,2023-07-04 20:23:01.592138,2023-07-05 09:52:52.747237,run,terminal,13.5
LT-0000147,J-000014,20,SWS-03,EMP-063,2023-07-04 20:25:58.041768,2023-07-04 22:25:05.235714,run,terminal,1.99
LT-0000148,J-000008,30,LTH-02,EMP-046,2023-07-04 20:26:23.406766,2023-07-04 21:32:21.592778,run,terminal,1.1
LT-0000149,J-000022,10,SAW-02,EMP-078,2023-07-04 20:55:02.046488,2023-07-04 22:00:00.000000,run,terminal,1.08
LT-0000150,J-000002,20,LTH-01,EMP-048,2023-07-04 21:28:47.548307,2023-07-04 22:00:00.000000,run,terminal,0.52
LT-0000151,J-000008,30,LTH-02,EMP-046,2023-07-04 21:40:14.925285,2023-07-04 22:00:00.000000,run,terminal,0.33
LT-0000152,J-000009,10,EDM-01,EMP-069,2023-07-04 21:52:03.454105,2023-07-04 23:06:47.323868,run,terminal,1.25
LT-0000153,J-000010,30,VMC-04,EMP-018,2023-07-04 21:55:17.691032,2023-07-04 22:00:00.000000,run,terminal,0.08
LT-0000154,J-000007,30,VMC-01,EMP-007,2023-07-04 22:06:32.293588,2023-07-05 00:12:44.024236,run,terminal,2.1
LT-0000155,J-000014,20,SWS-03,EMP-063,2023-07-04 22:58:05.667018,2023-07-05 00:00:00.000000,run,terminal,1.03
LT-0000156,J-000014,20,SWS-03,EMP-063,2023-07-05 00:00:00.000000,2023-07-05 02:26:00.208941,run,terminal,2.43
LT-0000157,J-000012,20,SWS-01,EMP-062,2023-07-05 01:39:05.169157,2023-07-05 03:52:46.934495,run,terminal,2.23
LT-0000158,J-000014,20,SWS-03,EMP-063,2023-07-05 02:31:04.298657,2023-07-05 04:57:22.566321,run,terminal,2.44
LT-0000159,J-000012,20,SWS-01,EMP-062,2023-07-05 04:01:03.892663,2023-07-05 05:06:01.096421,run,terminal,1.08
LT-0000160,J-000014,20,SWS-03,EMP-063,2023-07-05 05:03:30.296876,2023-07-05 05:20:21.166645,run,terminal,0.28
LT-0000161,J-000012,20,SWS-01,EMP-062,2023-07-05 05:12:25.447706,2023-07-05 23:17:11.921159,run,terminal,18.08
LT-0000162,J-000020,10,SAW-01,EMP-078,2023-07-05 06:00:00.000000,2023-07-05 07:40:54.255506,run,terminal,1.68
LT-0000163,J-000017,20,VMC-03,EMP-003,2023-07-05 06:00:00.000000,2023-07-05 08:12:32.178431,run,terminal,2.21
LT-0000164,J-000001,30,HMC-01,EMP-031,2023-07-05 06:00:00.000000,2023-07-05 06:17:23.789126,run,terminal,0.29
LT-0000165,J-000007,40,DBR-01,EMP-090,2023-07-05 06:00:00.000000,2023-07-05 06:23:20.400000,run,terminal,0.39
LT-0000166,J-000015,20,VMC-01,EMP-002,2023-07-05 06:00:00.000000,2023-07-05 07:41:38.139312,run,terminal,1.69
LT-0000167,J-000004,20,VMC-02,EMP-001,2023-07-05 06:00:00.000000,2023-07-05 06:21:58.165307,run,terminal,0.37
LT-0000168,J-000002,20,LTH-01,EMP-048,2023-07-05 06:00:00.000000,2023-07-05 07:32:24.558252,run,terminal,1.54
LT-0000169,J-000010,30,VMC-04,EMP-018,2023-07-05 06:00:00.000000,2023-07-05 07:06:25.492560,run,terminal,1.11
LT-0000170,J-000013,20,LTH-03,EMP-048,2023-07-05 06:00:00.000000,2023-07-05 09:02:18.024708,run,terminal,3.04
LT-0000171,J-000027,10,SAW-01,EMP-074,2023-07-05 06:00:00.000000,2023-07-05 08:19:27.640181,run,terminal,2.32
LT-0000172,J-000011,10,SAW-01,EMP-076,2023-07-05 06:00:00.000000,2023-07-05 07:09:18.000000,run,terminal,1.16
LT-0000173,J-000008,30,LTH-02,EMP-046,2023-07-05 06:00:00.000000,2023-07-05 06:38:55.597192,run,terminal,0.65
LT-0000174,J-000006,40,INS-01,EMP-093,2023-07-05 06:00:00.000000,2023-07-05 06:49:37.200000,run,terminal,0.83
LT-0000175,J-000022,10,SAW-02,EMP-078,2023-07-05 06:00:00.000000,2023-07-05 06:23:48.314097,run,terminal,0.4
LT-0000176,J-000003,50,INS-01,EMP-092,2023-07-05 06:00:00.000000,2023-07-05 06:57:05.220169,run,terminal,0.95
LT-0000177,J-000014,20,SWS-03,EMP-063,2023-07-05 06:07:56.023746,2023-07-05 08:32:44.991756,run,terminal,2.41
LT-0000178,J-000005,40,DBR-01,EMP-087,2023-07-05 06:12:16.254277,2023-07-05 07:10:16.194170,run,terminal,0.97
LT-0000179,J-000006,40,INS-01,EMP-093,2023-07-05 06:57:39.287750,2023-07-05 07:58:26.935499,run,terminal,1.01
LT-0000180,J-000003,50,INS-01,EMP-092,2023-07-05 07:01:05.981814,2023-07-05 07:38:20.400000,run,terminal,0.62
LT-0000181,J-000010,30,VMC-04,EMP-018,2023-07-05 07:13:35.057209,2023-07-05 09:02:51.589689,run,terminal,1.82
LT-0000182,J-000005,40,DBR-01,EMP-087,2023-07-05 07:14:56.024214,2023-07-05 08:02:53.321995,run,terminal,0.8
LT-0000183,J-000019,10,SAW-01,EMP-076,2023-07-05 07:19:58.777550,2023-07-05 08:01:37.177550,run,terminal,0.69
LT-0000184,J-000009,20,DBR-01,EMP-089,2023-07-05 07:22:05.613673,2023-07-05 09:28:55.381505,run,terminal,2.11
LT-0000185,J-000002,20,LTH-01,EMP-048,2023-07-05 07:35:49.592403,2023-07-05 08:29:17.194077,run,terminal,0.89
LT-0000186,J-000015,20,VMC-01,EMP-002,2023-07-05 07:45:30.370869,2023-07-05 09:18:01.115314,run,terminal,1.54
LT-0000187,J-000017,20,VMC-03,EMP-003,2023-07-05 08:00:00.000000,2023-07-05 09:32:24.000000,run,terminal,1.54
LT-0000188,J-000010,30,VMC-04,EMP-018,2023-07-05 08:00:00.000000,2023-07-05 10:51:00.000000,run,terminal,2.85
LT-0000189,J-000018,10,SAW-01,EMP-076,2023-07-05 08:07:03.798869,2023-07-05 09:30:26.823999,run,terminal,1.39
LT-0000190,J-000005,40,DBR-01,EMP-087,2023-07-05 08:07:32.053831,2023-07-05 08:11:25.854277,run,terminal,0.06
LT-0000191,J-000017,20,VMC-03,EMP-003,2023-07-05 08:20:31.591088,2023-07-05 09:08:00.639310,run,terminal,0.79
LT-0000192,J-000016,40,INS-01,EMP-096,2023-07-05 08:21:57.625291,2023-07-05 09:38:33.295693,run,terminal,1.28
LT-0000193,J-000023,10,SAW-01,EMP-078,2023-07-05 08:23:35.805286,2023-07-05 09:28:42.141700,run,terminal,1.09
LT-0000194,J-000028,10,SAW-01,EMP-074,2023-07-05 08:27:30.103743,2023-07-05 09:19:15.600000,run,terminal,0.86
LT-0000195,J-000013,20,LTH-03,EMP-048,2023-07-05 08:27:44.534753,2023-07-05 09:26:16.800000,run,terminal,0.98
LT-0000196,J-000002,20,LTH-01,EMP-048,2023-07-05 08:37:04.103853,2023-07-05 10:00:36.000000,run,terminal,1.39
LT-0000197,J-000014,20,SWS-03,EMP-063,2023-07-05 08:38:07.742862,2023-07-05 09:28:41.001713,run,terminal,0.84
LT-0000198,J-000020,10,SAW-01,EMP-078,2023-07-05 08:38:54.547849,2023-07-05 09:09:51.929110,run,terminal,0.52
LT-0000199,J-000021,40,INS-01,EMP-096,2023-07-05 09:01:12.013933,2023-07-05 10:16:38.298347,run,terminal,1.26
LT-0000200,J-000017,20,VMC-03,EMP-003,2023-07-05 09:12:26.021990,2023-07-05 10:55:25.829559,run,terminal,1.72
