txn_id,job_id,material_spec,quantity,uom,unit_cost,issue_date,source
MT-000001,J-000001,AL 7075-T6 bar,59.277,lb,5.384,2023-07-02,saw
MT-000002,J-000008,SS 316 bar,91.365,lb,5.799,2023-07-02,saw
MT-000003,J-000008,SS 316 bar,102.66,lb,5.857,2023-07-02,saw
MT-000004,J-000004,AL 6061-T6 bar,82.941,lb,3.869,2023-07-02,saw
MT-000005,J-000005,AL 7075-T6 bar,1058.912,lb,5.579,2023-07-02,saw
MT-000006,J-000003,1018 steel bar,174.091,lb,1.56,2023-07-02,saw
MT-000007,J-000014,1018 steel bar,1607.743,lb,1.431,2023-07-02,saw
MT-000008,J-000006,SS 316 bar,30.147,lb,5.861,2023-07-02,saw
MT-000009,J-000016,SS 303 bar,30.906,lb,4.685,2023-07-02,saw
MT-000010,J-000001,AL 7075-T6 bar,23.882,lb,5.371,2023-07-02,saw
MT-000011,J-000001,AL 7075-T6 bar,114.067,lb,5.756,2023-07-02,saw
MT-000012,J-000017,AL 6061-T6 bar,79.305,lb,3.933,2023-07-03,saw
MT-000013,J-000021,Inconel 718 bar,4.765,lb,36.08,2023-07-03,saw
MT-000014,J-000012,Brass 360 bar,12.318,lb,6.486,2023-07-03,backflush
MT-000015,J-000026,4140 steel bar,503.359,lb,1.691,2023-07-03,saw
MT-000016,J-000009,Delrin rod,11.979,lb,3.218,2023-07-03,saw
MT-000017,J-000022,AL 6061 plate,214.354,lb,3.849,2023-07-03,stockroom
MT-000018,J-000007,AL 6061 plate,12.14,lb,3.886,2023-07-03,stockroom
MT-000019,J-000007,AL 6061 plate,17.389,lb,3.989,2023-07-03,stockroom
MT-000020,J-000014,1018 steel bar,1158.917,lb,1.53,2023-07-03,saw
MT-000021,J-000013,SS 316 bar,12.261,lb,5.685,2023-07-03,saw
MT-000022,J-000016,SS 303 bar,20.204,lb,4.556,2023-07-03,saw
MT-000023,J-000003,1018 steel bar,305.0,lb,1.427,2023-07-03,saw
MT-000024,J-000004,AL 6061-T6 bar,70.33,lb,4.049,2023-07-03,saw
MT-000025,J-000004,AL 6061-T6 bar,21.69,lb,3.891,2023-07-03,saw
MT-000026,J-000003,1018 steel bar,144.322,lb,1.48,2023-07-04,saw
MT-000027,J-000012,Brass 360 bar,43.13,lb,6.84,2023-07-04,backflush
MT-000028,J-000025,SS 303 bar,80.592,lb,4.562,2023-07-04,backflush
MT-000029,J-000006,SS 316 bar,28.692,lb,5.717,2023-07-04,saw
MT-000030,J-000014,1018 steel bar,1076.811,lb,1.49,2023-07-04,saw
MT-000031,J-000014,1018 steel bar,1496.388,lb,1.478,2023-07-04,saw
MT-000032,J-000015,AL 7075-T6 bar,23.009,lb,5.322,2023-07-04,saw
MT-000033,J-000002,Brass 360 bar,107.238,lb,6.463,2023-07-04,saw
MT-000034,J-000016,SS 303 bar,64.552,lb,4.421,2023-07-04,saw
MT-000035,J-000001,AL 7075-T6 bar,15.481,lb,5.55,2023-07-04,saw
MT-000036,J-000018,4140 steel bar,47.453,lb,1.791,2023-07-04,saw
MT-000037,J-000024,SS 17-4PH bar,18.521,lb,7.398,2023-07-04,backflush
MT-000038,J-000005,AL 7075-T6 bar,734.624,lb,5.84,2023-07-04,saw
MT-000039,J-000019,1018 steel bar,44.694,lb,1.486,2023-07-04,saw
MT-000040,J-000023,SS 316 bar,103.358,lb,5.818,2023-07-04,saw
MT-000041,J-000021,Inconel 718 bar,1.936,lb,36.795,2023-07-04,saw
MT-000042,J-000023,SS 316 bar,202.757,lb,5.803,2023-07-04,saw
MT-000043,J-000011,1018 steel bar,229.025,lb,1.532,2023-07-04,saw
MT-000044,J-000010,4140 steel bar,376.501,lb,1.778,2023-07-04,saw
MT-000045,J-000022,AL 6061 plate,382.837,lb,3.736,2023-07-04,stockroom
MT-000046,J-000007,AL 6061 plate,28.866,lb,3.67,2023-07-04,stockroom
MT-000047,J-000028,1018 steel bar,8.206,lb,1.488,2023-07-04,saw
MT-000048,J-000007,AL 6061 plate,4.787,lb,3.743,2023-07-04,stockroom
MT-000049,J-000008,SS 316 bar,55.575,lb,5.734,2023-07-04,saw
MT-000050,J-000030,AL 6061 plate,1029.811,lb,3.699,2023-07-04,stockroom
MT-000051,J-000004,AL 6061-T6 bar,150.688,lb,3.929,2023-07-04,saw
MT-000052,J-000006,SS 316 bar,32.417,lb,5.983,2023-07-04,saw
MT-000053,J-000027,SS 316 tube,54.673,lb,7.116,2023-07-04,saw
MT-000054,J-000027,SS 316 tube,344.334,lb,7.049,2023-07-04,saw
MT-000055,J-000005,AL 7075-T6 bar,96.904,lb,5.507,2023-07-04,saw
MT-000056,J-000005,AL 7075-T6 bar,78.905,lb,5.55,2023-07-04,saw
MT-000057,J-000009,Delrin rod,72.915,lb,3.22,2023-07-04,saw
MT-000058,J-000020,AL 6061 plate,617.006,lb,3.752,2023-07-05,stockroom
MT-000059,J-000006,SS 316 bar,9.316,lb,5.705,2023-07-05,saw
MT-000060,J-000018,4140 steel bar,67.578,lb,1.694,2023-07-05,saw
MT-000061,J-000007,AL 6061 plate,306.661,lb,3.785,2023-07-05,stockroom
MT-000062,J-000018,4140 steel bar,305.158,lb,1.712,2023-07-05,saw
MT-000063,J-000031,4140 forging,14.0,ea,1.496,2023-07-05,stockroom
MT-000064,J-000028,1018 steel bar,4.111,lb,1.475,2023-07-05,saw
MT-000065,J-000017,AL 6061-T6 bar,78.416,lb,3.924,2023-07-05,saw
MT-000066,J-000017,AL 6061-T6 bar,270.387,lb,3.937,2023-07-05,saw
MT-000067,J-000005,AL 7075-T6 bar,195.857,lb,5.576,2023-07-05,saw
MT-000068,J-000024,SS 17-4PH bar,17.169,lb,7.543,2023-07-05,backflush
MT-000069,J-000016,SS 303 bar,23.58,lb,4.541,2023-07-05,saw
MT-000070,J-000006,SS 316 bar,5.185,lb,5.698,2023-07-05,saw
MT-000071,J-000034,AL 7075-T6 bar,30.461,lb,5.538,2023-07-05,saw
MT-000072,J-000015,AL 7075-T6 bar,2.0,lb,5.55,2023-07-05,saw
MT-000073,J-000010,4140 steel bar,369.472,lb,1.746,2023-07-05,saw
MT-000074,J-000009,Delrin rod,6.5,lb,3.161,2023-07-05,saw
MT-000075,J-000011,1018 steel bar,91.732,lb,1.479,2023-07-05,saw
MT-000076,J-000026,4140 steel bar,394.526,lb,1.692,2023-07-05,saw
MT-000077,J-000025,SS 303 bar,124.911,lb,4.566,2023-07-05,backflush
MT-000078,J-000012,Brass 360 bar,2.132,lb,6.56,2023-07-05,backflush
MT-000079,J-000022,AL 6061 plate,227.322,lb,3.597,2023-07-05,stockroom
MT-000080,J-000032,1018 steel bar,840.013,lb,1.485,2023-07-05,saw
MT-000081,J-000008,SS 316 bar,70.708,lb,6.066,2023-07-05,saw
MT-000082,J-000040,1018 steel bar,427.437,lb,1.46,2023-07-05,saw
MT-000083,J-000002,Brass 360 bar,78.524,lb,6.216,2023-07-05,saw
MT-000084,J-000015,AL 7075-T6 bar,43.511,lb,5.838,2023-07-05,saw
MT-000085,J-000013,SS 316 bar,33.012,lb,5.789,2023-07-05,saw
MT-000086,J-000024,SS 17-4PH bar,8.463,lb,7.327,2023-07-06,backflush
MT-000087,J-000030,AL 6061 plate,1321.365,lb,3.787,2023-07-06,stockroom
MT-000088,J-000023,SS 316 bar,82.662,lb,5.882,2023-07-06,saw
MT-000089,J-000028,1018 steel bar,10.091,lb,1.478,2023-07-06,saw
MT-000090,J-000026,4140 steel bar,263.444,lb,1.755,2023-07-06,saw
MT-000091,J-000039,4140 steel bar,543.323,lb,1.761,2023-07-06,saw
MT-000092,J-000024,SS 17-4PH bar,21.859,lb,7.502,2023-07-06,backflush
MT-000093,J-000022,AL 6061 plate,417.854,lb,3.89,2023-07-06,stockroom
MT-000094,J-000030,AL 6061 plate,187.743,lb,3.677,2023-07-06,stockroom
MT-000095,J-000036,SS 17-4PH bar,90.854,lb,7.732,2023-07-06,saw
MT-000096,J-000033,AL 6061-T6 bar,18.233,lb,3.987,2023-07-06,saw
MT-000097,J-000011,1018 steel bar,234.09,lb,1.467,2023-07-06,saw
MT-000098,J-000034,AL 7075-T6 bar,56.915,lb,5.383,2023-07-06,saw
MT-000099,J-000008,SS 316 bar,-17.76,lb,6.066,2023-07-06,stockroom
MT-000100,J-000001,AL 7075-T6 bar,41.289,lb,5.689,2023-07-06,saw
MT-000101,J-000034,AL 7075-T6 bar,16.352,lb,5.5,2023-07-06,saw
MT-000102,J-000032,1018 steel bar,2360.108,lb,1.382,2023-07-06,saw
MT-000103,J-000015,AL 7075-T6 bar,5.486,lb,5.685,2023-07-06,saw
MT-000104,J-000029,Ti 6Al-4V bar,233.268,lb,29.458,2023-07-06,saw
MT-000105,J-000018,4140 steel bar,44.314,lb,1.85,2023-07-06,saw
MT-000106,J-000019,1018 steel bar,70.137,lb,1.493,2023-07-06,saw
MT-000107,J-000031,4140 forging,10.0,ea,1.598,2023-07-06,stockroom
MT-000108,J-000001,AL 7075-T6 bar,9.177,lb,5.596,2023-07-06,saw
MT-000109,J-000052,Inconel 718 bar,4.011,lb,36.834,2023-07-06,saw
MT-000110,J-000006,SS 316 bar,-7.232,lb,5.698,2023-07-06,stockroom
MT-000111,J-000010,4140 steel bar,342.374,lb,1.741,2023-07-06,saw
MT-000112,J-000003,1018 steel bar,408.637,lb,1.48,2023-07-06,saw
MT-000113,J-000034,AL 7075-T6 bar,5.459,lb,5.55,2023-07-07,saw
MT-000114,J-000030,AL 6061 plate,338.244,lb,3.624,2023-07-07,stockroom
MT-000115,J-000036,SS 17-4PH bar,6.088,lb,7.684,2023-07-07,saw
MT-000116,J-000032,1018 steel bar,1141.436,lb,1.398,2023-07-07,saw
MT-000117,J-000031,4140 forging,7.0,ea,1.62,2023-07-07,stockroom
MT-000118,J-000038,4140 steel bar,74.11,lb,1.715,2023-07-07,saw
MT-000119,J-000036,SS 17-4PH bar,35.088,lb,7.387,2023-07-07,saw
MT-000120,J-000029,Ti 6Al-4V bar,1117.813,lb,29.584,2023-07-07,saw
MT-000121,J-000005,AL 7075-T6 bar,201.942,lb,5.459,2023-07-07,saw
MT-000122,J-000027,SS 316 tube,40.376,lb,7.09,2023-07-07,saw
MT-000123,J-000046,4140 steel bar,27.512,lb,1.788,2023-07-07,saw
MT-000124,J-000007,AL 6061 plate,27.764,lb,3.661,2023-07-07,stockroom
MT-000125,J-000044,AL 356 casting,10.0,ea,65.755,2023-07-07,stockroom
MT-000126,J-000012,Brass 360 bar,65.339,lb,6.874,2023-07-07,backflush
MT-000127,J-000029,Ti 6Al-4V bar,84.022,lb,29.877,2023-07-07,saw
MT-000128,J-000077,Brass 360 bar,162.883,lb,6.775,2023-07-07,saw
MT-000129,J-000035,1018 steel bar,86.197,lb,1.467,2023-07-07,saw
MT-000130,J-000013,SS 316 bar,27.933,lb,5.78,2023-07-07,saw
MT-000131,J-000020,AL 6061 plate,134.871,lb,3.725,2023-07-07,stockroom
MT-000132,J-000021,Inconel 718 bar,3.518,lb,37.609,2023-07-07,saw
MT-000133,J-000040,1018 steel bar,2847.194,lb,1.481,2023-07-07,saw
MT-000134,J-000023,SS 316 bar,61.846,lb,5.771,2023-07-07,saw
MT-000135,J-000039,4140 steel bar,610.586,lb,1.72,2023-07-07,saw
MT-000136,J-000041,AL 356 casting,25.0,ea,39.21,2023-07-07,stockroom
MT-000137,J-000040,1018 steel bar,1145.573,lb,1.487,2023-07-08,saw
MT-000138,J-000044,AL 356 casting,2.0,ea,38.304,2023-07-08,stockroom
MT-000139,J-000037,4140 steel bar,47.174,lb,1.717,2023-07-08,saw
MT-000140,J-000044,AL 356 casting,6.0,ea,64.868,2023-07-08,stockroom
MT-000141,J-000046,4140 steel bar,79.476,lb,1.652,2023-07-08,saw
MT-000142,J-000041,AL 356 casting,19.0,ea,39.154,2023-07-08,stockroom
MT-000143,J-000035,1018 steel bar,66.804,lb,1.5,2023-07-08,saw
MT-000144,J-000011,1018 steel bar,242.65,lb,1.476,2023-07-08,saw
MT-000145,J-000024,SS 17-4PH bar,-2.406,lb,7.502,2023-07-08,stockroom
MT-000146,J-000012,Brass 360 bar,59.36,lb,6.464,2023-07-08,backflush
MT-000147,J-000025,SS 303 bar,14.217,lb,4.682,2023-07-08,backflush
MT-000148,J-000026,4140 steel bar,194.931,lb,1.805,2023-07-08,saw
MT-000149,J-000035,1018 steel bar,101.952,lb,1.495,2023-07-08,saw
MT-000150,J-000022,AL 6061 plate,382.888,lb,3.589,2023-07-08,stockroom
MT-000151,J-000019,1018 steel bar,14.895,lb,1.55,2023-07-08,saw
MT-000152,J-000033,AL 6061-T6 bar,11.276,lb,3.895,2023-07-08,saw
MT-000153,J-000051,AL 6061-T6 bar,24.647,lb,4.123,2023-07-08,saw
MT-000154,J-000009,Delrin rod,68.456,lb,3.139,2023-07-08,saw
MT-000155,J-000030,AL 6061 plate,25.264,lb,3.738,2023-07-08,stockroom
MT-000156,J-000047,AL 7075-T6 bar,79.141,lb,5.57,2023-07-09,saw
MT-000157,J-000003,1018 steel bar,650.344,lb,1.489,2023-07-09,saw
MT-000158,J-000049,SS 304 bar,20.301,lb,4.4,2023-07-09,saw
MT-000159,J-000046,4140 steel bar,22.908,lb,1.685,2023-07-09,saw
MT-000160,J-000045,4140 steel bar,127.161,lb,1.65,2023-07-09,saw
MT-000161,J-000050,SS 303 bar,12.681,lb,4.486,2023-07-09,saw
MT-000162,J-000048,Ti 6Al-4V bar,25.123,lb,31.222,2023-07-09,saw
MT-000163,J-000035,1018 steel bar,72.931,lb,1.465,2023-07-09,saw
MT-000164,J-000044,AL 356 casting,49.0,ea,64.469,2023-07-09,stockroom
MT-000165,J-000053,SS 17-4PH bar,12.663,lb,7.428,2023-07-09,saw
MT-000166,J-000056,SS 316 bar,44.593,lb,5.777,2023-07-09,saw
MT-000167,J-000056,SS 316 bar,14.73,lb,5.658,2023-07-09,saw
MT-000168,J-000057,4140 steel bar,321.419,lb,1.787,2023-07-09,saw
MT-000169,J-000057,4140 steel bar,291.892,lb,1.669,2023-07-09,saw
MT-000170,J-000059,AL 7075-T6 bar,45.059,lb,5.579,2023-07-09,saw
MT-000171,J-000061,SS 17-4PH bar,40.778,lb,7.685,2023-07-09,saw
MT-000172,J-000062,AL 6061 plate,62.342,lb,3.824,2023-07-09,stockroom
MT-000173,J-000063,SS 17-4PH bar,2.505,lb,7.854,2023-07-09,backflush
MT-000174,J-000052,Inconel 718 bar,14.845,lb,36.4,2023-07-09,saw
MT-000175,J-000052,Inconel 718 bar,1.856,lb,36.363,2023-07-09,saw
MT-000176,J-000054,4140 steel bar,106.668,lb,1.721,2023-07-09,saw
MT-000177,J-000039,4140 steel bar,-120.184,lb,1.782,2023-07-09,stockroom
MT-000178,J-000042,Delrin rod,42.281,lb,3.24,2023-07-09,saw
MT-000179,J-000033,AL 6061-T6 bar,32.6,lb,4.087,2023-07-09,saw
MT-000180,J-000039,4140 steel bar,107.665,lb,1.782,2023-07-09,saw
MT-000181,J-000037,4140 steel bar,77.903,lb,1.685,2023-07-09,saw
MT-000182,J-000043,AL 6061 plate,609.865,lb,3.744,2023-07-09,stockroom
MT-000183,J-000038,4140 steel bar,6.669,lb,1.714,2023-07-09,saw
MT-000184,J-000033,AL 6061-T6 bar,7.243,lb,4.188,2023-07-09,saw
MT-000185,J-000038,4140 steel bar,101.12,lb,1.739,2023-07-10,saw
MT-000186,J-000057,4140 steel bar,602.987,lb,1.738,2023-07-10,saw
MT-000187,J-000055,SS 316 bar,59.026,lb,5.973,2023-07-10,saw
MT-000188,J-000058,SS 303 bar,5.388,lb,4.601,2023-07-10,saw
MT-000189,J-000037,4140 steel bar,63.42,lb,1.776,2023-07-10,saw
MT-000190,J-000059,AL 7075-T6 bar,37.672,lb,5.386,2023-07-10,saw
MT-000191,J-000060,SS 17-4PH bar,30.206,lb,7.744,2023-07-10,saw
MT-000192,J-000054,4140 steel bar,185.698,lb,1.779,2023-07-10,saw
MT-000193,J-000054,4140 steel bar,301.617,lb,1.765,2023-07-10,saw
MT-000194,J-000043,AL 6061 plate,357.4,lb,3.858,2023-07-10,stockroom
MT-000195,J-000062,AL 6061 plate,17.634,lb,3.786,2023-07-10,stockroom
MT-000196,J-000063,SS 17-4PH bar,1.639,lb,7.582,2023-07-10,backflush
MT-000197,J-000064,SS 304 bar,16.724,lb,4.324,2023-07-10,saw
MT-000198,J-000078,SS 316 bar,5.991,lb,6.206,2023-07-10,saw
MT-000199,J-000078,SS 316 bar,18.084,lb,5.666,2023-07-10,saw
MT-000200,J-000065,4140 steel bar,1046.335,lb,1.746,2023-07-10,saw
