po_id,line,vendor_id,service_type,job_id,gl_account,description,quantity,unit_price,order_date,receipt_date,invoice_amount
PO-000001,1,VEND-009,plating,,5240-OUTSIDE,"plating P-11073 rev A, 19 pcs",19,19.011,2023-07-06,2023-07-20,361.2
PO-000002,1,VEND-008,grind,J-000003,5240-OUTSIDE,"grind P-10741 rev C, 213 pcs",213,10.031,2023-07-05,2023-07-09,2136.6
PO-000003,1,VEND-006,heat treat,,5240-OUTSIDE,"heat treat per quote, 89 pcs",89,3.387,2023-07-04,2023-07-19,347.21
PO-000004,1,VEND-005,passivate,,5240-OUTSIDE,"passivate per quote, 116 pcs",116,0.725,2023-07-04,2023-07-08,84.15
PO-000005,1,VEND-001,anodize,J-000006,5240-OUTSIDE,"anodize P-10625 rev A, 27 pcs",27,16.53,2023-07-04,2023-07-13,446.3
PO-000006,1,VEND-004,passivate,,5240-OUTSIDE,"passivate per quote, 68 pcs",68,4.04,2023-07-06,2023-07-14,274.75
PO-000007,1,VEND-004,passivate,,5240-OUTSIDE,"passivate P-10545 rev B, 30 pcs",30,1.841,2023-07-05,2023-07-15,55.24
PO-000008,1,VEND-005,passivate,,5240-OUTSIDE,"passivate per quote, 105 pcs",105,3.954,2023-07-06,2023-07-16,415.16
PO-000009,1,VEND-008,grind,,5240-OUTSIDE,"grind P-10185 rev A, 5 pcs",5,3.716,2023-07-04,2023-07-09,18.58
PO-000010,1,VEND-005,passivate,,5240-OUTSIDE,"passivate BC-111 rev B, 143 pcs",143,0.863,2023-07-06,2023-07-10,205.88
PO-000011,1,VEND-001,anodize,,5240-OUTSIDE,"anodize BC-111 rev B, 143 pcs",143,8.198,2023-07-08,2023-07-13,1252.48
PO-000012,1,VEND-005,passivate,,5240-OUTSIDE,"passivate P-11356 rev B, 219 pcs",219,2.352,2023-07-05,2023-07-19,515.03
PO-000013,1,VEND-009,plating,,5240-OUTSIDE,"plating per quote, 14 pcs",14,14.487,2023-07-05,2023-07-10,202.81
PO-000014,1,VEND-009,plating,,5240-OUTSIDE,"plating P-10425 rev D, 12 pcs",12,15.855,2023-07-05,2023-07-15,190.26
PO-000015,1,VEND-002,anodize,,5240-OUTSIDE,"anodize P-11256 rev A, 11 pcs",11,5.436,2023-07-07,2023-07-11,59.8
PO-000016,1,VEND-005,passivate,J-000020,5240-OUTSIDE,"passivate per quote, 137 pcs",137,1.449,2023-07-04,2023-07-11,198.49
PO-000017,1,VEND-008,grind,J-000022,5240-OUTSIDE,"grind P-11339 rev A, 80 pcs",80,8.698,2023-07-06,2023-07-20,737.07
PO-000018,1,VEND-008,grind,,5240-OUTSIDE,"grind per quote, 124 pcs",124,38.337,2023-07-06,2023-07-13,4753.84
PO-000019,1,VEND-009,plating,,5240-OUTSIDE,"plating P-11329 rev A, 59 pcs",59,8.192,2023-07-07,2023-07-21,483.34
PO-000020,1,VEND-002,anodize,,5240-OUTSIDE,"anodize P-11329 rev A, 59 pcs",59,3.061,2023-07-07,2023-07-20,268.43
PO-000021,1,VEND-001,anodize,,5240-OUTSIDE,"anodize BC-108 rev B, 353 pcs",353,4.377,2023-07-06,2023-07-21,1574.61
PO-000022,1,VEND-003,chem film,,5240-OUTSIDE,"chem film per quote, 35 pcs",35,5.917,2023-07-07,2023-07-18,207.1
PO-000023,1,VEND-003,chem film,,5240-OUTSIDE,"chem film per quote, 9 pcs",9,2.496,2023-07-07,2023-07-15,53.52
PO-000024,1,VEND-001,anodize,,5240-OUTSIDE,"anodize P-11560 rev C, 338 pcs",338,3.824,2023-08-04,2023-08-12,1292.47
PO-000025,1,VEND-011,NDT,J-000029,5240-OUTSIDE,"NDT P-11560 rev C, 338 pcs",338,6.642,2023-08-05,2023-08-17,2244.87
PO-000026,1,VEND-001,anodize,J-000030,5240-OUTSIDE,"anodize per quote, 169 pcs",169,3.681,2023-07-05,2023-07-18,707.95
PO-000027,1,VEND-002,anodize,J-000031,5240-OUTSIDE,"anodize per quote, 143 pcs",143,3.481,2023-07-08,2023-07-16,497.8
PO-000028,1,VEND-011,NDT,J-000031,5240-OUTSIDE,"NDT per quote, 143 pcs",143,4.403,2023-07-08,2023-07-12,629.68
PO-000029,1,VEND-001,anodize,,5240-OUTSIDE,"anodize P-10335 rev C, 13 pcs",13,3.425,2023-07-09,2023-07-16,69.65
PO-000030,1,VEND-002,anodize,,5240-OUTSIDE,"anodize per quote, 42 pcs",42,3.39,2023-07-09,2023-07-17,142.38
PO-000031,1,VEND-008,grind,,5240-OUTSIDE,"grind P-10793 rev A, 116 pcs",116,9.72,2023-07-07,2023-07-21,1127.55
PO-000032,1,VEND-008,grind,,5240-OUTSIDE,"grind per quote, 49 pcs",49,10.897,2023-07-07,2023-07-22,533.93
PO-000033,1,VEND-008,grind,J-000037,5240-OUTSIDE,"grind per quote, 33 pcs",33,11.22,2023-07-07,2023-07-13,422.48
PO-000034,1,VEND-007,heat treat,,5240-OUTSIDE,"heat treat per quote, 20 pcs",20,12.932,2023-07-08,2023-07-12,258.64
PO-000035,1,VEND-003,chem film,,5240-OUTSIDE,"chem film P-11471 rev A, 103 pcs",103,2.7,2023-07-08,2023-07-16,278.11
PO-000036,1,VEND-010,coating,J-000040,5240-OUTSIDE,"coating P-10600 rev A, 8 pcs",8,10.945,2023-07-06,2023-07-12,87.56
PO-000037,1,VEND-009,plating,,5240-OUTSIDE,"plating per quote, 8 pcs",8,14.736,2023-07-06,2023-07-10,117.89
PO-000038,1,VEND-001,anodize,,5240-OUTSIDE,"anodize per quote, 27 pcs",27,6.088,2023-07-11,2023-07-21,164.38
PO-000039,1,VEND-001,anodize,,5240-OUTSIDE,"anodize P-10137 rev C, 44 pcs",44,2.972,2023-07-11,2023-07-18,130.77
PO-000040,1,VEND-009,plating,,5240-OUTSIDE,"plating P-11213 rev B, 20 pcs",20,30.596,2023-07-08,2023-07-23,611.91
PO-000041,1,VEND-001,anodize,,5240-OUTSIDE,"anodize P-11213 rev B, 20 pcs",20,7.699,2023-07-09,2023-07-21,153.98
PO-000042,1,VEND-005,passivate,J-000044,5240-OUTSIDE,"passivate per quote, 17 pcs",17,3.503,2023-07-08,2023-07-19,59.56
PO-000043,1,VEND-005,passivate,,5240-OUTSIDE,"passivate P-11480 rev A, 17 pcs",17,0.987,2023-07-12,2023-07-22,16.77
PO-000044,1,VEND-004,passivate,,5240-OUTSIDE,"passivate P-11573 rev A, 122 pcs",122,2.055,2023-07-12,2023-07-21,250.68
PO-000045,1,VEND-001,anodize,,5240-OUTSIDE,"anodize P-10385 rev A, 38 pcs",38,11.961,2023-07-12,2023-07-25,454.51
PO-000046,1,VEND-009,plating,,5240-OUTSIDE,"plating per quote, 38 pcs",38,10.396,2023-07-11,2023-07-26,395.05
PO-000047,1,VEND-005,passivate,,5240-OUTSIDE,"passivate per quote, 464 pcs",464,3.208,2023-07-11,2023-07-19,1488.5
PO-000048,1,VEND-008,grind,,5240-OUTSIDE,"grind P-11588 rev C, 71 pcs",71,11.412,2023-07-10,2023-07-18,872.69
PO-000049,1,VEND-001,anodize,,5240-OUTSIDE,"anodize per quote, 119 pcs",119,3.006,2023-07-13,2023-07-19,357.68
PO-000050,1,VEND-011,NDT,,5240-OUTSIDE,"NDT per quote, 27 pcs",27,13.009,2023-07-14,2023-07-21,351.25
PO-000051,1,VEND-005,passivate,,5240-OUTSIDE,"passivate P-10014 rev A, 73 pcs",73,1.572,2023-07-12,2023-07-18,114.76
PO-000052,1,VEND-004,passivate,,5240-OUTSIDE,"passivate per quote, 53 pcs",53,1.341,2023-07-13,2023-07-24,99.87
PO-000053,1,VEND-007,heat treat,J-000054,5240-OUTSIDE,"heat treat P-10025 rev A, 112 pcs",112,6.423,2023-07-12,2023-07-16,719.38
PO-000054,1,VEND-005,passivate,,5240-OUTSIDE,"passivate P-10308 rev C, 42 pcs",42,1.675,2023-07-12,2023-07-27,70.36
PO-000055,1,VEND-005,passivate,,5240-OUTSIDE,"passivate P-11387 rev C, 220 pcs",220,1.981,2023-07-12,2023-07-27,435.73
PO-000056,1,VEND-007,heat treat,,5240-OUTSIDE,"heat treat P-11246 rev C, 97 pcs",97,11.506,2023-07-12,2023-07-18,1193.19
PO-000057,1,VEND-008,grind,,5240-OUTSIDE,"grind P-11246 rev C, 97 pcs",97,13.11,2023-07-13,2023-07-25,1308.92
PO-000058,1,VEND-009,plating,,5240-OUTSIDE,"plating P-10490 rev B, 104 pcs",104,8.226,2023-07-13,2023-07-26,855.5
PO-000059,1,VEND-003,chem film,,5240-OUTSIDE,"chem film P-11219 rev B, 34 pcs",34,5.71,2023-07-13,2023-07-20,194.13
PO-000060,1,VEND-008,grind,,5240-OUTSIDE,"grind P-11456 rev C, 48 pcs",48,42.527,2023-07-14,2023-07-29,2041.29
PO-000061,1,VEND-004,passivate,,5240-OUTSIDE,"passivate P-10458 rev C, 11 pcs",11,2.469,2023-07-12,2023-07-24,59.13
PO-000062,1,VEND-005,passivate,,5240-OUTSIDE,"passivate P-11168 rev A, 368 pcs",368,1.329,2023-07-12,2023-07-25,489.09
PO-000063,1,VEND-007,heat treat,,5240-OUTSIDE,"heat treat P-10370 rev B, 5 pcs",5,3.286,2023-07-13,2023-07-21,16.43
PO-000064,1,VEND-003,chem film,J-000064,5240-OUTSIDE,"chem film P-10149 rev A, 15 pcs",15,8.061,2023-07-14,2023-07-18,120.92
PO-000065,1,VEND-009,plating,,5240-OUTSIDE,"plating P-10689 rev A, 198 pcs",198,10.327,2023-07-30,2023-08-04,2044.7
PO-000066,1,VEND-010,coating,J-000066,5240-OUTSIDE,"coating P-10922 rev A, 25 pcs",25,12.435,2023-07-11,2023-07-22,371.91
PO-000067,1,VEND-009,plating,,5240-OUTSIDE,"plating P-10922 rev A, 25 pcs",25,22.151,2023-07-12,2023-07-16,580.35
PO-000068,1,VEND-010,coating,,5240-OUTSIDE,"coating P-10225 rev B, 131 pcs",131,21.023,2023-07-13,2023-07-26,2836.66
PO-000069,1,VEND-004,passivate,,5240-OUTSIDE,"passivate P-10219 rev C, 398 pcs",398,4.577,2023-07-13,2023-07-22,1903.72
PO-000070,1,VEND-006,heat treat,,5240-OUTSIDE,"heat treat per quote, 60 pcs",60,4.102,2023-07-13,2023-07-21,246.1
PO-000071,1,VEND-008,grind,,5240-OUTSIDE,"grind per quote, 72 pcs",72,12.702,2023-07-14,2023-07-27,914.57
PO-000072,1,VEND-006,heat treat,J-000070,5240-OUTSIDE,"heat treat P-11341 rev B, 72 pcs",72,4.614,2023-07-13,2023-07-22,397.4
PO-000073,1,VEND-006,heat treat,,5240-OUTSIDE,"heat treat per quote, 215 pcs",215,12.026,2023-07-22,2023-07-27,2585.51
PO-000074,1,VEND-008,grind,,5240-OUTSIDE,"grind per quote, 42 pcs",42,8.687,2023-07-14,2023-07-19,364.85
PO-000075,1,VEND-009,plating,,5240-OUTSIDE,"plating per quote, 36 pcs",36,31.171,2023-07-13,2023-07-23,1122.16
PO-000076,1,VEND-001,anodize,,5240-OUTSIDE,"anodize per quote, 36 pcs",36,7.977,2023-07-13,2023-07-19,287.18
PO-000077,1,VEND-011,NDT,J-000075,5240-OUTSIDE,"NDT P-11084 rev A, 30 pcs",30,11.859,2023-07-16,2023-07-30,355.77
PO-000078,1,VEND-008,grind,,5240-OUTSIDE,"grind per quote, 11 pcs",11,15.568,2023-07-13,2023-07-21,206.0
PO-000079,1,VEND-008,grind,,5240-OUTSIDE,"grind P-10953 rev C, 205 pcs",205,21.905,2023-07-13,2023-07-18,4490.6
PO-000080,1,VEND-007,heat treat,,5240-OUTSIDE,"heat treat P-10953 rev C, 205 pcs",205,10.373,2023-07-13,2023-07-18,2194.86
PO-000081,1,VEND-001,anodize,,5240-OUTSIDE,"anodize P-10579 rev A, 319 pcs",319,8.664,2023-07-19,2023-07-29,2797.34
PO-000082,1,VEND-009,plating,,5240-OUTSIDE,"plating P-10603 rev B, 9 pcs",9,18.679,2023-07-15,2023-07-27,168.11
PO-000083,1,VEND-007,heat treat,,5240-OUTSIDE,"heat treat P-10918 rev C, 269 pcs",269,19.714,2023-07-15,2023-07-23,5335.08
PO-000084,1,VEND-002,anodize,,5240-OUTSIDE,"anodize P-10876 rev A, 66 pcs",66,12.909,2023-07-14,2023-07-24,851.96
PO-000085,1,VEND-003,chem film,J-000082,5240-OUTSIDE,"chem film per quote, 188 pcs",188,2.882,2023-07-16,2023-07-31,541.85
PO-000086,1,VEND-001,anodize,,5240-OUTSIDE,"anodize P-11587 rev A, 8 pcs",8,5.6,2023-07-15,2023-07-25,44.8
PO-000087,1,VEND-001,anodize,J-000085,5240-OUTSIDE,"anodize P-10935 rev A, 191 pcs",191,5.083,2023-07-19,2023-08-03,970.81
PO-000088,1,VEND-011,NDT,,5240-OUTSIDE,"NDT P-11344 rev C, 21 pcs",21,6.398,2023-07-19,2023-07-29,165.32
PO-000089,1,VEND-001,anodize,J-000086,5240-OUTSIDE,"anodize P-11344 rev C, 21 pcs",21,2.46,2023-07-18,2023-07-28,51.66
PO-000090,1,VEND-002,anodize,J-000087,5240-OUTSIDE,"anodize P-11241 rev D, 7 pcs",7,11.733,2023-07-15,2023-07-19,82.13
PO-000091,1,VEND-008,grind,,5240-OUTSIDE,"grind P-11054 rev B, 352 pcs",352,10.679,2023-07-23,2023-08-07,3758.86
PO-000092,1,VEND-004,passivate,,5240-OUTSIDE,"passivate per quote, 173 pcs",173,1.298,2023-07-15,2023-07-27,224.61
PO-000093,1,VEND-004,passivate,,5240-OUTSIDE,"passivate per quote, 90 pcs",90,2.363,2023-07-14,2023-07-20,212.67
PO-000094,1,VEND-004,passivate,J-000091,5240-OUTSIDE,"passivate per quote, 32 pcs",32,0.746,2023-07-16,2023-07-28,61.62
PO-000095,1,VEND-005,passivate,J-000092,5240-OUTSIDE,"passivate P-10064 rev B, 64 pcs",64,1.455,2023-07-15,2023-07-26,129.69
PO-000096,1,VEND-008,grind,J-000093,5240-OUTSIDE,"grind P-11296 rev C, 77 pcs",77,18.862,2023-07-15,2023-07-26,1452.35
PO-000097,1,VEND-001,anodize,,5240-OUTSIDE,"anodize per quote, 141 pcs",141,5.542,2023-07-20,2023-07-26,781.42
PO-000098,1,VEND-004,passivate,,5240-OUTSIDE,"passivate per quote, 150 pcs",150,2.271,2023-07-18,2023-07-30,340.7
PO-000099,1,VEND-010,coating,,5240-OUTSIDE,"coating P-11244 rev A, 14 pcs",14,26.001,2023-07-18,2023-07-25,364.01
PO-000100,1,VEND-009,plating,,5240-OUTSIDE,"plating P-10582 rev C, 181 pcs",181,45.219,2023-07-20,2023-08-03,8184.63
PO-000101,1,VEND-005,passivate,,5240-OUTSIDE,"passivate P-10803 rev B, 3135 pcs",3135,0.756,2023-07-25,2023-08-02,2370.16
PO-000102,1,VEND-009,plating,,5240-OUTSIDE,"plating per quote, 11 pcs",11,16.226,2023-07-19,2023-07-26,178.48
PO-000103,1,VEND-004,passivate,,5240-OUTSIDE,"passivate P-11532 rev D, 199 pcs",199,1.023,2023-07-20,2023-07-31,253.85
PO-000104,1,VEND-002,anodize,,5240-OUTSIDE,"anodize P-10377 rev A, 51 pcs",51,10.644,2023-07-21,2023-07-25,542.83
PO-000105,1,VEND-008,grind,,5240-OUTSIDE,"grind P-11166 rev C, 188 pcs",188,14.593,2023-07-20,2023-08-04,2808.4
PO-000106,1,VEND-008,grind,,5240-OUTSIDE,"grind P-11434 rev A, 26 pcs",26,20.89,2023-07-19,2023-07-27,543.15
PO-000107,1,VEND-009,plating,,5240-OUTSIDE,"plating per quote, 19 pcs",19,34.113,2023-07-20,2023-08-01,648.15
PO-000108,1,VEND-006,heat treat,,5240-OUTSIDE,"heat treat P-10060 rev A, 23 pcs",23,9.931,2023-07-18,2023-07-29,228.42
PO-000109,1,VEND-008,grind,J-000106,5240-OUTSIDE,"grind P-10060 rev A, 23 pcs",23,13.882,2023-07-18,2023-07-22,319.29
PO-000110,1,VEND-005,passivate,J-000107,5240-OUTSIDE,"passivate P-11383 rev C, 33 pcs",33,3.859,2023-07-19,2023-07-28,216.43
PO-000111,1,VEND-006,heat treat,J-000108,5240-OUTSIDE,"heat treat per quote, 10 pcs",10,9.774,2023-07-18,2023-07-26,97.74
PO-000112,1,VEND-009,plating,,5240-OUTSIDE,"plating per quote, 110 pcs",110,19.021,2023-07-20,2023-07-24,2092.34
PO-000113,1,VEND-011,NDT,,5240-OUTSIDE,"NDT P-11308 rev B, 58 pcs",58,9.588,2023-07-19,2023-08-02,556.08
PO-000114,1,VEND-005,passivate,J-000111,5240-OUTSIDE,"passivate P-11318 rev C, 602 pcs",602,0.789,2023-07-19,2023-08-03,474.73
PO-000115,1,VEND-009,plating,,5240-OUTSIDE,"plating per quote, 213 pcs",213,7.749,2023-07-24,2023-08-08,1720.05
PO-000116,1,VEND-009,plating,,5240-OUTSIDE,"plating P-10728 rev C, 12 pcs",12,16.261,2023-07-20,2023-07-24,195.13
PO-000117,1,VEND-006,heat treat,,5240-OUTSIDE,"heat treat per quote, 77 pcs",77,12.589,2023-07-21,2023-08-02,969.35
PO-000118,1,VEND-008,grind,,5240-OUTSIDE,"grind P-11514 rev B, 6 pcs",6,11.476,2023-07-19,2023-08-03,68.85
PO-000119,1,VEND-007,heat treat,J-000117,5240-OUTSIDE,"heat treat N-30586 rev D, 192 pcs",192,9.615,2023-07-22,2023-08-05,1846.16
PO-000120,1,VEND-005,passivate,,5240-OUTSIDE,"passivate BC-104 rev A, 260 pcs",260,1.39,2023-07-21,2023-08-02,361.48
PO-000121,1,VEND-002,anodize,,5240-OUTSIDE,"anodize P-10372 rev B, 64 pcs",64,12.022,2023-07-21,2023-07-31,822.22
PO-000122,1,VEND-006,heat treat,J-000120,5240-OUTSIDE,"heat treat P-10363 rev A, 49 pcs",49,4.407,2023-07-21,2023-07-26,215.95
PO-000123,1,VEND-010,coating,J-000121,5240-OUTSIDE,"coating per quote, 8 pcs",8,16.438,2023-07-20,2023-07-29,131.5
PO-000124,1,VEND-002,anodize,J-000122,5240-OUTSIDE,"anodize BC-107 rev B, 248 pcs",248,4.353,2023-07-23,2023-07-27,1079.66
PO-000125,1,VEND-004,passivate,J-000123,5240-OUTSIDE,"passivate P-10545 rev B, 21 pcs",21,1.701,2023-07-21,2023-08-05,85.26
PO-000126,1,VEND-009,plating,,5240-OUTSIDE,"plating P-10217 rev A, 16 pcs",16,40.301,2023-07-22,2023-07-28,644.82
PO-000127,1,VEND-011,NDT,,5240-OUTSIDE,"NDT P-10981 rev D, 16 pcs",16,6.171,2023-07-21,2023-08-05,182.06
PO-000128,1,VEND-002,anodize,,5240-OUTSIDE,"anodize P-10981 rev D, 16 pcs",16,4.341,2023-07-22,2023-07-27,69.46
PO-000129,1,VEND-004,passivate,J-000126,5240-OUTSIDE,"passivate per quote, 429 pcs",429,0.762,2023-07-25,2023-08-01,376.59
PO-000130,1,VEND-005,passivate,,5240-OUTSIDE,"passivate P-10930 rev B, 58 pcs",58,4.622,2023-07-21,2023-07-29,268.09
PO-000131,1,VEND-001,anodize,,5240-OUTSIDE,"anodize P-11134 rev B, 184 pcs",184,10.273,2023-07-26,2023-07-31,1950.51
PO-000132,1,VEND-001,anodize,,5240-OUTSIDE,"anodize P-11043 rev B, 496 pcs",496,4.511,2023-07-27,2023-08-04,2237.42
PO-000133,1,VEND-002,anodize,,5240-OUTSIDE,"anodize P-10605 rev C, 16 pcs",16,3.917,2023-07-22,2023-07-28,62.68
PO-000134,1,VEND-003,chem film,,5240-OUTSIDE,"chem film P-10605 rev C, 16 pcs",16,2.97,2023-07-22,2023-07-30,47.51
PO-000135,1,VEND-004,passivate,,5240-OUTSIDE,"passivate per quote, 301 pcs",301,2.918,2023-07-24,2023-08-08,955.74
PO-000136,1,VEND-002,anodize,,5240-OUTSIDE,"anodize BC-101 rev A, 246 pcs",246,11.219,2023-07-26,2023-08-02,2759.94
PO-000137,1,VEND-005,passivate,,5240-OUTSIDE,"passivate P-11174 rev B, 258 pcs",258,0.709,2023-07-21,2023-07-25,182.95
PO-000138,1,VEND-004,passivate,J-000135,5240-OUTSIDE,"passivate P-10545 rev B, 27 pcs",27,1.712,2023-07-23,2023-07-28,46.22
PO-000139,1,VEND-010,coating,,5240-OUTSIDE,"coating P-10933 rev D, 1643 pcs",1643,38.633,2023-09-22,2023-10-01,63473.21
PO-000140,1,VEND-004,passivate,J-000137,5240-OUTSIDE,"passivate P-10058 rev A, 32 pcs",32,1.262,2023-07-22,2023-07-27,110.78
PO-000141,1,VEND-005,passivate,,5240-OUTSIDE,"passivate per quote, 32 pcs",32,1.715,2023-07-21,2023-08-01,98.6
PO-000142,1,VEND-003,chem film,,5240-OUTSIDE,"chem film P-11522 rev B, 40 pcs",40,2.242,2023-07-23,2023-07-27,89.67
PO-000143,1,VEND-003,chem film,J-000140,5240-OUTSIDE,"chem film per quote, 15 pcs",15,2.347,2023-07-22,2023-07-26,35.21
PO-000144,1,VEND-002,anodize,,5240-OUTSIDE,"anodize N-30770 rev A, 15 pcs",15,5.043,2023-07-22,2023-08-06,75.65
PO-000145,1,VEND-009,plating,,5240-OUTSIDE,"plating P-10490 rev B, 63 pcs",63,9.1,2023-07-26,2023-08-02,573.29
PO-000146,1,VEND-005,passivate,,5240-OUTSIDE,"passivate per quote, 118 pcs",118,0.922,2023-07-25,2023-07-31,108.76
PO-000147,1,VEND-001,anodize,,5240-OUTSIDE,"anodize P-10193 rev C, 16 pcs",16,3.346,2023-07-26,2023-08-09,53.53
PO-000148,1,VEND-003,chem film,,5240-OUTSIDE,"chem film P-11530 rev A, 32 pcs",32,8.322,2023-07-24,2023-08-04,266.3
PO-000149,1,VEND-009,plating,,5240-OUTSIDE,"plating P-11251 rev A, 79 pcs",79,7.153,2023-07-28,2023-08-07,565.07
PO-000150,1,VEND-010,coating,,5240-OUTSIDE,"coating P-11509 rev A, 54 pcs",54,18.315,2023-07-23,2023-08-02,989.01
PO-000151,1,VEND-001,anodize,,5240-OUTSIDE,"anodize per quote, 20 pcs",20,7.086,2023-07-26,2023-08-01,141.73
PO-000152,1,VEND-003,chem film,,5240-OUTSIDE,"chem film N-30005 rev B, 20 pcs",20,4.259,2023-07-25,2023-08-04,85.18
PO-000153,1,VEND-003,chem film,,5240-OUTSIDE,"chem film per quote, 29 pcs",29,6.064,2023-07-27,2023-08-09,175.84
PO-000154,1,VEND-002,anodize,,5240-OUTSIDE,"anodize P-10682 rev B, 24 pcs",24,5.315,2023-07-28,2023-08-08,127.56
PO-000155,1,VEND-011,NDT,,5240-OUTSIDE,"NDT P-11398 rev D, 15 pcs",15,7.067,2023-07-26,2023-08-09,141.39
PO-000156,1,VEND-003,chem film,,5240-OUTSIDE,"chem film per quote, 168 pcs",168,1.825,2023-07-27,2023-08-06,306.56
PO-000157,1,VEND-003,chem film,,5240-OUTSIDE,"chem film P-11462 rev B, 25 pcs",25,5.186,2023-07-26,2023-07-31,129.66
PO-000158,1,VEND-009,plating,J-000155,5240-OUTSIDE,"plating P-11133 rev B, 9 pcs",9,6.566,2023-07-26,2023-08-01,59.1
PO-000159,1,VEND-008,grind,J-000156,5240-OUTSIDE,"grind P-10811 rev B, 68 pcs",68,9.984,2023-07-27,2023-08-05,678.89
PO-000160,1,VEND-001,anodize,,5240-OUTSIDE,"anodize P-10576 rev C, 72 pcs",72,3.362,2023-07-31,2023-08-13,326.64
PO-000161,1,VEND-009,plating,,5240-OUTSIDE,"plating per quote, 15 pcs",15,32.715,2023-07-26,2023-08-04,521.49
PO-000162,1,VEND-009,plating,,5240-OUTSIDE,"plating P-10779 rev A, 18 pcs",18,9.346,2023-07-26,2023-07-31,168.22
PO-000163,1,VEND-008,grind,J-000160,5240-OUTSIDE,"grind P-10216 rev A, 158 pcs",158,5.599,2023-07-29,2023-08-02,884.66
PO-000164,1,VEND-008,grind,,5240-OUTSIDE,"grind P-10784 rev B, 61 pcs",61,11.872,2023-07-24,2023-07-31,724.22
PO-000165,1,VEND-005,passivate,J-000162,5240-OUTSIDE,"passivate N-30135 rev A, 100 pcs",100,0.845,2023-07-29,2023-08-12,84.49
PO-000166,1,VEND-001,anodize,J-000163,5240-OUTSIDE,"anodize per quote, 83 pcs",83,8.852,2023-07-28,2023-08-12,734.74
PO-000167,1,VEND-005,passivate,J-000165,5240-OUTSIDE,"passivate per quote, 314 pcs",314,3.482,2023-07-28,2023-08-06,1093.42
PO-000168,1,VEND-005,passivate,,5240-OUTSIDE,"passivate per quote, 312 pcs",312,0.861,2023-07-29,2023-08-10,308.22
PO-000169,1,VEND-001,anodize,,5240-OUTSIDE,"anodize per quote, 312 pcs",312,8.081,2023-07-29,2023-08-05,2548.32
PO-000170,1,VEND-006,heat treat,,5240-OUTSIDE,"heat treat per quote, 71 pcs",71,4.562,2023-07-28,2023-08-03,323.91
PO-000171,1,VEND-008,grind,,5240-OUTSIDE,"grind P-10326 rev C, 128 pcs",128,8.536,2023-07-27,2023-08-08,1092.57
PO-000172,1,VEND-001,anodize,,5240-OUTSIDE,"anodize P-10734 rev A, 47 pcs",47,4.833,2023-07-27,2023-08-10,227.16
PO-000173,1,VEND-011,NDT,J-000170,5240-OUTSIDE,"NDT P-10125 rev C, 20 pcs",20,4.936,2023-07-29,2023-08-06,157.5
PO-000174,1,VEND-008,grind,,5240-OUTSIDE,"grind P-11494 rev C, 102 pcs",102,9.432,2023-08-01,2023-08-14,962.02
PO-000175,1,VEND-011,NDT,J-000172,5240-OUTSIDE,"NDT P-11552 rev C, 37 pcs",37,5.901,2023-08-01,2023-08-15,218.34
PO-000176,1,VEND-001,anodize,,5240-OUTSIDE,"anodize P-11552 rev C, 37 pcs",37,2.112,2023-08-01,2023-08-06,78.13
PO-000177,1,VEND-002,anodize,,5240-OUTSIDE,"anodize P-10087 rev A, 30 pcs",30,4.86,2023-08-01,2023-08-09,145.8
PO-000178,1,VEND-005,passivate,J-000174,5240-OUTSIDE,"passivate P-10618 rev A, 962 pcs",962,0.868,2023-07-26,2023-08-05,897.27
PO-000179,1,VEND-006,heat treat,,5240-OUTSIDE,"heat treat P-11574 rev A, 45 pcs",45,20.533,2023-07-27,2023-08-08,998.72
PO-000180,1,VEND-008,grind,,5240-OUTSIDE,"grind per quote, 550 pcs",550,11.605,2023-07-30,2023-08-10,6382.54
PO-000181,1,VEND-004,passivate,,5240-OUTSIDE,"passivate P-11139 rev C, 125 pcs",125,1.138,2023-07-26,2023-08-04,142.19
PO-000182,1,VEND-005,passivate,,5240-OUTSIDE,"passivate P-11332 rev D, 64 pcs",64,0.481,2023-07-26,2023-08-06,30.79
PO-000183,1,VEND-004,passivate,,5240-OUTSIDE,"passivate P-10293 rev B, 518 pcs",518,0.704,2023-07-26,2023-08-01,364.64
PO-000184,1,VEND-005,passivate,,5240-OUTSIDE,"passivate P-11146 rev B, 130 pcs",130,1.138,2023-07-27,2023-08-10,223.31
PO-000185,1,VEND-005,passivate,,5240-OUTSIDE,"passivate per quote, 241 pcs",241,0.711,2023-07-27,2023-08-09,171.31
PO-000186,1,VEND-006,heat treat,,5240-OUTSIDE,"heat treat P-10966 rev B, 240 pcs",240,13.042,2023-07-28,2023-08-04,3130.09
PO-000187,1,VEND-008,grind,,5240-OUTSIDE,"grind P-11216 rev A, 25 pcs",25,5.371,2023-07-29,2023-08-09,134.28
PO-000188,1,VEND-004,passivate,,5240-OUTSIDE,"passivate P-10443 rev A, 567 pcs",567,0.489,2023-07-29,2023-08-03,277.06
PO-000189,1,VEND-003,chem film,,5240-OUTSIDE,"chem film per quote, 33 pcs",33,2.21,2023-07-27,2023-08-11,72.93
PO-000190,1,VEND-005,passivate,,5240-OUTSIDE,"passivate P-10056 rev A, 164 pcs",164,1.825,2023-07-27,2023-08-09,299.27
PO-000191,1,VEND-007,heat treat,J-000190,5240-OUTSIDE,"heat treat per quote, 6 pcs",6,10.941,2023-07-26,2023-07-31,65.64
PO-000192,1,VEND-008,grind,,5240-OUTSIDE,"grind P-11359 rev A, 6 pcs",6,30.809,2023-07-27,2023-08-03,263.75
PO-000193,1,VEND-009,plating,,5240-OUTSIDE,"plating per quote, 92 pcs",92,25.195,2023-07-29,2023-08-11,2317.98
PO-000194,1,VEND-009,plating,,5240-OUTSIDE,"plating P-10301 rev C, 9 pcs",9,16.507,2023-07-26,2023-08-10,188.89
PO-000195,1,VEND-004,passivate,,5240-OUTSIDE,"passivate N-30659 rev B, 73 pcs",73,0.613,2023-07-29,2023-08-13,44.77
PO-000196,1,VEND-008,grind,,5240-OUTSIDE,"grind per quote, 259 pcs",259,31.524,2023-08-03,2023-08-14,8164.63
PO-000197,1,VEND-009,plating,J-000195,5240-OUTSIDE,"plating P-11428 rev C, 62 pcs",62,9.88,2023-07-29,2023-08-09,649.18
PO-000198,1,VEND-006,heat treat,,5240-OUTSIDE,"heat treat per quote, 20 pcs",20,12.267,2023-08-03,2023-08-09,245.33
PO-000199,1,VEND-009,plating,,5240-OUTSIDE,"plating P-10603 rev B, 9 pcs",9,18.754,2023-07-29,2023-08-07,168.78
PO-000200,1,VEND-005,passivate,,5240-OUTSIDE,"passivate P-10569 rev C, 1108 pcs",1108,0.886,2023-07-29,2023-08-11,981.46
