part_number,revision,description,material_spec,stock_form,part_family,customer_id,status,first_quote_date,standing_price,standing_price_date,own_product_flag,standard_cost,list_price
P-10000,C,Stainless fitting 0000,SS 304 bar,bar,Stainless fittings,CUST-002,active,2021-06-03,84.79,2026-02-01,False,,
P-10001,A,Aluminum housing 0001,AL 7075-T6 bar,bar,Aluminum housings,CUST-009,active,2021-07-18,158.31,2026-02-01,False,,
P-10002,A,Stainless fitting 0002,SS 316 bar,bar,Stainless fittings,CUST-007,active,2025-08-02,153.65,2026-02-01,False,,
P-10003,A,Fixtures and tooling 0003,4140 steel bar,bar,Fixtures and tooling,CUST-001,active,2025-08-12,170.82,2026-02-01,False,,
P-10004,C,Aerospace bracket 0004,Ti 6Al-4V bar,bar,Aerospace brackets,CUST-001,active,2023-01-01,317.31,2026-02-01,False,,
P-10005,A,Turbine component 0005,SS 17-4PH bar,bar,Turbine components,CUST-016,active,2024-09-05,643.13,2026-02-01,False,,
P-10006,C,Precision EDM part 0006,4140 forging,forging,Precision EDM parts,CUST-029,active,2023-11-23,160.97,2026-02-01,False,,
P-10007,B,Aluminum housing 0007,AL 6061-T6 bar,bar,Aluminum housings,CUST-004,active,2025-01-18,136.44,2026-02-01,False,,
P-10008,B,Hydraulic manifold 0008,AL 6061 plate,plate,Hydraulic manifolds,CUST-002,active,2022-07-17,226.48,2026-02-01,False,,
P-10009,A,Fixtures and tooling 0009,1018 steel bar,bar,Fixtures and tooling,CUST-016,active,2025-08-21,353.05,2026-02-01,False,,
P-10010,D,Aerospace bracket 0010,Ti 6Al-4V bar,bar,Aerospace brackets,CUST-004,active,2024-03-27,351.29,2026-02-01,False,,
P-10011,A,Aluminum housing 0011,AL 6061 plate,plate,Aluminum housings,CUST-032,active,2024-08-06,136.78,2026-02-01,False,,
P-10012,A,Swiss turned component 0012,SS 17-4PH bar,bar,Swiss turned components,CUST-020,active,2024-03-15,11.36,2026-02-01,False,,
P-10013,B,Turbine component 0013,Inconel 718 bar,bar,Turbine components,CUST-002,active,2025-01-31,391.82,2026-02-01,False,,
P-10014,B,Aluminum housing 0014,AL 6061-T6 bar,bar,Aluminum housings,CUST-027,active,2022-06-02,133.82,2026-02-01,False,,
P-10015,A,Stainless fitting 0015,SS 303 bar,bar,Stainless fittings,CUST-008,active,2025-05-21,124.29,2026-02-01,False,,
P-10016,B,Swiss turned component 0016,SS 17-4PH bar,bar,Swiss turned components,CUST-026,active,2023-12-08,15.07,2026-02-01,False,,
P-10017,A,Aluminum housing 0017,AL 6061-T6 bar,bar,Aluminum housings,CUST-013,active,2022-01-11,62.38,2026-02-01,False,,
P-10018,C,Precision EDM part 0018,Delrin rod,rod,Precision EDM parts,CUST-001,active,2024-01-29,145.35,2026-02-01,False,,
P-10019,C,Hydraulic manifold 0019,AL 356 casting,casting,Hydraulic manifolds,CUST-001,active,2023-09-09,349.89,2026-02-01,False,,
P-10020,D,Hydraulic manifold 0020,AL 356 casting,casting,Hydraulic manifolds,CUST-004,active,2024-01-13,271.09,2026-02-01,False,,
P-10021,A,Steel shafts and pin 0021,4140 steel bar,bar,Steel shafts and pins,CUST-001,active,2024-06-28,61.04,2026-02-01,False,,
P-10022,A,Aerospace bracket 0022,Ti 6Al-4V bar,bar,Aerospace brackets,CUST-002,active,2023-12-25,442.86,2026-02-01,False,,
P-10023,B,Weldments and assemblie 0023,SS 304 bar,bar,Weldments and assemblies,CUST-001,active,2024-04-18,230.76,2026-02-01,False,,
P-10024,B,Hydraulic manifold 0024,AL 6061 plate,plate,Hydraulic manifolds,CUST-025,active,2022-08-15,264.62,2026-02-01,False,,
P-10025,C,Stainless fitting 0025,SS 316 bar,bar,Stainless fittings,CUST-019,active,2024-04-18,125.9,2026-02-01,False,,
P-10026,D,Hydraulic manifold 0026,4140 steel bar,bar,Hydraulic manifolds,CUST-054,active,2022-07-29,233.3,2026-02-01,False,,
P-10027,B,Aluminum housing 0027,AL 6061 plate,plate,Aluminum housings,CUST-001,active,2025-04-04,151.66,2026-02-01,False,,
P-10028,A,Aerospace bracket 0028,Ti 6Al-4V bar,bar,Aerospace brackets,CUST-043,active,2025-02-17,314.72,2026-02-01,False,,
P-10029,A,Swiss turned component 0029,Brass 360 bar,bar,Swiss turned components,CUST-036,active,2025-06-26,9.05,2026-02-01,False,,
P-10030,A,Precision EDM part 0030,Delrin rod,rod,Precision EDM parts,CUST-004,active,2025-08-29,121.56,2026-02-01,False,,
P-10031,B,Weldments and assemblie 0031,1018 steel bar,bar,Weldments and assemblies,CUST-001,active,2022-07-31,111.63,2026-02-01,False,,
P-10032,B,Aluminum housing 0032,AL 7075-T6 bar,bar,Aluminum housings,CUST-001,active,2021-07-25,110.79,2026-02-01,False,,
P-10033,B,Aluminum housing 0033,AL 6061-T6 bar,bar,Aluminum housings,CUST-006,active,2025-02-23,166.93,2026-02-01,False,,
P-10034,B,Stainless fitting 0034,SS 316 bar,bar,Stainless fittings,CUST-045,active,2025-02-01,123.19,2026-02-01,False,,
P-10035,C,Swiss turned component 0035,SS 303 bar,bar,Swiss turned components,CUST-003,active,2024-03-28,13.25,2026-02-01,False,,
P-10036,B,Aluminum housing 0036,AL 6061 plate,plate,Aluminum housings,CUST-001,active,2025-03-08,105.85,2026-02-01,False,,
P-10037,B,Aluminum housing 0037,AL 7075-T6 bar,bar,Aluminum housings,CUST-006,active,2021-07-07,211.48,2026-02-01,False,,
P-10038,A,Swiss turned component 0038,Brass 360 bar,bar,Swiss turned components,CUST-056,active,2022-01-06,25.48,2026-02-01,False,,
P-10039,B,Aluminum housing 0039,AL 7075-T6 bar,bar,Aluminum housings,CUST-013,active,2025-03-11,95.96,2026-02-01,False,,
P-10040,A,Stainless fitting 0040,SS 316 bar,bar,Stainless fittings,CUST-006,active,2024-02-29,30.87,2026-02-01,False,,
P-10041,D,Steel shafts and pin 0041,4140 steel bar,bar,Steel shafts and pins,CUST-019,active,2023-04-02,67.34,2026-02-01,False,,
P-10042,B,Steel shafts and pin 0042,4140 steel bar,bar,Steel shafts and pins,CUST-007,active,2023-05-17,55.91,2026-02-01,False,,
P-10043,A,Weldments and assemblie 0043,SS 304 bar,bar,Weldments and assemblies,CUST-011,active,2024-06-28,279.39,2026-02-01,False,,
P-10044,B,Aerospace bracket 0044,AL 7075-T6 bar,bar,Aerospace brackets,CUST-045,active,2025-01-31,290.87,2026-02-01,False,,
P-10045,A,Turbine component 0045,Inconel 718 bar,bar,Turbine components,CUST-026,active,2023-08-30,284.71,2026-02-01,False,,
P-10046,A,Aluminum housing 0046,AL 6061 plate,plate,Aluminum housings,CUST-001,active,2023-02-21,150.37,2026-02-01,False,,
P-10047,C,Stainless fitting 0047,SS 303 bar,bar,Stainless fittings,CUST-002,active,2024-12-05,79.68,2026-02-01,False,,
P-10048,B,Steel shafts and pin 0048,1018 steel bar,bar,Steel shafts and pins,CUST-001,active,2025-06-11,66.96,2026-02-01,False,,
P-10049,A,Swiss turned component 0049,SS 17-4PH bar,bar,Swiss turned components,CUST-019,active,2023-03-16,21.86,2026-02-01,False,,
P-10050,C,Steel shafts and pin 0050,4140 steel bar,bar,Steel shafts and pins,CUST-002,active,2023-04-15,54.67,2026-02-01,False,,
P-10051,C,Weldments and assemblie 0051,1018 steel bar,bar,Weldments and assemblies,CUST-057,active,2025-06-18,198.09,2026-02-01,False,,
P-10052,A,Weldments and assemblie 0052,1018 steel bar,bar,Weldments and assemblies,CUST-006,active,2023-07-25,144.74,2026-02-01,False,,
P-10053,B,Stainless fitting 0053,SS 316 bar,bar,Stainless fittings,CUST-001,active,2022-05-26,90.43,2026-02-01,False,,
P-10054,A,Weldments and assemblie 0054,1018 steel bar,bar,Weldments and assemblies,CUST-001,active,2023-10-14,140.16,2026-02-01,False,,
P-10055,A,Weldments and assemblie 0055,SS 304 bar,bar,Weldments and assemblies,CUST-001,active,2024-06-19,223.56,2026-02-01,False,,
P-10056,A,Hydraulic manifold 0056,4140 steel bar,bar,Hydraulic manifolds,CUST-001,active,2022-01-19,133.2,2026-02-01,False,,
P-10057,A,Weldments and assemblie 0057,SS 316 tube,tube,Weldments and assemblies,CUST-001,active,2022-10-30,239.85,2026-02-01,False,,
P-10058,C,Weldments and assemblie 0058,SS 316 tube,tube,Weldments and assemblies,CUST-001,active,2022-06-25,247.67,2026-02-01,False,,
P-10059,A,Aerospace bracket 0059,AL 7075-T6 bar,bar,Aerospace brackets,CUST-021,active,2025-07-18,177.77,2026-02-01,False,,
P-10060,C,Precision EDM part 0060,4140 forging,forging,Precision EDM parts,CUST-009,active,2022-01-24,360.38,2026-02-01,False,,
P-10061,A,Steel shafts and pin 0061,1018 steel bar,bar,Steel shafts and pins,CUST-010,active,2025-03-08,37.13,2026-02-01,False,,
P-10062,B,Aluminum housing 0062,AL 7075-T6 bar,bar,Aluminum housings,CUST-001,active,2022-03-17,108.96,2026-02-01,False,,
P-10063,B,Steel shafts and pin 0063,4140 steel bar,bar,Steel shafts and pins,CUST-005,active,2022-08-14,71.92,2026-02-01,False,,
P-10064,A,Hydraulic manifold 0064,AL 356 casting,casting,Hydraulic manifolds,CUST-002,active,2025-07-09,261.03,2026-02-01,False,,
P-10065,A,Stainless fitting 0065,SS 303 bar,bar,Stainless fittings,CUST-009,active,2024-09-25,72.43,2026-02-01,False,,
P-10066,B,Hydraulic manifold 0066,AL 356 casting,casting,Hydraulic manifolds,CUST-020,active,2025-08-20,283.11,2026-02-01,False,,
P-10067,A,Precision EDM part 0067,Delrin rod,rod,Precision EDM parts,CUST-003,active,2025-08-23,180.95,2026-02-01,False,,
P-10068,C,Stainless fitting 0068,SS 303 bar,bar,Stainless fittings,CUST-006,active,2024-12-25,116.48,2026-02-01,False,,
P-10069,A,Aluminum housing 0069,AL 6061 plate,plate,Aluminum housings,CUST-014,active,2023-11-22,69.47,2026-02-01,False,,
P-10070,C,Aluminum housing 0070,AL 7075-T6 bar,bar,Aluminum housings,CUST-023,active,2021-01-09,51.88,2026-02-01,False,,
P-10071,B,Hydraulic manifold 0071,AL 6061 plate,plate,Hydraulic manifolds,CUST-024,active,2023-07-09,279.69,2026-02-01,False,,
P-10072,C,Swiss turned component 0072,Brass 360 bar,bar,Swiss turned components,CUST-032,active,2022-06-10,12.88,2026-02-01,False,,
P-10073,B,Stainless fitting 0073,SS 316 bar,bar,Stainless fittings,CUST-001,active,2022-06-23,201.1,2026-02-01,False,,
P-10074,D,Fixtures and tooling 0074,4140 steel bar,bar,Fixtures and tooling,CUST-004,active,2024-07-27,459.84,2026-02-01,False,,
P-10075,C,Aluminum housing 0075,AL 6061 plate,plate,Aluminum housings,CUST-003,active,2023-03-17,106.1,2026-02-01,False,,
P-10076,A,Stainless fitting 0076,SS 303 bar,bar,Stainless fittings,CUST-009,active,2025-08-30,76.44,2026-02-01,False,,
P-10077,A,Aerospace bracket 0077,Ti 6Al-4V bar,bar,Aerospace brackets,CUST-008,active,2023-12-01,488.51,2026-02-01,False,,
P-10078,A,Swiss turned component 0078,SS 303 bar,bar,Swiss turned components,CUST-001,active,2021-04-19,13.02,2026-02-01,False,,
P-10079,B,Stainless fitting 0079,SS 316 bar,bar,Stainless fittings,CUST-045,active,2024-06-24,65.38,2026-02-01,False,,
P-10080,C,Stainless fitting 0080,SS 303 bar,bar,Stainless fittings,CUST-007,active,2021-12-29,102.38,2026-02-01,False,,
P-10081,B,Fixtures and tooling 0081,AL 6061 plate,plate,Fixtures and tooling,CUST-001,active,2024-10-27,256.08,2026-02-01,False,,
P-10082,A,Hydraulic manifold 0082,4140 steel bar,bar,Hydraulic manifolds,CUST-002,active,2023-11-04,168.22,2026-02-01,False,,
P-10083,A,Swiss turned component 0083,Brass 360 bar,bar,Swiss turned components,CUST-012,active,2024-01-09,15.68,2026-02-01,False,,
P-10084,A,Hydraulic manifold 0084,AL 356 casting,casting,Hydraulic manifolds,CUST-022,active,2023-05-27,230.11,2026-02-01,False,,
P-10085,B,Steel shafts and pin 0085,4140 steel bar,bar,Steel shafts and pins,CUST-027,active,2024-09-08,38.17,2026-02-01,False,,
P-10086,B,Aluminum housing 0086,AL 6061 plate,plate,Aluminum housings,CUST-001,active,2022-01-15,225.08,2026-02-01,False,,
P-10087,D,Swiss turned component 0087,SS 303 bar,bar,Swiss turned components,CUST-002,active,2024-05-12,19.64,2026-02-01,False,,
P-10088,B,Aluminum housing 0088,AL 7075-T6 bar,bar,Aluminum housings,CUST-012,active,2024-03-19,123.33,2026-02-01,False,,
P-10089,B,Turbine component 0089,SS 17-4PH bar,bar,Turbine components,CUST-026,active,2025-01-15,248.9,2026-02-01,False,,
P-10090,B,Steel shafts and pin 0090,4140 steel bar,bar,Steel shafts and pins,CUST-001,active,2024-10-06,58.18,2026-02-01,False,,
P-10091,B,Aluminum housing 0091,AL 7075-T6 bar,bar,Aluminum housings,CUST-007,active,2024-03-02,154.41,2026-02-01,False,,
P-10092,B,Steel shafts and pin 0092,1018 steel bar,bar,Steel shafts and pins,CUST-008,active,2022-09-07,29.63,2026-02-01,False,,
P-10093,B,Steel shafts and pin 0093,1018 steel bar,bar,Steel shafts and pins,CUST-001,active,2023-01-15,66.88,2026-02-01,False,,
P-10094,B,Fixtures and tooling 0094,4140 steel bar,bar,Fixtures and tooling,CUST-030,active,2022-10-29,153.28,2026-02-01,False,,
P-10095,A,Aerospace bracket 0095,AL 7075-T6 bar,bar,Aerospace brackets,CUST-001,active,2021-09-11,262.62,2026-02-01,False,,
P-10096,C,Swiss turned component 0096,Brass 360 bar,bar,Swiss turned components,CUST-001,active,2025-04-11,53.2,2026-02-01,False,,
P-10097,A,Stainless fitting 0097,SS 303 bar,bar,Stainless fittings,CUST-018,active,2024-11-11,67.94,2026-02-01,False,,
P-10098,C,Weldments and assemblie 0098,SS 304 bar,bar,Weldments and assemblies,CUST-007,active,2021-03-02,143.77,2026-02-01,False,,
P-10099,A,Aluminum housing 0099,AL 7075-T6 bar,bar,Aluminum housings,CUST-001,active,2025-11-12,113.49,2026-02-01,False,,
P-10100,B,Swiss turned component 0100,SS 17-4PH bar,bar,Swiss turned components,CUST-001,active,2024-08-16,11.73,2026-02-01,False,,
P-10101,A,Aerospace bracket 0101,Ti 6Al-4V bar,bar,Aerospace brackets,CUST-001,active,2022-02-28,206.24,2026-02-01,False,,
P-10102,A,Stainless fitting 0102,SS 303 bar,bar,Stainless fittings,CUST-001,active,2024-02-02,103.26,2026-02-01,False,,
P-10103,B,Hydraulic manifold 0103,AL 356 casting,casting,Hydraulic manifolds,CUST-001,active,2022-12-18,206.76,2026-02-01,False,,
P-10104,A,Weldments and assemblie 0104,SS 316 tube,tube,Weldments and assemblies,CUST-002,active,2023-03-23,455.21,2026-02-01,False,,
P-10105,C,Precision EDM part 0105,4140 forging,forging,Precision EDM parts,CUST-017,active,2025-05-23,204.4,2026-02-01,False,,
P-10106,B,Fixtures and tooling 0106,1018 steel bar,bar,Fixtures and tooling,CUST-038,active,2023-03-20,240.43,2026-02-01,False,,
P-10107,A,Hydraulic manifold 0107,AL 6061 plate,plate,Hydraulic manifolds,CUST-009,active,2025-09-09,199.37,2026-02-01,False,,
P-10108,A,Swiss turned component 0108,SS 303 bar,bar,Swiss turned components,CUST-002,active,2024-06-01,14.55,2026-02-01,False,,
P-10109,A,Swiss turned component 0109,Brass 360 bar,bar,Swiss turned components,CUST-006,active,2022-07-30,39.02,2026-02-01,False,,
P-10110,A,Steel shafts and pin 0110,4140 steel bar,bar,Steel shafts and pins,CUST-001,active,2025-04-21,52.83,2026-02-01,False,,
P-10111,A,Aerospace bracket 0111,Ti 6Al-4V bar,bar,Aerospace brackets,CUST-023,active,2022-10-16,332.15,2026-02-01,False,,
P-10112,B,Stainless fitting 0112,SS 304 bar,bar,Stainless fittings,CUST-001,active,2025-07-01,112.22,2026-02-01,False,,
P-10113,A,Steel shafts and pin 0113,4140 steel bar,bar,Steel shafts and pins,CUST-002,active,2022-09-07,60.06,2026-02-01,False,,
P-10114,A,Aluminum housing 0114,AL 6061-T6 bar,bar,Aluminum housings,CUST-017,active,2025-04-22,78.42,2026-02-01,False,,
P-10115,B,Steel shafts and pin 0115,1018 steel bar,bar,Steel shafts and pins,CUST-016,active,2022-05-12,176.71,2026-02-01,False,,
P-10116,C,Steel shafts and pin 0116,4140 steel bar,bar,Steel shafts and pins,CUST-012,active,2024-12-15,51.56,2026-02-01,False,,
P-10117,A,Stainless fitting 0117,SS 316 bar,bar,Stainless fittings,CUST-004,active,2024-03-23,97.86,2026-02-01,False,,
P-10118,D,Aluminum housing 0118,AL 7075-T6 bar,bar,Aluminum housings,CUST-004,active,2022-03-06,165.63,2026-02-01,False,,
P-10119,C,Stainless fitting 0119,SS 316 bar,bar,Stainless fittings,CUST-008,active,2024-09-23,155.77,2026-02-01,False,,
P-10120,A,Stainless fitting 0120,SS 316 bar,bar,Stainless fittings,CUST-001,active,2024-01-17,53.81,2026-02-01,False,,
P-10121,C,Aluminum housing 0121,AL 7075-T6 bar,bar,Aluminum housings,CUST-014,active,2022-02-25,56.33,2026-02-01,False,,
P-10122,C,Hydraulic manifold 0122,AL 6061 plate,plate,Hydraulic manifolds,CUST-002,active,2023-05-24,331.18,2026-02-01,False,,
P-10123,A,Weldments and assemblie 0123,SS 304 bar,bar,Weldments and assemblies,CUST-009,active,2021-02-22,298.49,2026-02-01,False,,
P-10124,B,Fixtures and tooling 0124,AL 6061 plate,plate,Fixtures and tooling,CUST-007,active,2025-10-27,391.32,2026-02-01,False,,
P-10125,B,Precision EDM part 0125,Delrin rod,rod,Precision EDM parts,CUST-006,active,2024-05-07,128.54,2026-02-01,False,,
P-10126,C,Hydraulic manifold 0126,AL 6061 plate,plate,Hydraulic manifolds,CUST-035,active,2024-01-05,157.71,2026-02-01,False,,
P-10127,B,Aerospace bracket 0127,AL 7075-T6 bar,bar,Aerospace brackets,CUST-001,active,2025-09-13,159.78,2026-02-01,False,,
P-10128,B,Turbine component 0128,SS 17-4PH bar,bar,Turbine components,CUST-002,active,2022-09-10,352.36,2026-02-01,False,,
P-10129,A,Turbine component 0129,Inconel 718 bar,bar,Turbine components,CUST-001,active,2023-05-29,394.53,2026-02-01,False,,
P-10130,A,Fixtures and tooling 0130,4140 steel bar,bar,Fixtures and tooling,CUST-009,active,2022-01-14,167.91,2026-02-01,False,,
P-10131,A,Stainless fitting 0131,SS 316 bar,bar,Stainless fittings,CUST-034,active,2024-05-20,38.03,2026-02-01,False,,
P-10132,A,Swiss turned component 0132,SS 17-4PH bar,bar,Swiss turned components,CUST-006,active,2025-04-04,40.35,2026-02-01,False,,
P-10133,B,Aerospace bracket 0133,AL 7075-T6 bar,bar,Aerospace brackets,CUST-002,active,2025-01-09,340.42,2026-02-01,False,,
P-10134,D,Precision EDM part 0134,SS 17-4PH bar,bar,Precision EDM parts,CUST-002,active,2025-09-14,193.24,2026-02-01,False,,
P-10135,D,Swiss turned component 0135,Brass 360 bar,bar,Swiss turned components,CUST-001,active,2024-04-30,19.0,2026-02-01,False,,
P-10136,D,Weldments and assemblie 0136,SS 316 tube,tube,Weldments and assemblies,CUST-010,active,2024-10-29,374.51,2026-02-01,False,,
P-10137,B,Steel shafts and pin 0137,4140 steel bar,bar,Steel shafts and pins,CUST-001,active,2025-04-18,95.87,2026-02-01,False,,
P-10138,C,Aluminum housing 0138,AL 6061-T6 bar,bar,Aluminum housings,CUST-001,active,2021-03-02,135.29,2026-02-01,False,,
P-10139,A,Swiss turned component 0139,SS 17-4PH bar,bar,Swiss turned components,CUST-010,active,2022-08-11,10.01,2026-02-01,False,,
P-10140,C,Steel shafts and pin 0140,1018 steel bar,bar,Steel shafts and pins,CUST-022,active,2023-03-31,42.45,2026-02-01,False,,
P-10141,A,Stainless fitting 0141,SS 304 bar,bar,Stainless fittings,CUST-011,active,2024-09-05,67.71,2026-02-01,False,,
P-10142,B,Steel shafts and pin 0142,4140 steel bar,bar,Steel shafts and pins,CUST-010,active,2023-05-02,45.05,2026-02-01,False,,
P-10143,A,Steel shafts and pin 0143,4140 steel bar,bar,Steel shafts and pins,CUST-001,active,2022-03-19,58.98,2026-02-01,False,,
P-10144,A,Aluminum housing 0144,AL 7075-T6 bar,bar,Aluminum housings,CUST-001,active,2025-03-20,146.79,2026-02-01,False,,
P-10145,C,Hydraulic manifold 0145,AL 6061 plate,plate,Hydraulic manifolds,CUST-019,active,2023-07-16,351.7,2026-02-01,False,,
P-10146,B,Hydraulic manifold 0146,AL 356 casting,casting,Hydraulic manifolds,CUST-007,active,2024-05-08,295.84,2026-02-01,False,,
P-10147,C,Steel shafts and pin 0147,4140 steel bar,bar,Steel shafts and pins,CUST-026,active,2022-12-03,71.45,2026-02-01,False,,
P-10148,A,Weldments and assemblie 0148,1018 steel bar,bar,Weldments and assemblies,CUST-007,active,2025-09-17,121.21,2026-02-01,False,,
P-10149,A,Swiss turned component 0149,Brass 360 bar,bar,Swiss turned components,CUST-001,active,2025-09-02,27.96,2026-02-01,False,,
P-10150,A,Stainless fitting 0150,SS 303 bar,bar,Stainless fittings,CUST-023,active,2021-07-21,112.15,2026-02-01,False,,
P-10151,B,Swiss turned component 0151,Brass 360 bar,bar,Swiss turned components,CUST-005,active,2023-09-14,11.86,2026-02-01,False,,
P-10152,A,Aerospace bracket 0152,Ti 6Al-4V bar,bar,Aerospace brackets,CUST-005,active,2023-07-07,421.64,2026-02-01,False,,
P-10153,C,Weldments and assemblie 0153,SS 316 tube,tube,Weldments and assemblies,CUST-002,active,2024-03-31,170.43,2026-02-01,False,,
P-10154,A,Aerospace bracket 0154,Ti 6Al-4V bar,bar,Aerospace brackets,CUST-001,active,2022-05-21,177.82,2026-02-01,False,,
P-10155,B,Turbine component 0155,SS 17-4PH bar,bar,Turbine components,CUST-001,active,2023-09-19,466.85,2026-02-01,False,,
P-10156,C,Precision EDM part 0156,Delrin rod,rod,Precision EDM parts,CUST-002,active,2022-01-05,232.22,2026-02-01,False,,
P-10157,B,Weldments and assemblie 0157,SS 316 tube,tube,Weldments and assemblies,CUST-028,active,2022-05-25,298.69,2026-02-01,False,,
P-10158,C,Aerospace bracket 0158,AL 7075-T6 bar,bar,Aerospace brackets,CUST-006,active,2025-11-13,108.73,2026-02-01,False,,
P-10159,A,Aerospace bracket 0159,AL 7075-T6 bar,bar,Aerospace brackets,CUST-004,active,2024-02-12,155.01,2026-02-01,False,,
P-10160,A,Hydraulic manifold 0160,4140 steel bar,bar,Hydraulic manifolds,CUST-004,active,2025-10-10,227.41,2026-02-01,False,,
P-10161,C,Swiss turned component 0161,SS 17-4PH bar,bar,Swiss turned components,CUST-022,active,2023-03-15,25.97,2026-02-01,False,,
P-10162,D,Weldments and assemblie 0162,SS 304 bar,bar,Weldments and assemblies,CUST-007,active,2022-05-04,293.1,2026-02-01,False,,
P-10163,C,Aerospace bracket 0163,AL 7075-T6 bar,bar,Aerospace brackets,CUST-016,active,2024-09-29,118.79,2026-02-01,False,,
P-10164,D,Weldments and assemblie 0164,SS 304 bar,bar,Weldments and assemblies,CUST-002,active,2021-04-02,168.52,2026-02-01,False,,
P-10165,B,Weldments and assemblie 0165,1018 steel bar,bar,Weldments and assemblies,CUST-010,active,2025-09-21,161.19,2026-02-01,False,,
P-10166,B,Stainless fitting 0166,SS 303 bar,bar,Stainless fittings,CUST-009,active,2024-07-26,74.4,2026-02-01,False,,
P-10167,B,Aluminum housing 0167,AL 7075-T6 bar,bar,Aluminum housings,CUST-001,active,2025-09-11,196.69,2026-02-01,False,,
P-10168,A,Precision EDM part 0168,SS 17-4PH bar,bar,Precision EDM parts,CUST-002,active,2025-01-23,288.84,2026-02-01,False,,
P-10169,A,Stainless fitting 0169,SS 316 bar,bar,Stainless fittings,CUST-026,active,2021-02-07,72.6,2026-02-01,False,,
P-10170,A,Turbine component 0170,Inconel 718 bar,bar,Turbine components,CUST-002,active,2022-02-14,878.9,2026-02-01,False,,
P-10171,B,Weldments and assemblie 0171,SS 316 tube,tube,Weldments and assemblies,CUST-002,active,2022-03-13,140.99,2026-02-01,False,,
P-10172,C,Stainless fitting 0172,SS 303 bar,bar,Stainless fittings,CUST-034,active,2024-12-29,84.16,2026-02-01,False,,
P-10173,B,Aluminum housing 0173,AL 6061-T6 bar,bar,Aluminum housings,CUST-003,active,2022-05-27,178.37,2026-02-01,False,,
P-10174,A,Fixtures and tooling 0174,AL 6061 plate,plate,Fixtures and tooling,CUST-007,active,2023-03-22,195.37,2026-02-01,False,,
P-10175,C,Steel shafts and pin 0175,1018 steel bar,bar,Steel shafts and pins,CUST-028,active,2025-05-02,61.05,2026-02-01,False,,
P-10176,A,Aluminum housing 0176,AL 7075-T6 bar,bar,Aluminum housings,CUST-024,active,2021-01-03,116.41,2026-02-01,False,,
P-10177,A,Steel shafts and pin 0177,4140 steel bar,bar,Steel shafts and pins,CUST-001,active,2022-02-15,40.06,2026-02-01,False,,
P-10178,A,Aluminum housing 0178,AL 6061-T6 bar,bar,Aluminum housings,CUST-007,active,2024-11-24,117.46,2026-02-01,False,,
P-10179,B,Turbine component 0179,Inconel 718 bar,bar,Turbine components,CUST-001,active,2022-03-19,776.15,2026-02-01,False,,
P-10180,B,Aerospace bracket 0180,AL 7075-T6 bar,bar,Aerospace brackets,CUST-002,active,2025-03-07,370.84,2026-02-01,False,,
P-10181,A,Swiss turned component 0181,SS 17-4PH bar,bar,Swiss turned components,CUST-036,active,2022-10-24,23.13,2026-02-01,False,,
P-10182,B,Stainless fitting 0182,SS 304 bar,bar,Stainless fittings,CUST-009,active,2021-01-17,57.43,2026-02-01,False,,
P-10183,C,Stainless fitting 0183,SS 304 bar,bar,Stainless fittings,CUST-013,active,2024-09-29,30.3,2026-02-01,False,,
P-10184,D,Swiss turned component 0184,SS 17-4PH bar,bar,Swiss turned components,CUST-010,active,2022-07-29,13.49,2026-02-01,False,,
P-10185,B,Turbine component 0185,SS 17-4PH bar,bar,Turbine components,CUST-043,active,2024-06-18,518.63,2026-02-01,False,,
P-10186,A,Aluminum housing 0186,AL 6061-T6 bar,bar,Aluminum housings,CUST-023,active,2025-02-13,101.13,2026-02-01,False,,
P-10187,D,Stainless fitting 0187,SS 303 bar,bar,Stainless fittings,CUST-015,active,2024-11-16,105.08,2026-02-01,False,,
P-10188,B,Steel shafts and pin 0188,4140 steel bar,bar,Steel shafts and pins,CUST-004,active,2023-08-29,41.73,2026-02-01,False,,
P-10189,A,Aluminum housing 0189,AL 7075-T6 bar,bar,Aluminum housings,CUST-014,active,2024-05-20,117.65,2026-02-01,False,,
P-10190,B,Steel shafts and pin 0190,1018 steel bar,bar,Steel shafts and pins,CUST-001,active,2024-12-01,38.25,2026-02-01,False,,
P-10191,C,Aluminum housing 0191,AL 7075-T6 bar,bar,Aluminum housings,CUST-006,active,2024-09-07,163.81,2026-02-01,False,,
P-10192,B,Aluminum housing 0192,AL 6061 plate,plate,Aluminum housings,CUST-015,active,2022-10-11,113.98,2026-02-01,False,,
P-10193,A,Stainless fitting 0193,SS 303 bar,bar,Stainless fittings,CUST-012,active,2024-07-17,57.32,2026-02-01,False,,
P-10194,B,Swiss turned component 0194,SS 303 bar,bar,Swiss turned components,CUST-001,active,2021-10-13,20.58,2026-02-01,False,,
P-10195,B,Aerospace bracket 0195,AL 7075-T6 bar,bar,Aerospace brackets,CUST-012,active,2025-10-25,495.29,2026-02-01,False,,
P-10196,B,Turbine component 0196,SS 17-4PH bar,bar,Turbine components,CUST-001,active,2025-11-18,563.25,2026-02-01,False,,
P-10197,A,Aluminum housing 0197,AL 7075-T6 bar,bar,Aluminum housings,CUST-008,active,2021-05-09,215.84,2026-02-01,False,,
P-10198,A,Aerospace bracket 0198,Ti 6Al-4V bar,bar,Aerospace brackets,CUST-030,active,2024-03-13,207.88,2026-02-01,False,,
P-10199,B,Steel shafts and pin 0199,1018 steel bar,bar,Steel shafts and pins,CUST-001,active,2023-10-11,59.91,2026-02-01,False,,
