quote_id,line,break_seq,part_number,revision,customer_id,quantity,estimator_id,quote_date,estimate_basis,est_material,est_setup_hours,est_run_hours,est_outside,est_total_cost,quoted_price,status,won_job_id
Q-000001,1,1,P-10000,C,CUST-002,25,EST-02,2021-06-03,spreadsheet,321.33,3.18,3.82,54.77,1446.68,84.41,won,
Q-000001,1,2,P-10000,C,CUST-002,50,EST-02,2021-06-03,spreadsheet,642.66,3.08,7.42,109.54,2358.25,67.85,won,
Q-000001,1,3,P-10000,C,CUST-002,100,EST-02,2021-06-03,spreadsheet,1285.32,3.2,15.38,219.08,4346.18,61.64,won,
Q-000001,1,4,P-10000,C,CUST-002,190,EST-02,2021-06-03,spreadsheet,2442.11,3.12,28.54,416.25,7703.01,56.74,won,
Q-000002,1,1,P-10001,A,CUST-009,60,EST-01,2021-07-18,spreadsheet,2564.05,4.06,16.24,165.88,5836.68,137.24,won,
Q-000002,1,2,P-10001,A,CUST-009,120,EST-01,2021-07-18,spreadsheet,5128.1,4.22,33.77,331.77,11272.27,130.63,won,
Q-000002,1,3,P-10001,A,CUST-009,250,EST-01,2021-07-18,spreadsheet,10683.53,4.46,74.27,691.18,23420.69,128.29,won,
Q-000002,1,4,P-10001,A,CUST-009,500,EST-01,2021-07-18,spreadsheet,21367.07,4.27,142.39,1382.36,45189.36,121.95,won,
Q-000003,1,1,P-10002,A,CUST-007,20,EST-01,2025-08-02,spreadsheet,427.81,2.8,6.38,94.06,2155.77,148.79,won,J-008027
Q-000003,1,2,P-10002,A,CUST-007,35,EST-01,2025-08-02,spreadsheet,748.66,2.7,10.77,164.6,3309.79,129.02,won,J-008027
Q-000003,1,3,P-10002,A,CUST-007,70,EST-01,2025-08-02,spreadsheet,1497.33,2.76,22.02,329.2,6236.54,119.78,won,J-008027
Q-000003,1,4,P-10002,A,CUST-007,140,EST-01,2025-08-02,spreadsheet,2994.65,3.28,52.34,658.4,13553.53,128.24,won,J-008027
Q-000004,1,1,P-10003,A,CUST-001,35,EST-01,2025-08-12,ERP,1064.13,3.51,7.1,2106.88,5059.75,179.66,won,J-008355
Q-000004,1,2,P-10003,A,CUST-001,70,EST-01,2025-08-12,ERP,2128.26,3.51,14.2,4213.75,9494.72,165.94,won,J-008355
Q-000004,1,3,P-10003,A,CUST-001,140,EST-01,2025-08-12,ERP,4256.52,3.51,28.4,8427.5,18364.65,157.94,won,J-008355
Q-000004,1,4,P-10003,A,CUST-001,300,EST-01,2025-08-12,ERP,9121.11,3.51,60.87,18058.93,38638.8,152.34,won,J-008355
Q-000005,1,1,P-10004,C,CUST-001,30,EST-01,2023-01-01,spreadsheet,1903.83,3.29,22.98,267.0,6479.74,314.79,won,
Q-000005,1,2,P-10004,C,CUST-001,60,EST-01,2023-01-01,spreadsheet,3807.65,3.17,44.28,534.01,12122.92,290.11,won,
Q-000005,1,3,P-10004,C,CUST-001,120,EST-01,2023-01-01,spreadsheet,7615.3,3.53,98.52,1068.02,25419.81,299.59,won,
Q-000005,1,4,P-10004,C,CUST-001,250,EST-01,2023-01-01,spreadsheet,15865.22,3.56,207.33,2225.03,52677.01,293.19,won,
Q-000006,1,1,P-10005,A,CUST-016,5,EST-03,2024-09-05,spreadsheet,76.82,5.69,6.71,161.7,2359.17,731.53,won,J-004322
Q-000006,1,2,P-10005,A,CUST-016,15,EST-03,2024-09-05,spreadsheet,230.45,5.94,21.01,485.11,5323.37,537.29,won,J-004322
Q-000006,1,3,P-10005,A,CUST-016,25,EST-03,2024-09-05,spreadsheet,384.08,5.8,34.19,808.52,8030.01,480.83,won,J-004322
Q-000006,1,4,P-10005,A,CUST-016,50,EST-03,2024-09-05,spreadsheet,768.15,6.02,71.0,1617.04,15554.38,458.54,won,J-004322
Q-000007,1,1,P-10006,C,CUST-029,35,EST-03,2023-11-23,ERP,438.9,3.4,14.34,409.13,3757.7,160.54,won,J-001478
Q-000007,1,2,P-10006,C,CUST-029,70,EST-03,2023-11-23,ERP,877.81,3.4,28.68,818.26,6957.79,146.6,won,J-001478
Q-000007,1,3,P-10006,C,CUST-029,140,EST-03,2023-11-23,ERP,1755.62,3.4,57.37,1636.52,13357.98,138.77,won,J-001478
Q-000007,1,4,P-10006,C,CUST-029,275,EST-03,2023-11-23,ERP,3448.54,3.4,112.69,3214.59,25701.2,134.07,won,J-001478
Q-000008,1,1,P-10007,B,CUST-004,20,EST-01,2025-01-18,ERP,740.85,3.96,4.11,0.0,2176.6,150.81,won,J-005893
Q-000008,1,2,P-10007,B,CUST-004,35,EST-01,2025-01-18,ERP,1296.49,3.96,7.19,0.0,3280.39,128.35,won,J-005893
Q-000008,1,3,P-10007,B,CUST-004,70,EST-01,2025-01-18,ERP,2592.98,3.96,14.37,0.0,5855.89,112.88,won,J-005893
Q-000008,1,4,P-10007,B,CUST-004,140,EST-01,2025-01-18,ERP,5185.95,3.96,28.74,0.0,11006.91,104.51,won,J-005893
Q-000009,1,1,P-10008,B,CUST-002,10,EST-01,2022-07-17,ERP,548.64,3.37,3.05,49.54,1612.01,230.27,won,
Q-000009,1,2,P-10008,B,CUST-002,15,EST-01,2022-07-17,ERP,822.96,3.37,4.57,74.31,2151.79,203.28,won,
Q-000009,1,3,P-10008,B,CUST-002,30,EST-01,2022-07-17,ERP,1645.92,3.37,9.14,148.62,3771.12,175.67,won,
Q-000009,1,4,P-10008,B,CUST-002,60,EST-01,2022-07-17,ERP,3291.84,3.37,18.28,297.25,7009.79,160.98,won,
Q-000010,1,1,P-10009,A,CUST-016,10,EST-01,2025-08-21,spreadsheet,316.81,3.19,8.29,580.3,2940.85,390.2,won,J-008431
Q-000010,1,2,P-10009,A,CUST-016,20,EST-01,2025-08-21,spreadsheet,633.61,2.95,15.33,1160.6,5048.6,329.56,won,J-008431
Q-000010,1,3,P-10009,A,CUST-016,40,EST-01,2025-08-21,spreadsheet,1267.23,3.06,31.77,2321.2,9786.65,314.22,won,J-008431
Q-000010,1,4,P-10009,A,CUST-016,80,EST-01,2025-08-21,spreadsheet,2534.45,3.02,62.72,4642.41,18877.34,298.02,won,J-008431
Q-000011,1,1,P-10010,D,CUST-004,30,EST-01,2024-03-27,spreadsheet,3594.66,5.82,10.99,243.07,6712.44,341.92,won,J-002724
Q-000011,1,2,P-10010,D,CUST-004,55,EST-01,2024-03-27,spreadsheet,6590.21,5.85,20.24,445.63,11497.72,315.38,won,J-002724
Q-000011,1,3,P-10010,D,CUST-004,110,EST-01,2024-03-27,spreadsheet,13180.43,5.96,41.26,891.25,22146.13,299.24,won,J-002724
Q-000011,1,4,P-10010,D,CUST-004,225,EST-01,2024-03-27,spreadsheet,26959.97,5.55,78.61,1823.02,43175.11,280.79,won,J-002724
Q-000012,1,1,P-10011,A,CUST-032,40,EST-02,2024-08-06,ERP,1765.24,4.08,8.57,494.29,4422.68,141.06,won,J-004144
Q-000012,1,2,P-10011,A,CUST-032,80,EST-02,2024-08-06,ERP,3530.48,4.08,17.14,988.58,8147.68,127.96,won,J-004144
Q-000012,1,3,P-10011,A,CUST-032,150,EST-02,2024-08-06,ERP,6619.66,4.08,32.14,1853.59,14666.44,121.14,won,J-004144
Q-000012,1,4,P-10011,A,CUST-032,300,EST-02,2024-08-06,ERP,13239.31,4.08,64.28,3707.18,28635.2,116.42,won,J-004144
Q-000013,1,1,P-10012,A,CUST-020,225,EST-01,2024-03-15,spreadsheet,424.06,2.9,4.79,133.58,1873.24,12.3,won,J-002548
Q-000013,1,2,P-10012,A,CUST-020,450,EST-01,2024-03-15,spreadsheet,848.13,2.71,8.95,267.16,3108.62,10.06,won,J-002548
Q-000013,1,3,P-10012,A,CUST-020,900,EST-01,2024-03-15,spreadsheet,1696.26,2.82,18.64,534.32,5899.77,9.41,won,J-002548
Q-000013,1,4,P-10012,A,CUST-020,1800,EST-01,2024-03-15,spreadsheet,3392.51,2.86,37.85,1068.65,11423.31,8.98,won,J-002548
Q-000014,1,1,P-10013,B,CUST-002,100,EST-03,2025-01-31,ERP,16604.29,3.93,53.92,422.3,27323.89,378.81,won,J-005989
Q-000014,1,2,P-10013,B,CUST-002,200,EST-03,2025-01-31,ERP,33208.57,3.93,107.84,844.6,53948.23,368.68,won,J-005989
Q-000014,1,3,P-10013,B,CUST-002,400,EST-03,2025-01-31,ERP,66417.14,3.93,215.68,1689.2,107196.92,361.05,won,J-005989
Q-000014,1,4,P-10013,B,CUST-002,800,EST-03,2025-01-31,ERP,132834.28,3.93,431.36,3378.41,213694.31,354.64,won,J-005989
Q-000015,1,1,P-10014,A,CUST-027,30,EST-01,2022-06-02,spreadsheet,958.85,2.5,5.96,163.54,2459.32,116.12,won,
Q-000015,1,2,P-10014,A,CUST-027,60,EST-01,2022-06-02,spreadsheet,1917.71,3.01,14.37,327.09,4991.15,116.11,won,
Q-000015,1,3,P-10014,A,CUST-027,120,EST-01,2022-06-02,spreadsheet,3835.41,2.75,26.27,654.17,9075.45,103.99,won,
Q-000015,1,4,P-10014,A,CUST-027,250,EST-01,2022-06-02,spreadsheet,7990.44,3.26,64.86,1362.86,20116.16,108.87,won,
Q-000016,1,1,P-10015,A,CUST-008,5,EST-01,2025-05-21,ERP,31.26,2.98,0.98,13.3,750.02,208.87,won,J-007303
Q-000016,1,2,P-10015,A,CUST-008,10,EST-01,2025-05-21,ERP,62.52,2.98,1.97,26.6,969.59,133.03,won,J-007303
Q-000016,1,3,P-10015,A,CUST-008,25,EST-01,2025-05-21,ERP,156.29,2.98,4.92,66.49,1628.32,87.61,won,J-007303
Q-000016,1,4,P-10015,A,CUST-008,50,EST-01,2025-05-21,ERP,312.59,2.98,9.83,132.98,2726.2,72.23,won,J-007303
Q-000017,1,1,P-10016,B,CUST-026,90,EST-01,2023-12-08,ERP,71.91,3.01,2.96,53.07,1103.23,17.96,won,J-001622
Q-000017,1,2,P-10016,B,CUST-026,180,EST-01,2023-12-08,ERP,143.81,3.01,5.91,106.13,1712.82,13.74,won,J-001622
Q-000017,1,3,P-10016,B,CUST-026,350,EST-01,2023-12-08,ERP,279.63,3.01,11.49,206.37,2864.28,11.65,won,J-001622
Q-000017,1,4,P-10016,B,CUST-026,700,EST-01,2023-12-08,ERP,559.26,3.01,22.98,412.74,5234.91,10.49,won,J-001622
Q-000018,1,1,P-10017,A,CUST-013,30,EST-01,2022-01-11,spreadsheet,217.64,3.72,4.11,0.0,1455.11,65.95,won,
Q-000018,1,2,P-10017,A,CUST-013,60,EST-01,2022-01-11,spreadsheet,435.28,3.6,7.96,0.0,2261.08,50.5,won,
Q-000018,1,3,P-10017,A,CUST-013,120,EST-01,2022-01-11,spreadsheet,870.57,3.67,16.24,0.0,4017.6,44.21,won,
Q-000018,1,4,P-10017,A,CUST-013,250,EST-01,2022-01-11,spreadsheet,1813.68,3.68,33.87,0.0,7746.09,40.27,won,
Q-000019,1,1,P-10018,C,CUST-001,20,EST-01,2024-01-29,spreadsheet,95.6,3.32,9.2,166.17,2403.68,162.71,won,J-002191
Q-000019,1,2,P-10018,C,CUST-001,45,EST-01,2024-01-29,spreadsheet,215.11,3.55,22.11,373.89,4976.2,147.12,won,J-002191
Q-000019,1,3,P-10018,C,CUST-001,90,EST-01,2024-01-29,spreadsheet,430.21,3.33,41.51,747.78,8845.54,128.79,won,J-002191
Q-000019,1,4,P-10018,C,CUST-001,180,EST-01,2024-01-29,spreadsheet,860.42,3.24,80.78,1495.56,16724.78,119.89,won,J-002191
Q-000020,1,1,P-10019,C,CUST-001,20,EST-02,2023-09-09,spreadsheet,3121.35,2.71,5.56,259.23,4736.72,336.31,won,J-000777
Q-000020,1,2,P-10019,C,CUST-001,40,EST-02,2023-09-09,spreadsheet,6242.7,2.55,10.43,518.47,8889.79,310.9,won,J-000777
Q-000020,1,3,P-10019,C,CUST-001,80,EST-02,2023-09-09,spreadsheet,12485.41,2.9,23.81,1036.93,17903.38,308.35,won,J-000777
Q-000020,1,4,P-10019,C,CUST-001,160,EST-02,2023-09-09,spreadsheet,24970.82,2.75,45.03,2073.86,34880.92,295.77,won,J-000777
Q-000021,1,1,P-10020,D,CUST-004,25,EST-03,2024-01-13,ERP,2814.93,5.43,5.56,177.56,4872.06,280.28,won,J-001838
Q-000021,1,2,P-10020,D,CUST-004,55,EST-03,2024-01-13,ERP,6192.84,5.43,12.24,390.62,9604.3,247.06,won,J-001838
Q-000021,1,3,P-10020,D,CUST-004,110,EST-03,2024-01-13,ERP,12385.68,5.43,24.47,781.25,18280.06,231.7,won,J-001838
Q-000021,1,4,P-10020,D,CUST-004,225,EST-03,2024-01-13,ERP,25334.35,5.43,50.05,1598.01,36420.3,222.25,won,J-001838
Q-000022,1,1,P-10021,A,CUST-001,40,EST-01,2024-06-28,spreadsheet,624.9,1.94,2.32,517.69,1871.12,63.5,won,J-003752
Q-000022,1,2,P-10021,A,CUST-001,80,EST-01,2024-06-28,spreadsheet,1249.8,1.87,4.49,1035.39,3372.08,56.38,won,J-003752
Q-000022,1,3,P-10021,A,CUST-001,160,EST-01,2024-06-28,spreadsheet,2499.59,1.85,8.87,2070.77,6401.97,52.73,won,J-003752
Q-000022,1,4,P-10021,A,CUST-001,325,EST-01,2024-06-28,spreadsheet,5077.3,2.02,19.76,4206.26,13007.99,51.94,won,J-003752
Q-000023,1,1,P-10022,A,CUST-002,30,EST-01,2023-12-25,ERP,1987.75,5.5,27.65,143.25,7567.28,429.82,won,J-001798
Q-000023,1,2,P-10022,A,CUST-002,55,EST-01,2023-12-25,ERP,3644.22,5.5,50.69,262.62,13121.67,401.64,won,J-001798
Q-000023,1,3,P-10022,A,CUST-002,110,EST-01,2023-12-25,ERP,7288.43,5.5,101.38,525.25,25341.34,382.44,won,J-001798
Q-000023,1,4,P-10022,A,CUST-002,225,EST-01,2023-12-25,ERP,14908.16,5.5,207.36,1074.37,50891.56,370.01,won,J-001798
Q-000024,1,1,P-10023,B,CUST-001,60,EST-01,2024-04-18,ERP,3470.21,4.1,28.07,2127.25,11098.7,227.43,won,J-003038
Q-000024,1,2,P-10023,B,CUST-001,120,EST-01,2024-04-18,ERP,6940.42,4.1,56.14,4254.5,21496.31,216.78,won,J-003038
Q-000024,1,3,P-10023,B,CUST-001,225,EST-01,2024-04-18,ERP,13013.29,4.1,105.27,7977.19,39692.11,210.39,won,J-003038
Q-000024,1,4,P-10023,B,CUST-001,475,EST-01,2024-04-18,ERP,27472.5,4.1,222.23,16840.74,83015.46,204.79,won,J-003038
Q-000025,1,1,P-10024,B,CUST-025,120,EST-01,2022-08-15,ERP,7638.38,3.94,48.2,3930.84,19806.71,240.55,won,
Q-000025,1,2,P-10024,B,CUST-025,225,EST-01,2022-08-15,ERP,14321.96,3.94,90.37,7370.32,36592.87,233.9,won,
Q-000025,1,3,P-10024,B,CUST-025,475,EST-01,2022-08-15,ERP,30235.26,3.94,190.78,15559.57,76559.93,228.13,won,
Q-000025,1,4,P-10024,B,CUST-025,950,EST-01,2022-08-15,ERP,60470.51,3.94,381.55,31119.15,152497.34,223.81,won,
Q-000026,1,1,P-10025,C,CUST-019,45,EST-03,2024-04-18,ERP,1552.09,1.89,11.18,158.8,3945.52,125.56,won,J-002957
Q-000026,1,2,P-10025,C,CUST-019,90,EST-03,2024-04-18,ERP,3104.19,1.89,22.36,317.59,7567.84,118.69,won,J-002957
Q-000026,1,3,P-10025,C,CUST-019,190,EST-03,2024-04-18,ERP,6553.28,1.89,47.2,670.47,15617.45,114.2,won,J-002957
Q-000026,1,4,P-10025,C,CUST-019,375,EST-03,2024-04-18,ERP,12934.11,1.89,93.15,1323.29,30509.24,111.4,won,J-002957
Q-000027,1,1,P-10026,D,CUST-054,30,EST-02,2022-07-29,ERP,753.44,4.62,14.64,522.81,4319.57,209.61,won,
Q-000027,1,2,P-10026,D,CUST-054,60,EST-02,2022-07-29,ERP,1506.89,4.62,29.28,1045.62,7909.18,189.25,won,
Q-000027,1,3,P-10026,D,CUST-054,130,EST-02,2022-07-29,ERP,3264.92,4.62,63.45,2265.52,16284.94,177.03,won,
Q-000027,1,4,P-10026,D,CUST-054,250,EST-02,2022-07-29,ERP,6278.69,4.62,122.01,4356.77,30643.39,170.89,won,
Q-000028,1,1,P-10027,B,CUST-001,100,EST-01,2025-04-04,ERP,909.17,2.2,47.47,513.7,10263.83,152.27,won,J-006782
Q-000028,1,2,P-10027,B,CUST-001,200,EST-01,2025-04-04,ERP,1818.33,2.2,94.94,1027.4,20136.06,147.19,won,J-006782
Q-000028,1,3,P-10027,B,CUST-001,425,EST-01,2025-04-04,ERP,3863.96,2.2,201.74,2183.22,42348.57,143.34,won,J-006782
Q-000028,1,4,P-10027,B,CUST-001,850,EST-01,2025-04-04,ERP,7727.91,2.2,403.48,4366.45,84305.55,140.54,won,J-006782
Q-000029,1,1,P-10028,A,CUST-043,15,EST-01,2025-02-17,spreadsheet,732.53,7.34,9.1,0.0,3659.82,386.35,won,J-006128
Q-000029,1,2,P-10028,A,CUST-043,30,EST-01,2025-02-17,spreadsheet,1465.06,7.9,19.59,0.0,6358.66,330.74,won,J-006128
Q-000029,1,3,P-10028,A,CUST-043,60,EST-01,2025-02-17,spreadsheet,2930.11,7.74,38.39,0.0,11140.92,285.46,won,J-006128
Q-000029,1,4,P-10028,A,CUST-043,120,EST-01,2025-02-17,spreadsheet,5860.23,7.55,74.93,0.0,20542.18,259.23,won,J-006128
Q-000030,1,1,P-10029,A,CUST-036,600,EST-01,2025-06-26,ERP,1450.43,3.57,12.02,0.0,4225.45,9.61,won,J-007665
Q-000030,1,2,P-10029,A,CUST-036,1200,EST-01,2025-06-26,ERP,2900.85,3.57,24.04,0.0,7815.43,8.76,won,J-007665
Q-000030,1,3,P-10029,A,CUST-036,2400,EST-01,2025-06-26,ERP,5801.71,3.57,48.08,0.0,14995.41,8.28,won,J-007665
Q-000030,1,4,P-10029,A,CUST-036,4800,EST-01,2025-06-26,ERP,11603.42,3.57,96.16,0.0,29355.36,7.99,won,J-007665
Q-000031,1,1,P-10030,A,CUST-004,35,EST-02,2025-08-29,ERP,53.81,2.53,15.87,178.57,3508.44,127.59,won,J-008345
Q-000031,1,2,P-10030,A,CUST-004,70,EST-02,2025-08-29,ERP,107.61,2.53,31.75,357.14,6566.53,117.64,won,J-008345
Q-000031,1,3,P-10030,A,CUST-004,140,EST-02,2025-08-29,ERP,215.22,2.53,63.5,714.28,12682.72,111.9,won,J-008345
Q-000031,1,4,P-10030,A,CUST-004,275,EST-02,2025-08-29,ERP,422.76,2.53,124.73,1403.05,24478.24,108.33,won,J-008345
Q-000032,1,1,P-10031,B,CUST-001,55,EST-01,2022-07-31,ERP,1293.26,5.76,15.23,0.0,4610.18,110.46,won,
Q-000032,1,2,P-10031,B,CUST-001,110,EST-01,2022-07-31,ERP,2586.53,5.76,30.47,0.0,8310.29,98.02,won,
Q-000032,1,3,P-10031,B,CUST-001,200,EST-01,2022-07-31,ERP,4702.77,5.76,55.39,0.0,14365.0,91.94,won,
Q-000032,1,4,P-10031,B,CUST-001,425,EST-01,2022-07-31,ERP,9993.39,5.76,117.71,0.0,29501.79,87.32,won,
Q-000033,1,1,P-10032,B,CUST-001,60,EST-03,2021-07-25,ERP,1392.8,3.76,15.58,146.07,4498.5,102.82,won,
Q-000033,1,2,P-10032,B,CUST-001,120,EST-03,2021-07-25,ERP,2785.59,3.76,31.17,292.14,8421.71,94.8,won,
Q-000033,1,3,P-10032,B,CUST-001,250,EST-03,2021-07-25,ERP,5803.31,3.76,64.93,608.62,16922.01,89.96,won,
Q-000033,1,4,P-10032,B,CUST-001,500,EST-03,2021-07-25,ERP,11606.63,3.76,129.87,1217.24,33268.74,87.06,won,
Q-000034,1,1,P-10033,B,CUST-006,40,EST-01,2025-02-23,ERP,2486.44,3.67,9.46,267.08,5090.77,176.11,won,J-006226
Q-000034,1,2,P-10033,B,CUST-006,80,EST-01,2025-02-23,ERP,4972.87,3.67,18.92,534.16,9528.29,162.45,won,J-006226
Q-000034,1,3,P-10033,B,CUST-006,170,EST-01,2025-02-23,ERP,10567.36,3.67,40.21,1135.09,19512.7,154.07,won,J-006226
Q-000034,1,4,P-10033,B,CUST-006,325,EST-01,2025-02-23,ERP,20202.3,3.67,76.87,2170.02,36708.07,149.52,won,J-006226
Q-000035,1,1,P-10034,A,CUST-045,20,EST-01,2025-02-01,ERP,705.46,2.39,4.23,91.26,1974.54,136.66,won,J-006118
Q-000035,1,2,P-10034,A,CUST-045,40,EST-01,2025-02-01,ERP,1410.91,2.39,8.45,182.52,3523.67,120.19,won,J-006118
Q-000035,1,3,P-10034,A,CUST-045,80,EST-01,2025-02-01,ERP,2821.82,2.39,16.91,365.05,6621.91,111.29,won,J-006118
Q-000035,1,4,P-10034,A,CUST-045,170,EST-01,2025-02-01,ERP,5996.37,2.39,35.93,775.72,13592.97,105.79,won,J-006118
Q-000036,1,1,P-10035,C,CUST-003,650,EST-02,2024-03-28,ERP,484.38,2.23,28.29,1160.3,6862.89,13.04,won,J-002753
Q-000036,1,2,P-10035,C,CUST-003,1350,EST-02,2024-03-28,ERP,1006.02,2.23,58.75,2409.86,13843.04,12.46,won,J-002753
Q-000036,1,3,P-10035,C,CUST-003,2700,EST-02,2024-03-28,ERP,2012.04,2.23,117.49,4819.73,27304.74,12.1,won,J-002753
Q-000036,1,4,P-10035,C,CUST-003,5400,EST-02,2024-03-28,ERP,4024.08,2.23,234.99,9639.45,54228.15,11.82,won,J-002753
Q-000037,1,1,P-10036,B,CUST-001,110,EST-01,2025-03-08,ERP,1439.06,4.16,33.99,663.98,8894.07,108.69,won,J-006455
Q-000037,1,2,P-10036,B,CUST-001,225,EST-01,2025-03-08,ERP,2943.53,4.16,69.53,1358.15,17418.28,102.48,won,J-006455
Q-000037,1,3,P-10036,B,CUST-001,450,EST-01,2025-03-08,ERP,5887.06,4.16,139.06,2716.29,34096.07,98.81,won,J-006455
Q-000037,1,4,P-10036,B,CUST-001,900,EST-01,2025-03-08,ERP,11774.13,4.16,278.12,5432.59,67451.67,96.26,won,J-006455
Q-000038,1,1,P-10037,B,CUST-006,10,EST-01,2021-07-07,ERP,588.47,2.8,2.95,54.75,1522.46,210.9,won,
Q-000038,1,2,P-10037,B,CUST-006,20,EST-01,2021-07-07,ERP,1176.95,2.8,5.89,109.49,2616.52,178.59,won,
Q-000038,1,3,P-10037,B,CUST-006,40,EST-01,2021-07-07,ERP,2353.89,2.8,11.79,218.98,4804.64,161.54,won,
Q-000038,1,4,P-10037,B,CUST-006,80,EST-01,2021-07-07,ERP,4707.79,2.8,23.57,437.96,9180.87,152.03,won,
Q-000039,1,1,P-10038,A,CUST-056,70,EST-01,2022-01-06,spreadsheet,82.45,4.87,3.2,59.41,1418.36,29.55,won,
Q-000039,1,2,P-10038,A,CUST-056,140,EST-01,2022-01-06,spreadsheet,164.89,4.37,5.75,118.82,1883.25,19.34,won,
Q-000039,1,3,P-10038,A,CUST-056,275,EST-01,2022-01-06,spreadsheet,323.9,4.86,12.56,233.4,3311.13,17.07,won,
Q-000039,1,4,P-10038,A,CUST-056,550,EST-01,2022-01-06,spreadsheet,647.8,5.32,27.48,466.8,6296.14,16.0,won,
Q-000040,1,1,P-10039,B,CUST-013,80,EST-01,2025-03-11,ERP,1865.6,3.4,10.66,1349.28,5717.08,99.85,won,J-006386
Q-000040,1,2,P-10039,B,CUST-013,160,EST-01,2025-03-11,ERP,3731.19,3.4,21.31,2698.55,10828.95,93.2,won,J-006386
Q-000040,1,3,P-10039,B,CUST-013,325,EST-01,2025-03-11,ERP,7578.98,3.4,43.3,5481.43,21372.2,89.2,won,J-006386
Q-000040,1,4,P-10039,B,CUST-013,650,EST-01,2025-03-11,ERP,15157.96,3.4,86.59,10962.86,42139.19,86.63,won,J-006386
Q-000041,1,1,P-10040,A,CUST-006,30,EST-01,2024-02-29,ERP,109.03,2.07,1.71,65.7,821.28,37.39,won,J-002406
Q-000041,1,2,P-10040,A,CUST-006,60,EST-01,2024-02-29,ERP,218.05,2.07,3.42,131.4,1288.59,28.9,won,J-002406
Q-000041,1,3,P-10040,A,CUST-006,120,EST-01,2024-02-29,ERP,436.1,2.07,6.84,262.81,2223.2,24.56,won,J-002406
Q-000041,1,4,P-10040,A,CUST-006,225,EST-01,2024-02-29,ERP,817.69,2.07,12.83,492.77,3858.78,22.42,won,J-002406
Q-000042,1,1,P-10041,C,CUST-019,15,EST-03,2023-04-02,spreadsheet,31.07,2.76,1.49,186.23,914.63,80.1,won,
Q-000042,1,2,P-10041,C,CUST-019,35,EST-03,2023-04-02,spreadsheet,72.5,2.83,3.56,434.53,1555.37,57.3,won,
Q-000042,1,3,P-10041,C,CUST-019,70,EST-03,2023-04-02,spreadsheet,145.0,2.72,6.83,869.07,2578.88,46.78,won,
Q-000042,1,4,P-10041,C,CUST-019,130,EST-03,2023-04-02,spreadsheet,269.28,2.44,11.37,1613.98,4148.34,39.96,won,
Q-000043,1,1,P-10042,B,CUST-007,90,EST-01,2023-05-17,spreadsheet,329.75,2.33,10.42,1279.7,3701.25,55.37,won,
Q-000043,1,2,P-10042,B,CUST-007,180,EST-01,2023-05-17,spreadsheet,659.5,2.41,21.55,2559.4,7148.66,52.7,won,
Q-000043,1,3,P-10042,B,CUST-007,350,EST-01,2023-05-17,spreadsheet,1282.36,2.28,39.61,4976.62,13128.39,49.07,won,
Q-000043,1,4,P-10042,B,CUST-007,700,EST-01,2023-05-17,spreadsheet,2564.71,2.47,85.89,9953.23,27008.16,49.72,won,
Q-000044,1,1,P-10043,A,CUST-011,30,EST-01,2024-06-28,spreadsheet,3472.82,3.17,7.93,845.33,6215.12,273.12,won,J-003686
Q-000044,1,2,P-10043,A,CUST-011,55,EST-01,2024-06-28,spreadsheet,6366.83,3.27,14.98,1549.77,11037.13,261.03,won,J-003686
Q-000044,1,3,P-10043,A,CUST-011,110,EST-01,2024-06-28,spreadsheet,12733.66,3.12,28.63,3099.54,21262.22,247.55,won,J-003686
Q-000044,1,4,P-10043,A,CUST-011,225,EST-01,2024-06-28,spreadsheet,26046.12,3.48,65.27,6339.97,44142.73,247.2,won,J-003686
Q-000045,1,1,P-10044,B,CUST-045,100,EST-01,2025-01-31,ERP,801.75,6.83,84.54,778.42,17843.44,288.0,won,J-006066
Q-000045,1,2,P-10044,B,CUST-045,200,EST-01,2025-01-31,ERP,1603.51,6.83,169.07,1556.83,34471.13,274.37,won,J-006066
Q-000045,1,3,P-10044,B,CUST-045,425,EST-01,2025-01-31,ERP,3407.46,6.83,359.28,3308.26,71883.45,265.17,won,J-006066
Q-000045,1,4,P-10044,B,CUST-045,850,EST-01,2025-01-31,ERP,6814.91,6.83,718.56,6616.53,142551.16,259.21,won,J-006066
Q-000046,1,1,P-10045,A,CUST-026,40,EST-02,2023-08-30,spreadsheet,2046.78,6.16,26.18,127.5,7478.39,262.3,won,J-000699
Q-000046,1,2,P-10045,A,CUST-026,80,EST-02,2023-08-30,spreadsheet,4093.57,5.97,50.76,255.0,13652.25,235.89,won,J-000699
Q-000046,1,3,P-10045,A,CUST-026,160,EST-02,2023-08-30,spreadsheet,8187.14,6.15,104.52,510.0,26847.13,228.46,won,J-000699
Q-000046,1,4,P-10045,A,CUST-026,325,EST-02,2023-08-30,spreadsheet,16630.12,6.08,209.91,1035.94,53087.68,218.94,won,J-000699
Q-000047,1,1,P-10046,A,CUST-001,15,EST-01,2023-02-21,ERP,218.85,4.18,5.5,0.0,1805.79,173.46,won,
Q-000047,1,2,P-10046,A,CUST-001,30,EST-01,2023-02-21,ERP,437.69,4.18,10.99,0.0,2926.06,138.49,won,
Q-000047,1,3,P-10046,A,CUST-001,60,EST-01,2023-02-21,ERP,875.38,4.18,21.99,0.0,5166.6,120.46,won,
Q-000047,1,4,P-10046,A,CUST-001,120,EST-01,2023-02-21,ERP,1750.76,4.18,43.97,0.0,9647.69,110.78,won,
Q-000048,1,1,P-10047,C,CUST-002,30,EST-01,2024-12-05,spreadsheet,87.36,2.15,7.64,0.0,1761.17,83.07,won,J-005451
Q-000048,1,2,P-10047,C,CUST-002,55,EST-01,2024-12-05,spreadsheet,160.16,2.12,13.86,0.0,2893.85,73.55,won,J-005451
Q-000048,1,3,P-10047,C,CUST-002,110,EST-01,2024-12-05,spreadsheet,320.32,2.36,30.83,0.0,5996.45,75.14,won,J-005451
Q-000048,1,4,P-10047,C,CUST-002,225,EST-01,2024-12-05,spreadsheet,655.2,2.15,57.47,0.0,10850.84,65.51,won,J-005451
Q-000049,1,1,P-10048,B,CUST-001,25,EST-01,2025-06-11,ERP,312.23,3.38,1.7,247.53,1464.08,81.41,won,J-007377
Q-000049,1,2,P-10048,B,CUST-001,45,EST-01,2025-06-11,ERP,562.02,3.38,3.06,445.55,2154.02,65.72,won,J-007377
Q-000049,1,3,P-10048,B,CUST-001,90,EST-01,2025-06-11,ERP,1124.04,3.38,6.12,891.1,3706.41,55.71,won,J-007377
Q-000049,1,4,P-10048,B,CUST-001,190,EST-01,2025-06-11,ERP,2372.97,3.38,12.92,1881.21,7156.15,50.14,won,J-007377
Q-000050,1,1,P-10049,A,CUST-019,850,EST-01,2023-03-16,spreadsheet,660.72,2.15,69.59,583.27,13008.94,19.94,won,
Q-000050,1,2,P-10049,A,CUST-019,1750,EST-01,2023-03-16,spreadsheet,1360.31,2.1,139.82,1200.86,25835.9,18.94,won,
Q-000050,1,3,P-10049,A,CUST-019,3500,EST-01,2023-03-16,spreadsheet,2720.63,1.84,244.57,2401.72,45533.36,16.44,won,
Q-000050,1,4,P-10049,A,CUST-019,7000,EST-01,2023-03-16,spreadsheet,5441.26,2.0,533.67,4803.43,98094.58,17.44,won,
