part_number,revision,op_seq,work_center_id,std_setup_hours,std_run_min_per_piece,program_number,last_updated
P-10000,C,10,SAW-01,0.32,0.823,,2021-06-03
P-10000,C,20,LTH-02,2.85,6.169,O04001,2026-05-27
P-10000,C,30,DBR-01,0.14,0.675,,2021-06-03
P-10000,C,40,INS-01,0.49,0.608,,2021-06-03
P-10001,A,10,SAW-02,0.24,1.112,,2021-07-18
P-10001,A,20,VMC-02,2.79,12.361,O04002,2026-05-12
P-10001,A,30,DBR-03,0.25,1.337,,2021-07-18
P-10001,A,40,INS-01,0.33,0.912,,2021-07-18
P-10002,A,10,SAW-01,0.3,0.89,,2025-08-02
P-10002,A,20,LTH-03,1.07,5.441,O04003,2026-05-18
P-10002,A,30,MTN-04,0.98,6.645,O04004,2026-05-21
P-10002,A,40,DBR-03,0.16,1.501,,2025-08-02
P-10002,A,50,INS-02,0.47,1.259,,2025-08-02
P-10003,A,10,SAW-02,0.29,1.441,,2025-08-12
P-10003,A,20,HMC-01,1.48,5.538,O04005,2026-05-21
P-10003,A,30,MDP-01,0.54,2.605,,2025-08-12
P-10003,A,40,DBR-02,0.18,1.766,,2025-08-12
P-10003,A,50,INS-02,0.45,1.318,,2025-08-12
P-10004,C,10,SAW-02,0.32,3.321,,2023-01-01
P-10004,C,20,FAX-03,0.85,11.1,O04006,2026-05-21
P-10004,C,30,VMC-06,0.88,15.34,O04007,2026-05-12
P-10004,C,40,FAX-01,0.78,9.159,O04008,2026-05-18
P-10004,C,50,DBR-02,0.21,3.976,,2023-01-01
P-10004,C,60,INS-02,0.41,3.495,,2023-01-01
P-10005,A,10,FAX-01,3.69,48.905,O04009,2026-05-24
P-10005,A,20,DBR-03,0.21,12.396,,2024-09-05
P-10005,A,30,INS-01,0.38,8.714,,2024-09-05
P-10006,C,10,VMC-03,0.93,7.243,O04010,2026-05-27
P-10006,C,20,VMC-05,0.86,8.021,O04011,2026-05-11
P-10006,C,30,VMC-07,0.53,7.694,O04012,2026-05-25
P-10006,C,40,DBR-01,0.25,2.331,,2023-11-23
P-10006,C,50,INS-01,0.38,3.248,,2023-11-23
P-10007,B,10,SAW-02,0.25,1.084,,2025-01-18
P-10007,B,20,VMC-01,0.81,2.525,O04013,2026-05-24
P-10007,B,30,VMC-03,0.95,3.258,O04014,2026-05-11
P-10007,B,40,VMC-03,1.04,3.691,O04015,2026-05-18
P-10007,B,50,DBR-01,0.2,0.786,,2025-01-18
P-10007,B,60,INS-01,0.47,0.741,,2025-01-18
P-10008,B,10,SAW-02,0.21,2.097,,2022-07-17
P-10008,B,20,VMC-01,2.58,14.235,O04016,2026-05-28
P-10008,B,30,DBR-03,0.24,1.48,,2022-07-17
P-10008,B,40,INS-02,0.28,2.07,,2022-07-17
P-10009,A,10,SAW-01,0.26,8.328,,2025-08-21
P-10009,A,20,VMC-06,0.65,8.534,O04017,2026-05-22
P-10009,A,30,VMC-04,0.8,8.435,O04018,2026-05-21
P-10009,A,40,MDP-01,0.4,7.846,,2025-08-21
P-10009,A,50,DBR-03,0.17,8.183,,2025-08-21
P-10009,A,60,INS-02,0.5,6.782,,2025-08-21
P-10010,D,10,SAW-02,0.26,1.88,,2024-03-27
P-10010,D,20,FAX-03,2.42,2.855,O04019,2026-05-15
P-10010,D,30,FAX-03,2.01,3.587,O04020,2026-05-25
P-10010,D,40,VMC-05,2.21,3.735,O04021,2026-05-19
P-10010,D,50,DBR-02,0.16,1.078,,2024-03-27
P-10010,D,60,INS-02,0.31,2.029,,2024-03-27
P-10011,A,10,SAW-02,0.31,1.301,,2024-08-06
P-10011,A,20,VMC-07,0.78,1.74,O04022,2026-05-24
P-10011,A,30,VMC-02,0.85,1.996,O04023,2026-05-27
P-10011,A,40,VMC-05,1.19,2.215,O04024,2026-05-31
P-10011,A,50,DBR-01,0.17,0.999,,2024-08-06
P-10011,A,60,INS-01,0.49,1.212,,2024-08-06
P-10012,A,10,SWS-02,2.66,0.824,O04025,2026-05-14
P-10012,A,20,DBR-01,0.25,0.154,,2024-03-15
P-10012,A,30,INS-02,0.4,0.127,,2024-03-15
P-10013,B,10,MTN-03,1.16,14.358,O04026,2026-05-25
P-10013,B,20,FAX-01,1.28,8.203,O04027,2026-05-13
P-10013,B,30,EDM-01,1.25,9.274,O04028,2026-05-16
P-10013,B,40,DBR-03,0.17,3.827,,2025-01-31
P-10013,B,50,INS-02,0.41,4.818,,2025-01-31
P-10014,B,10,SAW-02,0.24,1.294,,2022-06-02
P-10014,B,20,HMC-02,0.84,3.098,O04029,2026-05-20
P-10014,B,30,VMC-06,0.59,2.853,O04030,2026-05-14
P-10014,B,40,VMC-02,0.66,2.882,O04031,2026-05-15
P-10014,B,50,DBR-03,0.21,1.227,,2022-06-02
P-10014,B,60,INS-02,0.47,0.812,,2022-06-02
P-10015,A,10,SAW-02,0.32,0.673,,2025-05-21
P-10015,A,20,LTH-03,1.9,9.981,O04032,2026-05-25
P-10015,A,30,DBR-01,0.24,1.005,,2025-05-21
P-10015,A,40,INS-02,0.39,1.079,,2025-05-21
P-10016,B,10,SWS-02,2.51,1.297,O04033,2026-05-14
P-10016,B,20,DBR-01,0.22,0.359,,2023-12-08
P-10016,B,30,INS-01,0.36,0.252,,2023-12-08
P-10017,A,10,SAW-01,0.24,0.901,,2022-01-11
P-10017,A,20,VMC-01,1.54,3.642,O04034,2026-05-23
P-10017,A,30,VMC-07,1.17,2.932,O04035,2026-05-17
P-10017,A,40,DBR-03,0.19,0.588,,2022-01-11
P-10017,A,50,INS-02,0.34,0.664,,2022-01-11
P-10018,C,10,VMC-07,0.75,5.149,O04036,2026-05-17
P-10018,C,20,VMC-01,0.89,4.564,O04037,2026-05-13
P-10018,C,30,EDM-02,0.61,4.058,O04038,2026-05-29
P-10018,C,40,DBR-02,0.25,3.07,,2024-01-29
P-10018,C,50,INS-01,0.44,2.557,,2024-01-29
P-10019,C,10,SAW-01,0.18,1.755,,2023-09-09
P-10019,C,20,HMC-03,1.9,13.013,O04039,2026-05-21
P-10019,C,30,DBR-02,0.22,1.151,,2023-09-09
P-10019,C,40,INS-02,0.34,1.862,,2023-09-09
P-10020,D,10,SAW-02,0.28,1.581,,2024-01-13
P-10020,D,20,VMC-01,2.43,3.605,O04040,2026-05-15
P-10020,D,30,VMC-05,3.01,4.159,O04041,2026-05-29
P-10020,D,40,DBR-01,0.16,1.497,,2024-01-13
P-10020,D,50,INS-01,0.41,1.568,,2024-01-13
P-10021,A,10,SAW-01,0.19,0.289,,2024-06-28
P-10021,A,20,LTH-01,0.53,1.114,O04042,2026-05-19
P-10021,A,30,LTH-04,0.65,0.856,O04043,2026-05-21
P-10021,A,40,DBR-03,0.19,0.224,,2024-06-28
P-10021,A,50,INS-01,0.31,0.18,,2024-06-28
P-10022,A,10,SAW-01,0.24,2.88,,2023-12-25
P-10022,A,20,FAX-01,2.18,16.066,O04044,2026-05-21
P-10022,A,30,FAX-03,1.54,13.699,O04045,2026-05-31
P-10022,A,40,FAX-02,2.3,9.166,O04046,2026-05-17
P-10022,A,50,DBR-01,0.19,5.246,,2023-12-25
P-10022,A,60,INS-01,0.32,5.474,,2023-12-25
P-10023,B,10,SAW-01,0.19,3.555,,2024-04-18
P-10023,B,20,LTH-05,2.86,10.097,O04047,2026-05-29
P-10023,B,30,DBR-02,0.25,3.537,,2024-04-18
P-10023,B,40,ASM-02,0.6,5.377,,2024-04-18
P-10023,B,50,INS-02,0.35,5.645,,2024-04-18
P-10024,B,10,SAW-01,0.32,1.42,,2022-08-15
P-10024,B,20,HMC-02,1.58,8.251,O04048,2026-05-26
P-10024,B,30,VMC-07,1.21,9.01,O04049,2026-05-12
P-10024,B,40,DBR-01,0.22,2.092,,2022-08-15
P-10024,B,50,INS-02,0.49,2.65,,2022-08-15
P-10025,C,10,SAW-01,0.27,1.735,,2024-04-18
P-10025,C,20,LTH-04,1.01,9.176,O04050,2026-05-22
P-10025,C,30,DBR-01,0.22,0.915,,2024-04-18
P-10025,C,40,INS-02,0.37,1.299,,2024-04-18
P-10026,D,10,SAW-01,0.25,1.611,,2022-07-29
P-10026,D,20,HMC-01,1.69,12.162,O04051,2026-05-13
P-10026,D,30,HMC-04,1.73,12.512,O04052,2026-05-25
P-10026,D,40,DBR-02,0.23,1.6,,2022-07-29
P-10026,D,50,INS-02,0.52,1.662,,2022-07-29
P-10027,B,10,SAW-01,0.24,2.082,,2025-04-04
P-10027,B,20,HMC-04,0.48,5.864,O04053,2026-05-20
P-10027,B,30,VMC-06,0.45,5.414,O04054,2026-05-28
P-10027,B,40,HMC-03,0.5,4.853,O04055,2026-05-24
P-10027,B,50,DBR-02,0.14,1.448,,2025-04-04
P-10027,B,60,INS-02,0.32,1.463,,2025-04-04
P-10028,A,10,SAW-01,0.18,2.875,,2025-02-17
P-10028,A,20,FAX-03,4.92,31.305,O04056,2026-05-27
P-10028,A,30,DBR-02,0.24,2.371,,2025-02-17
P-10028,A,40,INS-02,0.32,4.631,,2025-02-17
P-10029,A,10,SWS-03,0.94,0.278,O04057,2026-05-23
P-10029,A,20,SWS-02,0.84,0.241,O04058,2026-05-18
P-10029,A,30,SWS-03,0.78,0.351,O04059,2026-05-28
P-10029,A,40,DBR-03,0.27,0.191,,2025-06-26
P-10029,A,50,INS-01,0.47,0.121,,2025-06-26
P-10030,A,10,VMC-06,0.67,9.224,O04060,2026-05-23
P-10030,A,20,EDM-01,0.97,6.832,O04061,2026-05-16
P-10030,A,30,VMC-02,0.83,6.98,O04062,2026-05-25
P-10030,A,40,DBR-03,0.14,3.226,,2025-08-29
P-10030,A,50,INS-02,0.39,3.419,,2025-08-29
P-10031,B,10,SAW-01,0.26,2.448,,2022-07-31
P-10031,B,20,VMC-02,4.79,5.57,O04063,2026-05-17
P-10031,B,30,DBR-03,0.17,2.581,,2022-07-31
P-10031,B,40,ASM-02,0.75,2.582,,2022-07-31
P-10031,B,50,INS-02,0.42,2.36,,2022-07-31
P-10032,B,10,SAW-02,0.23,1.487,,2021-07-25
P-10032,B,20,HMC-03,1.15,2.873,PART,2026-05-26
P-10032,B,30,VMC-03,0.88,4.592,O04065,2026-05-24
P-10032,B,40,VMC-07,0.95,4.612,O04066,2026-05-22
P-10032,B,50,DBR-02,0.15,1.041,,2021-07-25
P-10032,B,60,INS-02,0.41,2.167,,2021-07-25
P-10033,B,10,SAW-02,0.3,1.862,,2025-02-23
P-10033,B,20,VMC-06,0.94,3.332,O1000,2026-05-19
P-10033,B,30,VMC-01,0.97,3.249,O04068,2026-05-16
P-10033,B,40,VMC-07,0.88,3.271,O04069,2026-05-12
P-10033,B,50,DBR-03,0.2,1.956,,2025-02-23
P-10033,B,60,INS-01,0.32,1.313,,2025-02-23
P-10034,B,10,SAW-02,0.25,0.906,,2025-02-01
P-10034,B,20,LTH-05,0.44,2.636,O04070,2026-05-31
P-10034,B,30,MTN-02,0.48,2.586,O04071,2026-05-21
P-10034,B,40,LTH-02,0.4,3.121,O04072,2026-05-29
P-10034,B,50,DBR-01,0.16,1.346,,2025-02-01
P-10034,B,60,INS-01,0.39,1.406,,2025-02-01
P-10035,C,10,SWS-03,0.72,0.644,O04073,2026-05-17
P-10035,C,20,SWS-02,0.68,0.562,O04074,2026-05-12
P-10035,C,30,SWS-03,0.53,0.521,O1001,2026-05-13
P-10035,C,40,DBR-01,0.17,0.364,,2024-03-28
P-10035,C,50,INS-02,0.47,0.288,,2024-03-28
P-10036,B,10,SAW-02,0.2,2.364,,2025-03-08
P-10036,B,20,VMC-04,0.82,4.793,O04076,2026-05-28
P-10036,B,30,VMC-03,0.92,5.239,O04077,2026-05-30
P-10036,B,40,VMC-07,1.12,3.713,O04078,2026-05-21
P-10036,B,50,DBR-03,0.25,1.492,,2025-03-08
P-10036,B,60,INS-01,0.41,1.612,,2025-03-08
P-10037,B,10,SAW-02,0.23,1.543,,2021-07-07
P-10037,B,20,VMC-03,1.22,5.06,O04079,2026-05-16
P-10037,B,30,HMC-02,1.29,4.699,O04080,2026-05-24
P-10037,B,40,DBR-02,0.25,1.713,,2021-07-07
P-10037,B,50,INS-01,0.29,1.397,,2021-07-07
P-10038,A,10,SWS-02,4.73,2.029,O04081,2026-05-28
P-10038,A,20,DBR-02,0.23,0.484,,2022-01-06
P-10038,A,30,INS-02,0.37,0.313,,2022-01-06
P-10039,B,10,SAW-01,0.29,0.854,,2025-03-11
P-10039,B,20,VMC-02,2.33,6.856,O04082,2026-05-19
P-10039,B,30,DBR-01,0.25,0.44,,2025-03-11
P-10039,B,40,INS-02,0.45,0.908,,2025-03-11
P-10040,A,10,SAW-02,0.27,0.536,,2024-02-29
P-10040,A,20,LTH-03,1.38,2.408,O04083,2026-05-28
P-10040,A,30,DBR-01,0.28,0.334,,2024-02-29
P-10040,A,40,INS-02,0.29,0.49,,2024-02-29
