event_id,job_id,op_seq,type,quantity,reason_code,reported_by,event_date
SR-000001,J-000001,20,scrap,1,,QC-01,2023-07-04
SR-000002,J-000004,20,rework,6,,LEAD-01,2023-07-04
SR-000003,J-000005,20,scrap,5,,OP,2023-07-04
SR-000005,J-000010,30,rework,1,,LEAD-01,2023-07-05
SR-000006,J-000011,20,rework,5,SETUP,QC-01,2023-07-06
SR-000008,J-000015,30,scrap,1,TOOL,QC-02,2023-07-06
SR-000009,J-000017,20,rework,5,HAND,LEAD-02,2023-07-05
SR-000010,,30,scrap,5,TOOL,QC-02,2023-07-05
SR-000011,J-000025,10,rework,7,,LEAD-02,2023-07-06
SR-000013,J-000033,30,rework,1,DIM,LEAD-03,2023-07-08
SR-000015,J-000042,10,rework,2,,QC-02,2023-07-10
SR-000017,J-000046,20,rework,4,DIM,QC-02,2023-07-10
SR-000020,J-000052,10,scrap,1,,QC-01,2023-07-10
SR-000024,J-000063,10,scrap,12,,OP,2023-07-10
SR-000025,J-000063,10,scrap,5,,OP,2023-07-10
SR-000027,J-000068,20,scrap,7,PROG,QC-02,2023-07-13
SR-000030,,30,rework,2,,LEAD-01,2023-07-13
SR-000032,,20,rework,1,,LEAD-03,2023-07-13
SR-000035,J-000099,10,scrap,3,,LEAD-03,2023-07-16
SR-000036,J-000101,40,rework,4,,OP,2023-07-18
SR-000042,J-000111,30,scrap,1,PROG,OP,2023-07-18
SR-000043,J-000114,20,scrap,5,TOOL,QC-01,2023-07-17
SR-000044,J-000123,10,scrap,13,,LEAD-01,2023-07-18
SR-000046,,20,scrap,11,,OP,2023-07-21
SR-000047,,30,scrap,1,,OP,2023-07-24
SR-000049,J-000152,20,scrap,4,MATL,LEAD-03,2023-07-22
SR-000050,J-000152,20,scrap,2,,OP,2023-07-22
SR-000052,J-000159,30,scrap,1,PROG,OP,2023-07-25
SR-000053,J-000161,20,rework,1,FIN,LEAD-02,2023-07-24
SR-000054,J-000162,20,scrap,4,,LEAD-03,2023-07-25
SR-000055,J-000163,10,scrap,10,TOOL,QC-01,2023-07-24
SR-000057,J-000164,30,scrap,1,,QC-02,2023-07-25
SR-000058,J-000166,20,scrap,1,,LEAD-01,2023-07-25
SR-000059,,40,rework,1,HAND,QC-01,2023-07-25
SR-000061,J-000172,20,scrap,13,,LEAD-01,2023-07-25
SR-000062,J-000174,20,scrap,6,FIN,LEAD-02,2023-07-24
SR-000063,J-000182,30,rework,1,,LEAD-01,2023-07-27
SR-000065,J-000192,30,rework,1,PROG,QC-02,2023-07-26
SR-000066,J-000194,40,scrap,1,HAND,OP,2023-07-29
SR-000067,J-000195,30,rework,1,HAND,LEAD-03,2023-07-28
SR-000068,J-000196,20,scrap,1,,LEAD-03,2023-07-27
SR-000069,J-000207,20,rework,1,,QC-02,2023-07-28
SR-000071,J-000217,30,scrap,1,SETUP,QC-01,2023-08-01
SR-000072,J-000221,40,scrap,1,,LEAD-03,2023-08-02
SR-000073,J-000221,40,rework,1,HAND,LEAD-03,2023-08-02
SR-000074,J-000222,10,scrap,1,,LEAD-02,2023-07-30
SR-000076,J-000228,30,rework,1,TOOL,OP,2023-08-02
SR-000078,J-000230,20,rework,2,,QC-01,2023-08-01
SR-000079,J-000234,10,rework,3,,QC-01,2023-07-31
SR-000080,J-000236,30,rework,5,PROG,QC-02,2023-08-04
SR-000083,J-000237,20,scrap,3,,QC-02,2023-08-03
SR-000084,J-000239,20,scrap,1,TOOL,QC-01,2023-08-02
SR-000085,J-000241,30,scrap,6,,LEAD-03,2023-08-02
SR-000086,J-000244,10,rework,4,,LEAD-02,2023-08-03
SR-000088,J-000249,30,rework,2,HAND,OP,2023-08-07
SR-000089,,20,scrap,1,FIN,LEAD-02,2023-08-03
SR-000091,,20,scrap,1,PROG,LEAD-03,2023-08-03
SR-000092,J-000250,20,scrap,1,,LEAD-02,2023-08-03
SR-000094,J-000254,20,scrap,2,MATL,QC-02,2023-08-04
SR-000095,J-000255,40,rework,1,DIM,QC-02,2023-08-05
SR-000099,J-000271,40,rework,6,MATL,OP,2023-08-07
SR-000100,J-000281,30,scrap,1,,LEAD-03,2023-08-08
SR-000102,J-000290,30,rework,3,,LEAD-01,2023-08-09
SR-000104,J-000299,30,rework,4,,QC-01,2023-08-10
SR-000105,J-000303,20,scrap,1,,QC-02,2023-08-09
SR-000106,,10,rework,1,,LEAD-02,2023-08-10
SR-000107,J-000305,20,rework,1,,OP,2023-08-10
SR-000108,J-000306,20,rework,1,SETUP,LEAD-03,2023-08-11
SR-000110,J-000310,20,scrap,1,MATL,QC-02,2023-08-10
SR-000112,J-000313,20,scrap,1,DIM,QC-01,2023-08-11
SR-000113,J-000313,40,scrap,1,SETUP,LEAD-01,2023-08-12
SR-000115,J-000326,30,rework,2,,LEAD-02,2023-08-11
SR-000116,J-000327,20,rework,9,SETUP,QC-01,2023-08-11
SR-000118,J-000329,20,scrap,3,,QC-02,2023-08-16
SR-000119,J-000343,30,rework,3,,LEAD-03,2023-08-18
SR-000122,J-000350,20,scrap,5,,OP,2023-08-15
SR-000123,J-000354,20,rework,5,DIM,OP,2023-08-16
SR-000124,J-000356,20,rework,1,FIN,OP,2023-08-17
SR-000125,J-000357,20,scrap,11,HAND,LEAD-03,2023-08-15
SR-000126,J-000366,20,rework,2,PROG,OP,2023-08-23
SR-000127,J-000370,20,rework,7,,LEAD-03,2023-08-17
SR-000129,J-000379,20,rework,1,MATL,LEAD-03,2023-08-17
SR-000130,J-000380,20,scrap,6,DIM,LEAD-03,2023-08-19
SR-000131,,20,scrap,4,,QC-02,2023-08-17
SR-000134,,30,rework,5,MATL,QC-02,2023-08-19
SR-000135,J-000393,40,rework,11,FIN,LEAD-01,2023-08-18
SR-000136,J-000395,30,scrap,1,PROG,OP,2023-08-18
SR-000138,J-000396,30,rework,16,,LEAD-01,2023-09-11
SR-000139,J-000396,30,scrap,11,SETUP,LEAD-02,2023-09-14
SR-000140,,30,scrap,8,,LEAD-02,2023-09-07
SR-000142,J-000400,20,rework,1,TOOL,LEAD-03,2023-08-24
SR-000144,J-000403,20,rework,4,,LEAD-02,2023-08-22
SR-000145,J-000403,20,rework,3,SETUP,QC-01,2023-08-21
SR-000146,J-000405,30,rework,7,SETUP,QC-02,2023-08-23
SR-000148,J-000410,20,rework,5,PROG,LEAD-01,2023-08-24
SR-000149,J-000417,20,scrap,1,TOOL,OP,2023-08-21
SR-000151,,20,rework,1,,OP,2023-08-24
SR-000155,J-000435,20,scrap,3,MATL,OP,2023-08-24
SR-000158,J-000450,10,scrap,8,FIN,QC-02,2023-08-24
SR-000160,J-000458,20,scrap,1,HAND,OP,2023-08-25
SR-000162,J-000464,20,rework,2,,QC-02,2023-08-26
SR-000163,J-000464,30,rework,4,DIM,OP,2023-08-28
SR-000164,J-000464,20,rework,5,,LEAD-03,2023-08-26
SR-000168,J-000476,30,scrap,4,PROG,QC-01,2023-08-29
SR-000171,J-000482,10,scrap,4,FIN,OP,2023-09-19
SR-000172,J-000491,40,scrap,9,,QC-01,2023-08-30
SR-000175,J-000495,30,scrap,1,DIM,LEAD-01,2023-08-30
SR-000176,J-000495,20,rework,1,TOOL,LEAD-03,2023-08-29
SR-000177,J-000496,20,rework,1,MATL,LEAD-01,2023-08-29
SR-000178,J-000500,10,rework,6,PROG,QC-01,2023-08-29
SR-000179,J-000501,10,scrap,7,,OP,2023-08-28
SR-000185,J-000530,20,rework,20,PROG,OP,2023-08-31
SR-000187,J-000541,20,scrap,6,,OP,2023-09-01
SR-000188,J-000547,30,rework,1,SETUP,LEAD-03,2023-09-04
SR-000190,J-000556,20,rework,1,,OP,2023-09-04
SR-000192,J-000557,30,scrap,1,TOOL,LEAD-03,2023-09-05
SR-000193,J-000560,10,rework,2,,OP,2023-09-04
SR-000194,J-000562,10,scrap,1,,OP,2023-09-04
SR-000198,J-000570,20,rework,11,,LEAD-02,2023-09-09
SR-000199,J-000571,20,rework,1,HAND,QC-02,2023-09-29
SR-000200,J-000574,20,scrap,1,,LEAD-02,2023-09-06
SR-000202,J-000581,30,scrap,2,,LEAD-03,2023-09-07
SR-000203,J-000587,40,scrap,2,,OP,2023-09-11
SR-000204,J-000589,40,scrap,1,FIN,LEAD-01,2023-09-11
SR-000206,J-000592,20,scrap,1,,QC-02,2023-09-12
SR-000207,J-000596,20,rework,1,HAND,LEAD-02,2023-09-11
SR-000208,J-000600,20,scrap,4,FIN,QC-02,2023-09-08
SR-000209,J-000607,20,rework,15,HAND,QC-01,2023-09-11
SR-000210,J-000610,10,rework,4,HAND,QC-02,2023-09-10
SR-000212,J-000612,20,rework,6,TOOL,OP,2023-09-11
SR-000213,J-000614,30,rework,6,TOOL,QC-01,2023-09-14
SR-000217,J-000627,30,rework,10,,OP,2023-09-13
SR-000218,,30,scrap,2,HAND,LEAD-02,2023-09-14
SR-000219,,20,rework,1,,QC-01,2023-09-13
SR-000221,J-000644,40,rework,1,,LEAD-02,2023-09-15
SR-000222,J-000648,10,rework,5,MATL,QC-02,2023-09-14
SR-000226,J-000655,30,rework,8,HAND,OP,2023-09-20
SR-000227,J-000657,40,scrap,15,,LEAD-01,2023-09-18
SR-000228,,20,scrap,8,TOOL,LEAD-02,2023-09-16
SR-000229,J-000665,20,rework,1,,LEAD-01,2023-09-17
SR-000231,J-000668,20,rework,2,,LEAD-01,2023-09-19
SR-000236,J-000678,10,scrap,11,SETUP,QC-01,2023-09-19
SR-000237,J-000680,20,rework,21,MATL,LEAD-03,2023-09-20
SR-000238,J-000686,30,rework,2,TOOL,LEAD-01,2023-09-21
SR-000239,J-000688,20,scrap,3,SETUP,LEAD-03,2023-09-18
SR-000240,J-000689,30,scrap,8,MATL,LEAD-01,2023-09-22
SR-000242,J-000697,20,rework,1,HAND,OP,2023-09-23
SR-000243,J-000711,20,rework,2,,LEAD-03,2023-09-24
SR-000246,J-000721,20,scrap,2,,OP,2023-10-03
SR-000247,J-000729,30,scrap,1,DIM,LEAD-01,2023-09-26
SR-000248,J-000730,20,rework,2,,QC-01,2023-09-25
SR-000250,J-000731,20,scrap,2,,LEAD-02,2023-09-26
SR-000251,J-000738,30,rework,2,PROG,LEAD-02,2023-09-27
SR-000253,J-000741,40,scrap,3,,LEAD-03,2023-09-27
SR-000254,J-000742,20,scrap,2,,LEAD-02,2023-09-27
SR-000255,J-000744,20,scrap,9,MATL,QC-02,2023-09-27
SR-000257,J-000746,20,rework,3,HAND,LEAD-03,2023-09-27
SR-000258,J-000746,20,rework,5,,QC-01,2023-09-27
SR-000260,J-000750,30,scrap,3,MATL,LEAD-01,2023-09-28
SR-000262,J-000755,20,scrap,9,SETUP,LEAD-01,2023-09-27
SR-000263,J-000755,30,rework,6,,LEAD-02,2023-09-27
SR-000266,J-000769,20,rework,8,,LEAD-01,2023-10-01
SR-000267,J-000773,20,scrap,2,TOOL,LEAD-02,2023-09-29
SR-000268,J-000781,40,scrap,1,,LEAD-01,2023-09-30
SR-000269,J-000781,20,scrap,1,HAND,LEAD-02,2023-09-29
SR-000270,J-000784,20,scrap,3,DIM,QC-01,2023-10-03
SR-000272,J-000792,30,rework,2,TOOL,LEAD-03,2023-10-06
SR-000273,J-000799,20,scrap,1,DIM,QC-01,2023-10-02
SR-000274,,40,rework,2,DIM,QC-02,2023-10-04
SR-000275,J-000813,40,rework,1,DIM,LEAD-01,2023-10-04
SR-000276,J-000816,20,scrap,1,DIM,LEAD-01,2023-10-05
SR-000279,J-000825,10,scrap,3,,LEAD-02,2023-10-04
SR-000281,J-000830,30,scrap,4,HAND,LEAD-03,2023-10-09
SR-000283,J-000835,30,rework,11,TOOL,QC-02,2023-10-13
SR-000285,J-000840,20,scrap,1,HAND,OP,2023-10-09
SR-000286,J-000840,20,scrap,1,HAND,QC-02,2023-10-10
SR-000287,J-000842,40,scrap,2,PROG,LEAD-02,2023-10-10
SR-000288,J-000842,30,rework,1,FIN,OP,2023-10-10
SR-000289,J-000844,40,scrap,1,,LEAD-02,2023-10-09
SR-000291,J-000846,30,scrap,9,FIN,LEAD-02,2023-10-09
SR-000292,J-000847,20,scrap,4,,LEAD-03,2023-10-11
SR-000296,J-000864,20,rework,4,HAND,LEAD-03,2023-10-12
SR-000297,,10,rework,18,SETUP,OP,2023-10-09
SR-000299,J-000868,40,scrap,1,DIM,QC-02,2023-10-10
SR-000303,J-000886,20,rework,5,,QC-02,2023-10-17
SR-000304,J-000897,20,scrap,1,,QC-01,2023-10-14
SR-000306,J-000901,20,scrap,1,,LEAD-02,2023-10-13
SR-000308,J-000902,20,scrap,1,SETUP,LEAD-01,2023-10-16
SR-000309,J-000906,20,scrap,11,SETUP,LEAD-03,2023-10-14
SR-000311,,30,scrap,2,,LEAD-01,2023-10-15
SR-000312,J-000914,30,scrap,10,FIN,QC-01,2023-10-15
SR-000313,J-000914,30,scrap,7,PROG,LEAD-01,2023-10-15
SR-000314,J-000921,30,rework,3,FIN,QC-01,2023-10-17
SR-000316,J-000934,30,scrap,4,,LEAD-01,2023-10-18
SR-000317,J-000937,20,rework,1,,LEAD-03,2023-10-17
SR-000319,J-000949,20,scrap,1,MATL,QC-02,2023-10-18
SR-000320,,20,rework,1,FIN,QC-02,2023-10-18
SR-000321,J-000950,10,scrap,59,FIN,LEAD-01,2023-10-18
SR-000324,J-000952,20,rework,8,,QC-01,2023-10-18
SR-000325,J-000954,30,scrap,1,,OP,2023-10-18
