work_center_id,effective_date,labor_rate,burden_rate,attended_ratio
VMC-01,2023-01-01,59.04,104.96,1.0
VMC-01,2024-01-01,61.56,109.44,1.0
VMC-01,2025-01-01,64.08,113.92,1.0
VMC-01,2026-01-01,66.6,118.4,1.0
VMC-02,2023-01-01,59.04,104.96,1.0
VMC-02,2024-01-01,61.56,109.44,1.0
VMC-02,2025-01-01,64.08,113.92,1.0
VMC-02,2026-01-01,66.6,118.4,1.0
VMC-03,2023-01-01,59.04,104.96,1.0
VMC-03,2024-01-01,61.56,109.44,1.0
VMC-03,2025-01-01,64.08,113.92,1.0
VMC-03,2026-01-01,66.6,118.4,1.0
VMC-04,2023-01-01,59.04,104.96,1.0
VMC-04,2024-01-01,61.56,109.44,1.0
VMC-04,2025-01-01,64.08,113.92,1.0
VMC-04,2026-01-01,66.6,118.4,1.0
VMC-05,2023-01-01,59.04,104.96,1.0
VMC-05,2024-01-01,61.56,109.44,1.0
VMC-05,2025-01-01,64.08,113.92,1.0
VMC-05,2026-01-01,66.6,118.4,1.0
VMC-06,2023-01-01,59.04,104.96,1.0
VMC-06,2024-01-01,61.56,109.44,1.0
VMC-06,2025-01-01,64.08,113.92,1.0
VMC-06,2026-01-01,66.6,118.4,1.0
VMC-07,2023-01-01,59.04,104.96,1.0
VMC-07,2024-01-01,61.56,109.44,1.0
VMC-07,2025-01-01,64.08,113.92,1.0
VMC-07,2026-01-01,66.6,118.4,1.0
FAX-01,2023-01-01,59.04,104.96,1.0
FAX-01,2024-01-01,61.56,109.44,1.0
FAX-01,2025-01-01,64.08,113.92,1.0
FAX-01,2026-01-01,66.6,118.4,1.0
FAX-02,2023-01-01,59.04,104.96,1.0
FAX-02,2024-01-01,61.56,109.44,1.0
FAX-02,2025-01-01,64.08,113.92,1.0
FAX-02,2026-01-01,66.6,118.4,1.0
FAX-03,2023-01-01,59.04,104.96,1.0
FAX-03,2024-01-01,61.56,109.44,1.0
FAX-03,2025-01-01,64.08,113.92,1.0
FAX-03,2026-01-01,66.6,118.4,1.0
HMC-01,2023-01-01,59.04,104.96,1.0
HMC-01,2024-01-01,61.56,109.44,1.0
HMC-01,2025-01-01,64.08,113.92,1.0
HMC-01,2026-01-01,66.6,118.4,1.0
HMC-02,2023-01-01,59.04,104.96,1.0
HMC-02,2024-01-01,61.56,109.44,1.0
HMC-02,2025-01-01,64.08,113.92,1.0
HMC-02,2026-01-01,66.6,118.4,1.0
HMC-03,2023-01-01,59.04,104.96,1.0
HMC-03,2024-01-01,61.56,109.44,1.0
HMC-03,2025-01-01,64.08,113.92,1.0
HMC-03,2026-01-01,66.6,118.4,1.0
HMC-04,2023-01-01,59.04,104.96,1.0
HMC-04,2024-01-01,61.56,109.44,1.0
HMC-04,2025-01-01,64.08,113.92,1.0
HMC-04,2026-01-01,66.6,118.4,1.0
LTH-01,2023-01-01,59.04,104.96,1.0
LTH-01,2024-01-01,61.56,109.44,1.0
LTH-01,2025-01-01,64.08,113.92,1.0
LTH-01,2026-01-01,66.6,118.4,1.0
LTH-02,2023-01-01,59.04,104.96,1.0
LTH-02,2024-01-01,61.56,109.44,1.0
LTH-02,2025-01-01,64.08,113.92,1.0
LTH-02,2026-01-01,66.6,118.4,1.0
LTH-03,2023-01-01,59.04,104.96,1.0
LTH-03,2024-01-01,61.56,109.44,1.0
LTH-03,2025-01-01,64.08,113.92,1.0
LTH-03,2026-01-01,66.6,118.4,1.0
LTH-04,2023-01-01,59.04,104.96,1.0
LTH-04,2024-01-01,61.56,109.44,1.0
LTH-04,2025-01-01,64.08,113.92,1.0
LTH-04,2026-01-01,66.6,118.4,1.0
LTH-05,2023-01-01,59.04,104.96,1.0
LTH-05,2024-01-01,61.56,109.44,1.0
LTH-05,2025-01-01,64.08,113.92,1.0
LTH-05,2026-01-01,66.6,118.4,1.0
MTN-01,2023-01-01,59.04,104.96,1.0
MTN-01,2024-01-01,61.56,109.44,1.0
MTN-01,2025-01-01,64.08,113.92,1.0
MTN-01,2026-01-01,66.6,118.4,1.0
MTN-02,2023-01-01,59.04,104.96,1.0
MTN-02,2024-01-01,61.56,109.44,1.0
MTN-02,2025-01-01,64.08,113.92,1.0
MTN-02,2026-01-01,66.6,118.4,1.0
MTN-03,2023-01-01,59.04,104.96,1.0
MTN-03,2024-01-01,61.56,109.44,1.0
MTN-03,2025-01-01,64.08,113.92,1.0
MTN-03,2026-01-01,66.6,118.4,1.0
MTN-04,2023-01-01,59.04,104.96,1.0
MTN-04,2024-01-01,61.56,109.44,1.0
MTN-04,2025-01-01,64.08,113.92,1.0
MTN-04,2026-01-01,66.6,118.4,1.0
SWS-01,2023-01-01,59.04,104.96,1.0
SWS-01,2024-01-01,61.56,109.44,1.0
SWS-01,2025-01-01,64.08,113.92,1.0
SWS-01,2026-01-01,66.6,118.4,1.0
SWS-02,2023-01-01,59.04,104.96,1.0
SWS-02,2024-01-01,61.56,109.44,1.0
SWS-02,2025-01-01,64.08,113.92,1.0
SWS-02,2026-01-01,66.6,118.4,1.0
SWS-03,2023-01-01,59.04,104.96,1.0
SWS-03,2024-01-01,61.56,109.44,1.0
SWS-03,2025-01-01,64.08,113.92,1.0
SWS-03,2026-01-01,66.6,118.4,1.0
EDM-01,2023-01-01,59.04,104.96,1.0
EDM-01,2024-01-01,61.56,109.44,1.0
EDM-01,2025-01-01,64.08,113.92,1.0
EDM-01,2026-01-01,66.6,118.4,1.0
EDM-02,2023-01-01,59.04,104.96,1.0
EDM-02,2024-01-01,61.56,109.44,1.0
EDM-02,2025-01-01,64.08,113.92,1.0
EDM-02,2026-01-01,66.6,118.4,1.0
SAW-01,2023-01-01,59.04,104.96,1.0
SAW-01,2024-01-01,61.56,109.44,1.0
SAW-01,2025-01-01,64.08,113.92,1.0
SAW-01,2026-01-01,66.6,118.4,1.0
SAW-02,2023-01-01,59.04,104.96,1.0
SAW-02,2024-01-01,61.56,109.44,1.0
SAW-02,2025-01-01,64.08,113.92,1.0
SAW-02,2026-01-01,66.6,118.4,1.0
MDP-01,2023-01-01,59.04,104.96,1.0
MDP-01,2024-01-01,61.56,109.44,1.0
MDP-01,2025-01-01,64.08,113.92,1.0
MDP-01,2026-01-01,66.6,118.4,1.0
DBR-01,2023-01-01,59.04,104.96,1.0
DBR-01,2024-01-01,61.56,109.44,1.0
DBR-01,2025-01-01,64.08,113.92,1.0
DBR-01,2026-01-01,66.6,118.4,1.0
DBR-02,2023-01-01,59.04,104.96,1.0
DBR-02,2024-01-01,61.56,109.44,1.0
DBR-02,2025-01-01,64.08,113.92,1.0
DBR-02,2026-01-01,66.6,118.4,1.0
DBR-03,2023-01-01,59.04,104.96,1.0
DBR-03,2024-01-01,61.56,109.44,1.0
DBR-03,2025-01-01,64.08,113.92,1.0
DBR-03,2026-01-01,66.6,118.4,1.0
INS-01,2023-01-01,59.04,104.96,1.0
INS-01,2024-01-01,61.56,109.44,1.0
INS-01,2025-01-01,64.08,113.92,1.0
INS-01,2026-01-01,66.6,118.4,1.0
INS-02,2023-01-01,59.04,104.96,1.0
INS-02,2024-01-01,61.56,109.44,1.0
INS-02,2025-01-01,64.08,113.92,1.0
INS-02,2026-01-01,66.6,118.4,1.0
ASM-01,2023-01-01,59.04,104.96,1.0
ASM-01,2024-01-01,61.56,109.44,1.0
ASM-01,2025-01-01,64.08,113.92,1.0
ASM-01,2026-01-01,66.6,118.4,1.0
ASM-02,2023-01-01,59.04,104.96,1.0
ASM-02,2024-01-01,61.56,109.44,1.0
ASM-02,2025-01-01,64.08,113.92,1.0
ASM-02,2026-01-01,66.6,118.4,1.0
