maintenance_id,machine_id,maintenance_type,failure_code,work_order_open_date,work_order_close_date,downtime_hours,technician_empid,parts_consumed,resolution_notes,pm_scheduled_date,pm_completed_date,days_overdue
MNT-000385,MCH-004,INSPECTION,,2023-01-03 15:00:00,2023-01-03 16:06:00,1.1,1037,Inspection consumables,"Completed condition inspection, no corrective action required.",,,
MNT-001214,MCH-011,PLANNED_INTERVAL,MECHANICAL,2023-01-04 07:00:00,2023-01-04 09:12:00,2.2,1037,Drive belt; Way cover; Spindle bearing,Interval service: replaced wear components ahead of the machine's usual failure point.,2023-01-03,2023-01-04,1.0
MNT-001452,MCH-012,PLANNED_INTERVAL,TOOLING,2023-01-05 07:00:00,2023-01-05 10:48:00,3.8,1074,Insert set,Interval service: replaced wear components ahead of the machine's usual failure point.,2023-01-05,2023-01-05,0.0
MNT-000923,MCH-008,INSPECTION,,2023-01-06 15:00:00,2023-01-06 15:48:00,0.8,1037,Inspection consumables,"Completed condition inspection, no corrective action required.",,,
MNT-000681,MCH-007,PLANNED_INTERVAL,TOOLING,2023-01-07 07:00:00,2023-01-07 08:18:00,1.3,1051,Tool holder,Interval service: replaced wear components ahead of the machine's usual failure point.,2023-01-06,2023-01-07,1.0
MNT-000170,MCH-002,INSPECTION,,2023-01-09 15:00:00,2023-01-09 16:06:00,1.1,1037,Inspection consumables,"Completed condition inspection, no corrective action required.",,,
MNT-001035,MCH-009,INSPECTION,,2023-01-09 15:00:00,2023-01-09 16:18:00,1.3,1037,Inspection consumables,"Completed condition inspection, no corrective action required.",,,
MNT-000238,MCH-003,PLANNED_INTERVAL,TOOLING,2023-01-10 07:00:00,2023-01-10 09:12:00,2.2,1051,Tool holder; Collet,Interval service: replaced wear components ahead of the machine's usual failure point.,2023-01-09,2023-01-10,1.0
MNT-000453,MCH-005,PLANNED_INTERVAL,ELECTRICAL,2023-01-10 07:00:00,2023-01-10 09:12:00,2.2,1051,Encoder,Interval service: replaced wear components ahead of the machine's usual failure point.,2023-01-09,2023-01-10,1.0
MNT-001103,MCH-010,PLANNED_INTERVAL,TOOLING,2023-01-10 07:00:00,2023-01-10 14:36:00,7.6,1037,Tool holder,Interval service: replaced wear components ahead of the machine's usual failure point.,2023-01-09,2023-01-10,1.0
MNT-000239,MCH-003,UNPLANNED_REPAIR,TOOLING,2023-01-11 14:30:00,2023-01-11 20:48:00,6.3,1092,Tool holder; Collet,Replaced worn tooling and confirmed first-article dimensions within tolerance.,,,
MNT-000878,MCH-008,PLANNED_INTERVAL,ELECTRICAL,2023-01-12 07:00:00,2023-01-12 14:30:00,7.5,1051,Servo amplifier,Interval service: replaced wear components ahead of the machine's usual failure point.,2023-01-11,2023-01-12,1.0
MNT-001215,MCH-011,PLANNED_INTERVAL,MECHANICAL,2023-01-12 07:00:00,2023-01-12 16:12:00,9.2,1092,Drive belt; Way cover,Interval service: replaced wear components ahead of the machine's usual failure point.,2023-01-11,2023-01-12,1.0
MNT-000570,MCH-006,PLANNED_INTERVAL,ELECTRICAL,2023-01-13 07:00:00,2023-01-13 11:42:00,4.7,1092,Servo amplifier; Contactor,Interval service: replaced wear components ahead of the machine's usual failure point.,2023-01-12,2023-01-13,1.0
MNT-001453,MCH-012,UNPLANNED_REPAIR,TOOLING,2023-01-13 12:15:00,2023-01-13 23:15:00,11.0,1074,Insert set,Replaced worn tooling and confirmed first-article dimensions within tolerance.,,,
MNT-000682,MCH-007,UNPLANNED_REPAIR,MECHANICAL,2023-01-13 13:15:00,2023-01-14 18:21:00,29.1,1037,Way cover; Ball screw; Drive belt,"Serviced mechanical assembly, verified alignment and runout on completion.",,,
MNT-001515,MCH-012,INSPECTION,,2023-01-14 15:00:00,2023-01-14 16:30:00,1.5,1092,Inspection consumables,"Completed condition inspection, no corrective action required.",,,
MNT-000810,MCH-007,INSPECTION,,2023-01-15 15:00:00,2023-01-15 16:30:00,1.5,1051,Inspection consumables,"Completed condition inspection, no corrective action required.",,,
MNT-000502,MCH-005,INSPECTION,,2023-01-16 15:00:00,2023-01-16 15:42:00,0.7,1074,Inspection consumables,"Completed condition inspection, no corrective action required.",,,
MNT-000613,MCH-006,INSPECTION,,2023-01-16 15:00:00,2023-01-16 15:48:00,0.8,1051,Inspection consumables,"Completed condition inspection, no corrective action required.",,,
MNT-000991,MCH-009,PLANNED_INTERVAL,MECHANICAL,2023-01-19 07:00:00,2023-01-19 12:24:00,5.4,1074,Ball screw,Interval service: replaced wear components ahead of the machine's usual failure point.,2023-01-18,2023-01-19,1.0
MNT-000347,MCH-004,PLANNED_INTERVAL,MECHANICAL,2023-01-20 07:00:00,2023-01-20 13:00:00,6.0,1037,Way cover; Ball screw; Drive belt,Interval service: replaced wear components ahead of the machine's usual failure point.,2023-01-20,2023-01-20,0.0
MNT-001186,MCH-011,PLANNED_PM,,2023-01-20 07:00:00,2023-01-20 11:12:00,4.2,1051,Way lube,Completed scheduled preventive maintenance per equipment checklist.,2023-01-25,2023-01-20,-5.0
MNT-001216,MCH-011,PLANNED_INTERVAL,TOOLING,2023-01-20 07:00:00,2023-01-20 15:30:00,8.5,1074,Insert set; Tool holder; Collet,Interval service: replaced wear components ahead of the machine's usual failure point.,2023-01-19,2023-01-20,1.0
MNT-000319,MCH-004,PLANNED_PM,,2023-01-21 07:00:00,2023-01-21 11:00:00,4.0,1037,Air filter; Way lube,Completed scheduled preventive maintenance per equipment checklist.,2023-01-21,2023-01-21,0.0
MNT-000963,MCH-009,PLANNED_PM,,2023-01-21 07:00:00,2023-01-21 11:42:00,4.7,1074,Coolant filter,Completed scheduled preventive maintenance per equipment checklist.,,2023-01-21,
MNT-000683,MCH-007,PLANNED_INTERVAL,MECHANICAL,2023-01-23 07:00:00,2023-01-23 18:48:00,11.8,1037,Drive belt; Ball screw,Interval service: replaced wear components ahead of the machine's usual failure point.,2023-01-22,2023-01-23,1.0
MNT-001385,MCH-011,INSPECTION,,2023-01-24 15:00:00,2023-01-24 16:00:00,1.0,1037,Inspection consumables,"Completed condition inspection, no corrective action required.",,,
MNT-000067,MCH-001,INSPECTION,,2023-01-25 15:00:00,2023-01-25 16:00:00,1.0,1092,Inspection consumables,"Completed condition inspection, no corrective action required.",,,
MNT-000029,MCH-001,PLANNED_INTERVAL,TOOLING,2023-01-26 07:00:00,2023-01-26 11:36:00,4.6,1074,Collet; Tool holder,Interval service: replaced wear components ahead of the machine's usual failure point.,2023-01-25,2023-01-26,1.0
MNT-000425,MCH-005,PLANNED_PM,,2023-01-26 07:00:00,2023-01-26 11:54:00,4.9,1074,Way lube; Air filter,Completed scheduled preventive maintenance per equipment checklist.,2023-01-28,2023-01-26,-2.0
MNT-000280,MCH-003,INSPECTION,,2023-01-26 15:00:00,2023-01-26 16:36:00,1.6,1051,Inspection consumables,"Completed condition inspection, no corrective action required.",,,
MNT-001217,MCH-011,PLANNED_INTERVAL,ELECTRICAL,2023-01-28 07:00:00,2023-01-28 10:48:00,3.8,1051,Contactor; Encoder,Interval service: replaced wear components ahead of the machine's usual failure point.,2023-01-27,2023-01-28,1.0
MNT-001147,MCH-010,INSPECTION,,2023-01-29 15:00:00,2023-01-29 16:48:00,1.8,1051,Inspection consumables,"Completed condition inspection, no corrective action required.",,,
MNT-001104,MCH-010,UNPLANNED_REPAIR,TOOLING,2023-02-01 06:15:00,2023-02-01 10:45:00,4.5,1051,Tool holder,Replaced worn tooling and confirmed first-article dimensions within tolerance.,,,
MNT-000684,MCH-007,PLANNED_INTERVAL,TOOLING,2023-02-02 07:00:00,2023-02-02 16:12:00,9.2,1037,Tool holder,Interval service: replaced wear components ahead of the machine's usual failure point.,2023-02-01,2023-02-02,1.0
MNT-000386,MCH-004,INSPECTION,,2023-02-02 15:00:00,2023-02-02 17:00:00,2.0,1051,Inspection consumables,"Completed condition inspection, no corrective action required.",,,
MNT-001454,MCH-012,PLANNED_INTERVAL,TOOLING,2023-02-03 07:00:00,2023-02-03 13:30:00,6.5,1074,Tool holder; Collet; Insert set,Interval service: replaced wear components ahead of the machine's usual failure point.,2023-02-02,2023-02-03,1.0
MNT-000454,MCH-005,PLANNED_INTERVAL,ELECTRICAL,2023-02-04 07:00:00,2023-02-04 08:30:00,1.5,1051,Contactor; Encoder,Interval service: replaced wear components ahead of the machine's usual failure point.,2023-02-04,2023-02-04,0.0
MNT-001218,MCH-011,UNPLANNED_REPAIR,TOOLING,2023-02-05 13:30:00,2023-02-06 15:12:00,25.7,1074,Insert set; Tool holder,Replaced worn tooling and confirmed first-article dimensions within tolerance.,,,
MNT-000924,MCH-008,INSPECTION,,2023-02-05 15:00:00,2023-02-05 16:06:00,1.1,1037,Inspection consumables,"Completed condition inspection, no corrective action required.",,,
MNT-000134,MCH-002,PLANNED_INTERVAL,MECHANICAL,2023-02-06 07:00:00,2023-02-06 10:00:00,3.0,1037,Drive belt; Spindle bearing,Interval service: replaced wear components ahead of the machine's usual failure point.,2023-02-04,2023-02-06,2.0
MNT-001075,MCH-010,PLANNED_PM,,2023-02-06 07:00:00,2023-02-06 11:00:00,4.0,1092,Air filter; Way lube,Completed scheduled preventive maintenance per equipment checklist.,2023-02-07,2023-02-06,-1.0
MNT-000001,MCH-001,PLANNED_PM,,2023-02-07 07:00:00,2023-02-07 09:54:00,2.9,1092,Air filter,Completed scheduled preventive maintenance per equipment checklist.,2023-02-11,2023-02-07,-4.0
MNT-000850,MCH-008,PLANNED_PM,,2023-02-07 07:00:00,2023-02-07 12:00:00,5.0,1074,Air filter; Way lube,Completed scheduled preventive maintenance per equipment checklist.,2023-01-16,2023-02-07,22.0
MNT-000879,MCH-008,PLANNED_INTERVAL,MECHANICAL,2023-02-07 07:00:00,2023-02-07 14:48:00,7.8,1092,Drive belt; Ball screw,Interval service: replaced wear components ahead of the machine's usual failure point.,2023-02-07,2023-02-07,0.0
MNT-001424,MCH-012,PLANNED_PM,,2023-02-07 07:00:00,2023-02-07 10:24:00,3.4,1051,Way lube,Completed scheduled preventive maintenance per equipment checklist.,2023-01-12,2023-02-07,26.0
MNT-000171,MCH-002,INSPECTION,,2023-02-08 15:00:00,2023-02-08 16:36:00,1.6,1092,Inspection consumables,"Completed condition inspection, no corrective action required.",,,
MNT-001036,MCH-009,INSPECTION,,2023-02-08 15:00:00,2023-02-08 16:00:00,1.0,1051,Inspection consumables,"Completed condition inspection, no corrective action required.",,,
MNT-000571,MCH-006,PLANNED_INTERVAL,MECHANICAL,2023-02-10 07:00:00,2023-02-10 14:24:00,7.4,1037,Way cover; Spindle bearing,Interval service: replaced wear components ahead of the machine's usual failure point.,2023-02-09,2023-02-10,1.0
MNT-000240,MCH-003,PLANNED_INTERVAL,TOOLING,2023-02-11 07:00:00,2023-02-11 10:48:00,3.8,1074,Collet,Interval service: replaced wear components ahead of the machine's usual failure point.,2023-02-10,2023-02-11,1.0
MNT-001219,MCH-011,PLANNED_INTERVAL,ELECTRICAL,2023-02-13 07:00:00,2023-02-13 13:12:00,6.2,1051,Encoder,Interval service: replaced wear components ahead of the machine's usual failure point.,2023-02-12,2023-02-13,1.0
MNT-001516,MCH-012,INSPECTION,,2023-02-13 15:00:00,2023-02-13 16:30:00,1.5,1037,Inspection consumables,"Completed condition inspection, no corrective action required.",,,
MNT-000685,MCH-007,UNPLANNED_REPAIR,TOOLING,2023-02-13 16:15:00,2023-02-14 18:33:00,26.3,1074,Tool holder,Replaced worn tooling and confirmed first-article dimensions within tolerance.,,,
MNT-000811,MCH-007,INSPECTION,,2023-02-14 15:00:00,2023-02-14 16:12:00,1.2,1037,Inspection consumables,"Completed condition inspection, no corrective action required.",,,
MNT-000542,MCH-006,PLANNED_PM,,2023-02-15 07:00:00,2023-02-15 12:18:00,5.3,1037,Coolant filter; Way lube,Completed scheduled preventive maintenance per equipment checklist.,2023-01-26,2023-02-15,20.0
MNT-000992,MCH-009,PLANNED_INTERVAL,TOOLING,2023-02-15 07:00:00,2023-02-15 11:36:00,4.6,1037,Insert set; Tool holder; Collet,Interval service: replaced wear components ahead of the machine's usual failure point.,2023-02-15,2023-02-15,0.0
MNT-000503,MCH-005,INSPECTION,,2023-02-15 15:00:00,2023-02-15 17:00:00,2.0,1092,Inspection consumables,"Completed condition inspection, no corrective action required.",,,
MNT-000614,MCH-006,INSPECTION,,2023-02-15 15:00:00,2023-02-15 17:00:00,2.0,1074,Inspection consumables,"Completed condition inspection, no corrective action required.",,,
MNT-001455,MCH-012,UNPLANNED_REPAIR,MECHANICAL,2023-02-16 08:00:00,2023-02-16 21:00:00,13.0,1092,Way cover,"Serviced mechanical assembly, verified alignment and runout on completion.",,,
MNT-000210,MCH-003,PLANNED_PM,,2023-02-20 07:00:00,2023-02-20 12:48:00,5.8,1037,Air filter,Completed scheduled preventive maintenance per equipment checklist.,2023-02-07,2023-02-20,13.0
MNT-001220,MCH-011,PLANNED_INTERVAL,ENVIRONMENTAL,2023-02-20 07:00:00,2023-02-20 14:54:00,7.9,1051,Air filter; Coolant filter,Interval service: replaced wear components ahead of the machine's usual failure point.,2023-02-20,2023-02-20,0.0
MNT-000348,MCH-004,PLANNED_INTERVAL,TOOLING,2023-02-22 07:00:00,2023-02-22 12:18:00,5.3,1037,Insert set,Interval service: replaced wear components ahead of the machine's usual failure point.,2023-02-21,2023-02-22,1.0
MNT-000686,MCH-007,PLANNED_INTERVAL,MECHANICAL,2023-02-22 07:00:00,2023-02-22 10:00:00,3.0,1037,Way cover,Interval service: replaced wear components ahead of the machine's usual failure point.,2023-02-22,2023-02-22,0.0
MNT-001425,MCH-012,PLANNED_PM,,2023-02-23 07:00:00,2023-02-23 09:54:00,2.9,1051,Coolant filter,Completed scheduled preventive maintenance per equipment checklist.,2023-02-23,2023-02-23,0.0
MNT-001386,MCH-011,INSPECTION,,2023-02-23 15:00:00,2023-02-23 16:18:00,1.3,1037,Inspection consumables,"Completed condition inspection, no corrective action required.",,,
MNT-000455,MCH-005,UNPLANNED_REPAIR,MECHANICAL,2023-02-24 09:45:00,2023-02-24 16:27:00,6.7,1074,Way cover; Spindle bearing,"Serviced mechanical assembly, verified alignment and runout on completion.",,,
MNT-000068,MCH-001,INSPECTION,,2023-02-24 15:00:00,2023-02-24 15:54:00,0.9,1037,Inspection consumables,"Completed condition inspection, no corrective action required.",,,
MNT-000880,MCH-008,UNPLANNED_REPAIR,MECHANICAL,2023-02-25 06:00:00,2023-02-25 23:42:00,17.7,1051,Way cover; Spindle bearing,"Serviced mechanical assembly, verified alignment and runout on completion.",,,
MNT-000281,MCH-003,INSPECTION,,2023-02-25 15:00:00,2023-02-25 16:18:00,1.3,1051,Inspection consumables,"Completed condition inspection, no corrective action required.",,,
MNT-000030,MCH-001,PLANNED_INTERVAL,ENVIRONMENTAL,2023-02-27 07:00:00,2023-02-27 09:06:00,2.1,1051,Air filter,Interval service: replaced wear components ahead of the machine's usual failure point.,2023-02-27,2023-02-27,0.0
MNT-000106,MCH-002,PLANNED_PM,,2023-02-27 07:00:00,2023-02-27 09:00:00,2.0,1074,Coolant filter,Completed scheduled preventive maintenance per equipment checklist.,2023-02-10,2023-02-27,17.0
MNT-001221,MCH-011,PLANNED_INTERVAL,TOOLING,2023-02-28 07:00:00,2023-02-28 14:42:00,7.7,1092,Tool holder,Interval service: replaced wear components ahead of the machine's usual failure point.,2023-02-27,2023-02-28,1.0
MNT-001148,MCH-010,INSPECTION,,2023-02-28 15:00:00,2023-02-28 16:00:00,1.0,1037,Inspection consumables,"Completed condition inspection, no corrective action required.",,,
MNT-001105,MCH-010,PLANNED_INTERVAL,TOOLING,2023-03-02 07:00:00,2023-03-02 10:30:00,3.5,1037,Tool holder,Interval service: replaced wear components ahead of the machine's usual failure point.,2023-03-02,2023-03-02,0.0
MNT-000320,MCH-004,PLANNED_PM,,2023-03-03 07:00:00,2023-03-03 10:30:00,3.5,1074,Air filter,Completed scheduled preventive maintenance per equipment checklist.,2023-03-04,2023-03-03,-1.0
MNT-000653,MCH-007,PLANNED_PM,,2023-03-04 07:00:00,2023-03-04 10:36:00,3.6,1051,Air filter,Completed scheduled preventive maintenance per equipment checklist.,2023-02-12,2023-03-04,20.0
MNT-000687,MCH-007,PLANNED_INTERVAL,TOOLING,2023-03-04 07:00:00,2023-03-04 10:54:00,3.9,1074,Tool holder,Interval service: replaced wear components ahead of the machine's usual failure point.,2023-03-03,2023-03-04,1.0
MNT-001222,MCH-011,UNPLANNED_REPAIR,MECHANICAL,2023-03-04 12:45:00,2023-03-05 13:45:00,25.0,1051,Spindle bearing; Ball screw,"Serviced mechanical assembly, verified alignment and runout on completion.",,,
MNT-000387,MCH-004,INSPECTION,,2023-03-04 15:00:00,2023-03-04 15:36:00,0.6,1037,Inspection consumables,"Completed condition inspection, no corrective action required.",,,
MNT-000925,MCH-008,INSPECTION,,2023-03-07 15:00:00,2023-03-07 16:12:00,1.2,1074,Inspection consumables,"Completed condition inspection, no corrective action required.",,,
MNT-000572,MCH-006,UNPLANNED_REPAIR,TOOLING,2023-03-08 17:15:00,2023-03-09 03:39:00,10.4,1074,Tool holder; Collet,Replaced worn tooling and confirmed first-article dimensions within tolerance.,,,
MNT-000426,MCH-005,PLANNED_PM,,2023-03-09 07:00:00,2023-03-09 09:18:00,2.3,1092,Way lube,Completed scheduled preventive maintenance per equipment checklist.,2023-03-11,2023-03-09,-2.0
MNT-001456,MCH-012,PLANNED_INTERVAL,OPERATOR_INDUCED,2023-03-09 07:00:00,2023-03-09 08:12:00,1.2,1092,Fixture clamp; Probe stylus,Interval service: replaced wear components ahead of the machine's usual failure point.,2023-03-08,2023-03-09,1.0
MNT-000688,MCH-007,UNPLANNED_REPAIR,ENVIRONMENTAL,2023-03-09 20:30:00,2023-03-11 00:24:00,27.9,1037,Coolant filter; Seal kit; Air filter,"Cleared coolant and filtration issue, restored fluid levels to spec.",,,
MNT-000172,MCH-002,INSPECTION,,2023-03-10 15:00:00,2023-03-10 16:06:00,1.1,1074,Inspection consumables,"Completed condition inspection, no corrective action required.",,,
MNT-001037,MCH-009,INSPECTION,,2023-03-10 15:00:00,2023-03-10 16:54:00,1.9,1037,Inspection consumables,"Completed condition inspection, no corrective action required.",,,
MNT-000135,MCH-002,PLANNED_INTERVAL,MECHANICAL,2023-03-13 07:00:00,2023-03-13 11:54:00,4.9,1037,Ball screw,Interval service: replaced wear components ahead of the machine's usual failure point.,2023-03-12,2023-03-13,1.0
MNT-001223,MCH-011,PLANNED_INTERVAL,TOOLING,2023-03-13 07:00:00,2023-03-13 16:54:00,9.9,1092,Collet; Tool holder,Interval service: replaced wear components ahead of the machine's usual failure point.,2023-03-11,2023-03-13,2.0
MNT-000241,MCH-003,UNPLANNED_REPAIR,MECHANICAL,2023-03-13 09:45:00,2023-03-14 05:09:00,19.4,1037,Way cover,"Serviced mechanical assembly, verified alignment and runout on completion.",,,
MNT-000993,MCH-009,PLANNED_INTERVAL,TOOLING,2023-03-15 07:00:00,2023-03-15 10:42:00,3.7,1037,Tool holder; Collet; Insert set,Interval service: replaced wear components ahead of the machine's usual failure point.,2023-03-14,2023-03-15,1.0
MNT-001517,MCH-012,INSPECTION,,2023-03-15 15:00:00,2023-03-15 16:06:00,1.1,1051,Inspection consumables,"Completed condition inspection, no corrective action required.",,,
MNT-000211,MCH-003,PLANNED_PM,,2023-03-16 07:00:00,2023-03-16 11:48:00,4.8,1074,Air filter,Completed scheduled preventive maintenance per equipment checklist.,2023-03-21,2023-03-16,-5.0
MNT-000812,MCH-007,INSPECTION,,2023-03-16 15:00:00,2023-03-16 16:36:00,1.6,1074,Inspection consumables,"Completed condition inspection, no corrective action required.",,,
MNT-000504,MCH-005,INSPECTION,,2023-03-17 15:00:00,2023-03-17 16:18:00,1.3,1037,Inspection consumables,"Completed condition inspection, no corrective action required.",,,
MNT-000615,MCH-006,INSPECTION,,2023-03-17 15:00:00,2023-03-17 16:30:00,1.5,1092,Inspection consumables,"Completed condition inspection, no corrective action required.",,,
MNT-000689,MCH-007,PLANNED_INTERVAL,MECHANICAL,2023-03-18 07:00:00,2023-03-18 18:00:00,11.0,1037,Drive belt; Ball screw; Spindle bearing,Interval service: replaced wear components ahead of the machine's usual failure point.,2023-03-18,2023-03-18,0.0
MNT-001224,MCH-011,UNPLANNED_REPAIR,ELECTRICAL,2023-03-18 18:00:00,2023-03-19 20:06:00,26.1,1051,Encoder; Servo amplifier,"Repaired electrical fault, tested control response through full axis travel.",,,
MNT-001187,MCH-011,PLANNED_PM,,2023-03-19 07:00:00,2023-03-19 10:06:00,3.1,1092,Coolant filter; Air filter,Completed scheduled preventive maintenance per equipment checklist.,2023-03-08,2023-03-19,11.0
MNT-000002,MCH-001,PLANNED_PM,,2023-03-21 07:00:00,2023-03-21 09:54:00,2.9,1092,Air filter,Completed scheduled preventive maintenance per equipment checklist.,2023-03-25,2023-03-21,-4.0
MNT-001076,MCH-010,PLANNED_PM,,2023-03-21 07:00:00,2023-03-21 10:48:00,3.8,1037,Coolant filter; Air filter,Completed scheduled preventive maintenance per equipment checklist.,2023-03-21,2023-03-21,0.0
MNT-000456,MCH-005,PLANNED_INTERVAL,MECHANICAL,2023-03-22 07:00:00,2023-03-22 08:48:00,1.8,1051,Way cover,Interval service: replaced wear components ahead of the machine's usual failure point.,2023-03-21,2023-03-22,1.0
MNT-000881,MCH-008,PLANNED_INTERVAL,MECHANICAL,2023-03-23 07:00:00,2023-03-23 09:42:00,2.7,1074,Spindle bearing; Ball screw; Way cover,Interval service: replaced wear components ahead of the machine's usual failure point.,2023-03-23,2023-03-23,0.0
MNT-001387,MCH-011,INSPECTION,,2023-03-25 15:00:00,2023-03-25 16:48:00,1.8,1051,Inspection consumables,"Completed condition inspection, no corrective action required.",,,
MNT-000851,MCH-008,PLANNED_PM,,2023-03-26 07:00:00,2023-03-26 09:54:00,2.9,1037,Air filter,Completed scheduled preventive maintenance per equipment checklist.,2023-02-27,2023-03-26,27.0
MNT-000069,MCH-001,INSPECTION,,2023-03-26 15:00:00,2023-03-26 16:18:00,1.3,1037,Inspection consumables,"Completed condition inspection, no corrective action required.",,,
MNT-000349,MCH-004,PLANNED_INTERVAL,MECHANICAL,2023-03-27 07:00:00,2023-03-27 13:12:00,6.2,1092,Ball screw; Way cover,Interval service: replaced wear components ahead of the machine's usual failure point.,2023-03-26,2023-03-27,1.0
MNT-001225,MCH-011,PLANNED_INTERVAL,TOOLING,2023-03-27 07:00:00,2023-03-27 11:24:00,4.4,1051,Collet; Tool holder,Interval service: replaced wear components ahead of the machine's usual failure point.,2023-03-25,2023-03-27,2.0
MNT-000282,MCH-003,INSPECTION,,2023-03-27 15:00:00,2023-03-27 16:54:00,1.9,1037,Inspection consumables,"Completed condition inspection, no corrective action required.",,,
MNT-000543,MCH-006,PLANNED_PM,,2023-03-28 07:00:00,2023-03-28 11:48:00,4.8,1092,Coolant filter; Air filter,Completed scheduled preventive maintenance per equipment checklist.,2023-03-09,2023-03-28,19.0
MNT-000690,MCH-007,PLANNED_INTERVAL,MECHANICAL,2023-03-28 07:00:00,2023-03-28 16:36:00,9.6,1074,Drive belt; Spindle bearing; Ball screw,Interval service: replaced wear components ahead of the machine's usual failure point.,2023-03-27,2023-03-28,1.0
MNT-001457,MCH-012,PLANNED_INTERVAL,MECHANICAL,2023-03-30 07:00:00,2023-03-30 11:54:00,4.9,1092,Ball screw; Drive belt,Interval service: replaced wear components ahead of the machine's usual failure point.,2023-03-29,2023-03-30,1.0
MNT-001149,MCH-010,INSPECTION,,2023-03-30 15:00:00,2023-03-30 16:36:00,1.6,1092,Inspection consumables,"Completed condition inspection, no corrective action required.",,,
MNT-000691,MCH-007,UNPLANNED_REPAIR,MECHANICAL,2023-03-30 15:45:00,2023-03-31 19:03:00,27.3,1074,Drive belt; Spindle bearing; Ball screw,"Serviced mechanical assembly, verified alignment and runout on completion.",,,
MNT-000031,MCH-001,PLANNED_INTERVAL,TOOLING,2023-04-01 07:00:00,2023-04-01 07:48:00,0.8,1051,Insert set; Tool holder,Interval service: replaced wear components ahead of the machine's usual failure point.,2023-03-31,2023-04-01,1.0
MNT-000964,MCH-009,PLANNED_PM,,2023-04-01 07:00:00,2023-04-01 11:18:00,4.3,1051,Way lube,Completed scheduled preventive maintenance per equipment checklist.,2023-03-02,2023-04-01,30.0
MNT-001106,MCH-010,PLANNED_INTERVAL,ELECTRICAL,2023-04-01 07:00:00,2023-04-01 10:48:00,3.8,1037,Control fuse; Servo amplifier; Contactor,Interval service: replaced wear components ahead of the machine's usual failure point.,2023-03-31,2023-04-01,1.0
MNT-001426,MCH-012,PLANNED_PM,,2023-04-01 07:00:00,2023-04-01 09:18:00,2.3,1037,Coolant filter; Air filter,Completed scheduled preventive maintenance per equipment checklist.,2023-04-06,2023-04-01,-5.0
MNT-001226,MCH-011,UNPLANNED_REPAIR,TOOLING,2023-04-03 12:30:00,2023-04-03 17:48:00,5.3,1092,Tool holder; Insert set; Collet,Replaced worn tooling and confirmed first-article dimensions within tolerance.,,,
MNT-000388,MCH-004,INSPECTION,,2023-04-03 15:00:00,2023-04-03 16:30:00,1.5,1092,Inspection consumables,"Completed condition inspection, no corrective action required.",,,
MNT-000573,MCH-006,UNPLANNED_REPAIR,ELECTRICAL,2023-04-04 14:45:00,2023-04-05 05:51:00,15.1,1092,Contactor,"Repaired electrical fault, tested control response through full axis travel.",,,
MNT-000852,MCH-008,PLANNED_PM,,2023-04-05 07:00:00,2023-04-05 12:42:00,5.7,1092,Air filter,Completed scheduled preventive maintenance per equipment checklist.,2023-04-10,2023-04-05,-5.0
MNT-000926,MCH-008,INSPECTION,,2023-04-06 15:00:00,2023-04-06 15:54:00,0.9,1051,Inspection consumables,"Completed condition inspection, no corrective action required.",,,
MNT-000692,MCH-007,PLANNED_INTERVAL,MECHANICAL,2023-04-08 07:00:00,2023-04-08 08:48:00,1.8,1074,Drive belt; Way cover,Interval service: replaced wear components ahead of the machine's usual failure point.,2023-04-08,2023-04-08,0.0
MNT-000654,MCH-007,PLANNED_PM,,2023-04-09 07:00:00,2023-04-09 10:42:00,3.7,1051,Way lube,Completed scheduled preventive maintenance per equipment checklist.,,2023-04-09,
MNT-000173,MCH-002,INSPECTION,,2023-04-09 15:00:00,2023-04-09 16:18:00,1.3,1051,Inspection consumables,"Completed condition inspection, no corrective action required.",,,
MNT-001038,MCH-009,INSPECTION,,2023-04-09 15:00:00,2023-04-09 16:42:00,1.7,1037,Inspection consumables,"Completed condition inspection, no corrective action required.",,,
MNT-001227,MCH-011,PLANNED_INTERVAL,MECHANICAL,2023-04-10 07:00:00,2023-04-10 16:48:00,9.8,1037,Ball screw,Interval service: replaced wear components ahead of the machine's usual failure point.,2023-04-10,2023-04-10,0.0
MNT-000136,MCH-002,UNPLANNED_REPAIR,MECHANICAL,2023-04-10 09:15:00,2023-04-11 07:33:00,22.3,1051,Ball screw,"Serviced mechanical assembly, verified alignment and runout on completion.",,,
MNT-000994,MCH-009,PLANNED_INTERVAL,MECHANICAL,2023-04-12 07:00:00,2023-04-12 09:30:00,2.5,1092,Way cover; Spindle bearing; Drive belt,Interval service: replaced wear components ahead of the machine's usual failure point.,2023-04-11,2023-04-12,1.0
MNT-000242,MCH-003,PLANNED_INTERVAL,TOOLING,2023-04-13 07:00:00,2023-04-13 08:00:00,1.0,1051,Collet,Interval service: replaced wear components ahead of the machine's usual failure point.,2023-04-12,2023-04-13,1.0
MNT-000321,MCH-004,PLANNED_PM,,2023-04-13 07:00:00,2023-04-13 09:12:00,2.2,1051,Way lube; Coolant filter,Completed scheduled preventive maintenance per equipment checklist.,2023-04-15,2023-04-13,-2.0
MNT-001518,MCH-012,INSPECTION,,2023-04-14 15:00:00,2023-04-14 15:48:00,0.8,1051,Inspection consumables,"Completed condition inspection, no corrective action required.",,,
MNT-000813,MCH-007,INSPECTION,,2023-04-15 15:00:00,2023-04-15 16:00:00,1.0,1092,Inspection consumables,"Completed condition inspection, no corrective action required.",,,
MNT-000882,MCH-008,UNPLANNED_REPAIR,ELECTRICAL,2023-04-16 07:45:00,2023-04-17 00:15:00,16.5,1074,Control fuse; Encoder,"Repaired electrical fault, tested control response through full axis travel.",,,
MNT-000505,MCH-005,INSPECTION,,2023-04-16 15:00:00,2023-04-16 15:36:00,0.6,1051,Inspection consumables,"Completed condition inspection, no corrective action required.",,,
MNT-000616,MCH-006,INSPECTION,,2023-04-16 15:00:00,2023-04-16 16:18:00,1.3,1074,Inspection consumables,"Completed condition inspection, no corrective action required.",,,
MNT-000107,MCH-002,PLANNED_PM,,2023-04-17 07:00:00,2023-04-17 11:12:00,4.2,1074,Air filter; Coolant filter,Completed scheduled preventive maintenance per equipment checklist.,2023-03-24,2023-04-17,24.0
MNT-000457,MCH-005,PLANNED_INTERVAL,TOOLING,2023-04-17 07:00:00,2023-04-17 08:24:00,1.4,1051,Collet,Interval service: replaced wear components ahead of the machine's usual failure point.,2023-04-16,2023-04-17,1.0
MNT-000693,MCH-007,PLANNED_INTERVAL,ELECTRICAL,2023-04-17 07:00:00,2023-04-17 17:18:00,10.3,1037,Encoder; Control fuse,Interval service: replaced wear components ahead of the machine's usual failure point.,2023-04-17,2023-04-17,0.0
MNT-000427,MCH-005,PLANNED_PM,,2023-04-18 07:00:00,2023-04-18 11:12:00,4.2,1074,Way lube,Completed scheduled preventive maintenance per equipment checklist.,2023-04-22,2023-04-18,-4.0
MNT-001228,MCH-011,PLANNED_INTERVAL,TOOLING,2023-04-18 07:00:00,2023-04-18 17:42:00,10.7,1037,Collet; Insert set; Tool holder,Interval service: replaced wear components ahead of the machine's usual failure point.,2023-04-17,2023-04-18,1.0
MNT-001458,MCH-012,PLANNED_INTERVAL,TOOLING,2023-04-19 07:00:00,2023-04-19 12:24:00,5.4,1037,Collet; Insert set; Tool holder,Interval service: replaced wear components ahead of the machine's usual failure point.,2023-04-19,2023-04-19,0.0
MNT-001188,MCH-011,PLANNED_PM,,2023-04-21 07:00:00,2023-04-21 12:48:00,5.8,1092,Way lube; Air filter,Completed scheduled preventive maintenance per equipment checklist.,2023-04-19,2023-04-21,2.0
MNT-001388,MCH-011,INSPECTION,,2023-04-24 15:00:00,2023-04-24 16:18:00,1.3,1037,Inspection consumables,"Completed condition inspection, no corrective action required.",,,
MNT-000544,MCH-006,PLANNED_PM,,2023-04-25 07:00:00,2023-04-25 12:18:00,5.3,1092,Way lube,Completed scheduled preventive maintenance per equipment checklist.,2023-04-20,2023-04-25,5.0
MNT-000070,MCH-001,INSPECTION,,2023-04-25 15:00:00,2023-04-25 16:06:00,1.1,1074,Inspection consumables,"Completed condition inspection, no corrective action required.",,,
MNT-001229,MCH-011,PLANNED_INTERVAL,ELECTRICAL,2023-04-26 07:00:00,2023-04-26 16:42:00,9.7,1074,Contactor,Interval service: replaced wear components ahead of the machine's usual failure point.,2023-04-25,2023-04-26,1.0
MNT-000283,MCH-003,INSPECTION,,2023-04-26 15:00:00,2023-04-26 17:00:00,2.0,1051,Inspection consumables,"Completed condition inspection, no corrective action required.",,,
MNT-000694,MCH-007,UNPLANNED_REPAIR,MECHANICAL,2023-04-26 17:00:00,2023-04-27 11:24:00,18.4,1051,Ball screw; Drive belt; Spindle bearing,"Serviced mechanical assembly, verified alignment and runout on completion.",,,
MNT-001107,MCH-010,UNPLANNED_REPAIR,ELECTRICAL,2023-04-28 17:15:00,2023-04-28 22:51:00,5.6,1074,Contactor; Servo amplifier,"Repaired electrical fault, tested control response through full axis travel.",,,
MNT-000350,MCH-004,PLANNED_INTERVAL,OPERATOR_INDUCED,2023-04-29 07:00:00,2023-04-29 14:42:00,7.7,1092,Probe stylus,Interval service: replaced wear components ahead of the machine's usual failure point.,2023-04-28,2023-04-29,1.0
MNT-001150,MCH-010,INSPECTION,,2023-04-29 15:00:00,2023-04-29 15:30:00,0.5,1092,Inspection consumables,"Completed condition inspection, no corrective action required.",,,
MNT-000212,MCH-003,PLANNED_PM,,2023-04-30 07:00:00,2023-04-30 11:36:00,4.6,1092,Coolant filter; Way lube,Completed scheduled preventive maintenance per equipment checklist.,2023-05-02,2023-04-30,-2.0
MNT-000003,MCH-001,PLANNED_PM,,2023-05-02 07:00:00,2023-05-02 10:48:00,3.8,1074,Coolant filter,Completed scheduled preventive maintenance per equipment checklist.,2023-05-06,2023-05-02,-4.0
MNT-000574,MCH-006,PLANNED_INTERVAL,ELECTRICAL,2023-05-02 07:00:00,2023-05-02 09:24:00,2.4,1051,Encoder; Contactor; Servo amplifier,Interval service: replaced wear components ahead of the machine's usual failure point.,2023-05-01,2023-05-02,1.0
MNT-000137,MCH-002,UNPLANNED_REPAIR,MECHANICAL,2023-05-02 12:00:00,2023-05-03 03:30:00,15.5,1051,Way cover; Drive belt,"Serviced mechanical assembly, verified alignment and runout on completion.",,,
MNT-000965,MCH-009,PLANNED_PM,,2023-05-03 07:00:00,2023-05-03 11:42:00,4.7,1074,Air filter; Coolant filter,Completed scheduled preventive maintenance per equipment checklist.,2023-04-13,2023-05-03,20.0
MNT-001230,MCH-011,PLANNED_INTERVAL,TOOLING,2023-05-03 07:00:00,2023-05-03 14:54:00,7.9,1051,Tool holder; Collet,Interval service: replaced wear components ahead of the machine's usual failure point.,2023-05-03,2023-05-03,0.0
MNT-000389,MCH-004,INSPECTION,,2023-05-03 15:00:00,2023-05-03 15:36:00,0.6,1074,Inspection consumables,"Completed condition inspection, no corrective action required.",,,
MNT-000032,MCH-001,PLANNED_INTERVAL,OPERATOR_INDUCED,2023-05-04 07:00:00,2023-05-04 13:12:00,6.2,1074,Probe stylus; Fixture clamp,Interval service: replaced wear components ahead of the machine's usual failure point.,2023-05-03,2023-05-04,1.0
MNT-000108,MCH-002,PLANNED_PM,,2023-05-05 07:00:00,2023-05-05 12:24:00,5.4,1051,Coolant filter; Air filter,Completed scheduled preventive maintenance per equipment checklist.,2023-05-05,2023-05-05,0.0
MNT-000695,MCH-007,PLANNED_INTERVAL,MECHANICAL,2023-05-05 07:00:00,2023-05-05 09:48:00,2.8,1037,Spindle bearing,Interval service: replaced wear components ahead of the machine's usual failure point.,2023-05-05,2023-05-05,0.0
MNT-001231,MCH-011,UNPLANNED_REPAIR,TOOLING,2023-05-06 06:15:00,2023-05-07 04:57:00,22.7,1037,Tool holder; Collet,Replaced worn tooling and confirmed first-article dimensions within tolerance.,,,
MNT-000927,MCH-008,INSPECTION,,2023-05-06 15:00:00,2023-05-06 16:54:00,1.9,1051,Inspection consumables,"Completed condition inspection, no corrective action required.",,,
MNT-000655,MCH-007,PLANNED_PM,,2023-05-07 07:00:00,2023-05-07 10:18:00,3.3,1074,Coolant filter; Way lube,Completed scheduled preventive maintenance per equipment checklist.,2023-05-07,2023-05-07,0.0
MNT-000174,MCH-002,INSPECTION,,2023-05-09 15:00:00,2023-05-09 15:36:00,0.6,1051,Inspection consumables,"Completed condition inspection, no corrective action required.",,,
MNT-001039,MCH-009,INSPECTION,,2023-05-09 15:00:00,2023-05-09 15:48:00,0.8,1051,Inspection consumables,"Completed condition inspection, no corrective action required.",,,
MNT-000995,MCH-009,PLANNED_INTERVAL,MECHANICAL,2023-05-10 07:00:00,2023-05-10 11:42:00,4.7,1074,Way cover; Spindle bearing; Drive belt,Interval service: replaced wear components ahead of the machine's usual failure point.,2023-05-09,2023-05-10,1.0
MNT-001459,MCH-012,PLANNED_INTERVAL,ELECTRICAL,2023-05-10 07:00:00,2023-05-10 10:30:00,3.5,1037,Control fuse,Interval service: replaced wear components ahead of the machine's usual failure point.,2023-05-09,2023-05-10,1.0
MNT-000883,MCH-008,PLANNED_INTERVAL,TOOLING,2023-05-12 07:00:00,2023-05-12 10:12:00,3.2,1092,Insert set,Interval service: replaced wear components ahead of the machine's usual failure point.,2023-05-12,2023-05-12,0.0
MNT-000458,MCH-005,PLANNED_INTERVAL,MECHANICAL,2023-05-13 07:00:00,2023-05-13 10:54:00,3.9,1092,Ball screw; Spindle bearing; Way cover,Interval service: replaced wear components ahead of the machine's usual failure point.,2023-05-12,2023-05-13,1.0
MNT-001232,MCH-011,PLANNED_INTERVAL,TOOLING,2023-05-13 07:00:00,2023-05-13 11:12:00,4.2,1092,Tool holder; Insert set,Interval service: replaced wear components ahead of the machine's usual failure point.,2023-05-13,2023-05-13,0.0
MNT-001519,MCH-012,INSPECTION,,2023-05-14 15:00:00,2023-05-14 16:24:00,1.4,1074,Inspection consumables,"Completed condition inspection, no corrective action required.",,,
MNT-000243,MCH-003,PLANNED_INTERVAL,MECHANICAL,2023-05-15 07:00:00,2023-05-15 09:48:00,2.8,1092,Way cover,Interval service: replaced wear components ahead of the machine's usual failure point.,2023-05-13,2023-05-15,2.0
MNT-000696,MCH-007,PLANNED_INTERVAL,TOOLING,2023-05-15 07:00:00,2023-05-15 13:18:00,6.3,1037,Insert set; Collet; Tool holder,Interval service: replaced wear components ahead of the machine's usual failure point.,2023-05-14,2023-05-15,1.0
MNT-000814,MCH-007,INSPECTION,,2023-05-15 15:00:00,2023-05-15 16:54:00,1.9,1092,Inspection consumables,"Completed condition inspection, no corrective action required.",,,
MNT-000506,MCH-005,INSPECTION,,2023-05-16 15:00:00,2023-05-16 17:00:00,2.0,1037,Inspection consumables,"Completed condition inspection, no corrective action required.",,,
MNT-000617,MCH-006,INSPECTION,,2023-05-16 15:00:00,2023-05-16 16:48:00,1.8,1037,Inspection consumables,"Completed condition inspection, no corrective action required.",,,
MNT-001077,MCH-010,PLANNED_PM,,2023-05-17 07:00:00,2023-05-17 10:06:00,3.1,1092,Coolant filter; Air filter,Completed scheduled preventive maintenance per equipment checklist.,2023-05-02,2023-05-17,15.0
MNT-001233,MCH-011,PLANNED_INTERVAL,MECHANICAL,2023-05-20 07:00:00,2023-05-20 15:36:00,8.6,1074,Spindle bearing; Ball screw; Way cover,Interval service: replaced wear components ahead of the machine's usual failure point.,2023-05-20,2023-05-20,0.0
MNT-000853,MCH-008,PLANNED_PM,,2023-05-21 07:00:00,2023-05-21 09:36:00,2.6,1074,Coolant filter; Air filter,Completed scheduled preventive maintenance per equipment checklist.,2023-05-22,2023-05-21,-1.0
MNT-001427,MCH-012,PLANNED_PM,,2023-05-21 07:00:00,2023-05-21 10:24:00,3.4,1051,Way lube,Completed scheduled preventive maintenance per equipment checklist.,2023-05-18,2023-05-21,3.0
MNT-001389,MCH-011,INSPECTION,,2023-05-24 15:00:00,2023-05-24 16:12:00,1.2,1092,Inspection consumables,"Completed condition inspection, no corrective action required.",,,
MNT-000697,MCH-007,UNPLANNED_REPAIR,TOOLING,2023-05-24 17:00:00,2023-05-25 02:30:00,9.5,1051,Collet,Replaced worn tooling and confirmed first-article dimensions within tolerance.,,,
MNT-000071,MCH-001,INSPECTION,,2023-05-25 15:00:00,2023-05-25 16:12:00,1.2,1092,Inspection consumables,"Completed condition inspection, no corrective action required.",,,
MNT-000322,MCH-004,PLANNED_PM,,2023-05-26 07:00:00,2023-05-26 12:54:00,5.9,1074,Way lube,Completed scheduled preventive maintenance per equipment checklist.,2023-05-27,2023-05-26,-1.0
MNT-001189,MCH-011,PLANNED_PM,,2023-05-26 07:00:00,2023-05-26 10:30:00,3.5,1074,Air filter; Coolant filter,Completed scheduled preventive maintenance per equipment checklist.,2023-05-31,2023-05-26,-5.0
MNT-000284,MCH-003,INSPECTION,,2023-05-26 15:00:00,2023-05-26 16:30:00,1.5,1051,Inspection consumables,"Completed condition inspection, no corrective action required.",,,
MNT-001108,MCH-010,PLANNED_INTERVAL,OPERATOR_INDUCED,2023-05-29 07:00:00,2023-05-29 11:24:00,4.4,1037,Probe stylus; Fixture clamp,Interval service: replaced wear components ahead of the machine's usual failure point.,2023-05-27,2023-05-29,2.0
MNT-001234,MCH-011,PLANNED_INTERVAL,MECHANICAL,2023-05-29 07:00:00,2023-05-29 09:30:00,2.5,1074,Way cover; Spindle bearing,Interval service: replaced wear components ahead of the machine's usual failure point.,2023-05-27,2023-05-29,2.0
MNT-001151,MCH-010,INSPECTION,,2023-05-29 15:00:00,2023-05-29 15:30:00,0.5,1037,Inspection consumables,"Completed condition inspection, no corrective action required.",,,
MNT-000575,MCH-006,PLANNED_INTERVAL,TOOLING,2023-05-30 07:00:00,2023-05-30 08:24:00,1.4,1074,Insert set; Tool holder; Collet,Interval service: replaced wear components ahead of the machine's usual failure point.,2023-05-29,2023-05-30,1.0
MNT-000351,MCH-004,PLANNED_INTERVAL,MECHANICAL,2023-05-31 07:00:00,2023-05-31 14:42:00,7.7,1074,Spindle bearing,Interval service: replaced wear components ahead of the machine's usual failure point.,2023-05-31,2023-05-31,0.0
MNT-001460,MCH-012,PLANNED_INTERVAL,MECHANICAL,2023-05-31 07:00:00,2023-05-31 14:30:00,7.5,1092,Way cover; Drive belt; Spindle bearing,Interval service: replaced wear components ahead of the machine's usual failure point.,2023-05-30,2023-05-31,1.0
MNT-000428,MCH-005,PLANNED_PM,,2023-06-01 07:00:00,2023-06-01 12:30:00,5.5,1092,Air filter; Way lube,Completed scheduled preventive maintenance per equipment checklist.,2023-06-03,2023-06-01,-2.0
MNT-000390,MCH-004,INSPECTION,,2023-06-02 15:00:00,2023-06-02 15:54:00,0.9,1037,Inspection consumables,"Completed condition inspection, no corrective action required.",,,
MNT-000698,MCH-007,PLANNED_INTERVAL,ENVIRONMENTAL,2023-06-03 07:00:00,2023-06-03 09:30:00,2.5,1051,Coolant filter; Seal kit; Air filter,Interval service: replaced wear components ahead of the machine's usual failure point.,2023-06-02,2023-06-03,1.0
MNT-000928,MCH-008,INSPECTION,,2023-06-05 15:00:00,2023-06-05 16:12:00,1.2,1074,Inspection consumables,"Completed condition inspection, no corrective action required.",,,
MNT-000033,MCH-001,PLANNED_INTERVAL,TOOLING,2023-06-06 07:00:00,2023-06-06 08:54:00,1.9,1037,Collet; Tool holder; Insert set,Interval service: replaced wear components ahead of the machine's usual failure point.,2023-06-05,2023-06-06,1.0
