work_order_id,machine_id,operator_badge,job_start,job_end,setup_minutes,run_minutes,program_or_tool_set_id
WO-10035,M03,OP010,2023-01-02 06:03:01,2023-01-02 07:46:55,43.7,60.2,TS-0598
WO-10029,M01,OP001,2023-01-02 06:07:03,2023-01-02 06:50:51,19.9,23.9,NC-P1127-A
WO-10006,M02,OP006,2023-01-02 06:07:52,2023-01-02 08:42:52,19.1,135.9,NC-P1049-A
WO-10019,M07,OP018,2023-01-02 06:08:27,2023-01-02 07:55:45,33.8,73.5,NC-P1020-A
WO-10004,M06,OP015,2023-01-02 06:09:36,2023-01-02 07:27:24,21.9,55.9,
WO-10012,M05,OP017,2023-01-02 06:10:31,2023-01-02 08:20:37,17.0,113.1,
WO-10022,M04,OP009,2023-01-02 06:11:51,2023-01-02 09:01:15,42.5,126.9,TS-0598
WO-10011,M06,OP015,2023-01-02 07:34:15,2023-01-02 09:47:03,15.8,117.0,
WO-10033,M07,OP006,2023-01-02 08:12:29,2023-01-02 11:00:05,27.4,140.2,NC-P1283-A
WO-10024,M05,OP017,2023-01-02 08:41:55,2023-01-02 11:04:31,37.0,105.6,
WO-10017,M01,OP001,2023-01-02 08:52:59,2023-01-02 10:05:47,15.0,57.8,NC-P1001-A
WO-10043,M04,OP009,2023-01-02 09:17:24,2023-01-02 12:21:06,33.0,150.7,TS-0598
WO-10010,M03,OP010,2023-01-02 10:19:37,2023-01-02 12:11:55,34.9,77.4,TS-0598
WO-10018,M06,OP015,2023-01-02 10:21:36,2023-01-02 12:46:00,41.1,103.3,
WO-10025,M05,OP017,2023-01-02 11:20:25,2023-01-02 12:21:31,14.2,46.9,
WO-10032,M07,OP018,2023-01-02 11:51:03,2023-01-02 13:51:03,18.3,101.7,NC-P1269-A
WO-10005,M02,OP004,2023-01-02 11:53:43,2023-01-02 12:39:01,10.1,35.2,NC-P1294-A
WO-10016,M01,OP001,2023-01-02 11:55:58,2023-01-02 13:54:46,10.5,108.3,NC-P1161-A
WO-10026,M03,OP010,2023-01-02 12:31:51,2023-01-02 15:47:27,50.4,145.2,TS-0598
WO-10007,M05,OP017,2023-01-02 12:33:35,2023-01-02 15:17:35,27.8,136.2,
WO-10028,M06,OP015,2023-01-02 12:55:56,2023-01-02 15:01:38,23.9,101.8,
WO-10001,M04,OP009,2023-01-02 14:47:16,2023-01-02 13:04:58,60.8,41.5,TS-0750
WO-10015,M02,Emily Mcguire,2023-01-02 14:02:04,2023-01-02 15:44:22,16.1,86.2,NC-P1255-A
WO-10041,M01,OP005,2023-01-02 14:06:42,2023-01-02 16:20:36,11.6,122.3,NC-P1295-A
WO-10021,M07,OP020,2023-01-02 14:08:07,2023-01-02 15:49:49,17.1,84.6,NC-P1191-A
WO-10038,M04,OP009,2023-01-02 15:15:26,2023-01-02 17:33:32,29.0,109.1,TS-0900
WO-10037,M06,OP015,2023-01-02 15:27:34,2023-01-02 17:15:46,21.1,87.1,
WO-10014,M03,OP010,2023-01-02 15:53:17,2023-01-02 17:56:17,42.7,80.3,TS-0598
WO-10036,M07,OP016,2023-01-02 15:54:25,2023-01-02 16:45:49,13.9,37.5,NC-P1191-A
WO-10030,M02,OP003,2023-01-02 16:23:36,2023-01-02 18:33:54,29.7,100.6,NC-P1016-A
WO-10009,M05,OP017,2023-01-02 16:44:36,2023-01-02 18:49:42,34.8,90.3,
WO-10003,M07,OP016,2023-01-02 16:51:23,2023-01-02 18:38:53,23.5,84.0,NC-P1266-A
WO-10027,M06,OP014,2023-01-02 17:23:36,2023-01-02 19:05:00,17.6,83.8,
WO-10040,M04,OP007,2023-01-02 17:46:42,2023-01-02 19:16:12,22.8,66.7,TS-0900
WO-10042,M03,OP002,2023-01-02 18:10:53,2023-01-02 20:44:35,30.5,123.2,TS-0598
WO-10013,M07,Erin Davis,2023-01-02 18:48:57,2023-01-02 20:05:27,21.8,54.7,NC-P1106-A
WO-10023,M05,OP016,2023-01-02 18:56:00,2023-01-02 20:42:36,40.5,66.1,
WO-10008,M04,OP007,2023-01-02 19:22:52,2023-01-02 20:25:16,30.2,32.2,TS-1046
WO-10034,M06,William Andrews,2023-01-02 20:10:26,2023-01-02 21:43:38,20.2,73.0,
WO-10020,M07,OP020,2023-01-02 20:13:55,2023-01-02 22:12:01,14.9,103.2,NC-P1214-A
WO-10031,M04,OP007,2023-01-02 20:29:32,2023-01-02 22:01:38,43.0,49.1,TS-1046
WO-10039,M05,OP016,2023-01-02 21:20:06,2023-01-03 01:05:42,38.8,186.8,
WO-10000,M04,OP007,2023-01-02 22:08:37,2023-01-02 23:06:19,44.0,13.7,TS-1046
WO-10002,M04,OP007,2023-01-02 23:17:48,2023-01-03 01:30:48,47.7,85.3,TS-1046
WO-10057,M04,OP008,2023-01-03 06:00:32,2023-01-03 09:15:44,26.5,168.7,TS-1046
WO-10066,M01,OP015,2023-01-03 06:02:39,2023-01-03 06:44:27,9.6,32.2,NC-P1010-A
WO-10072,M07,OP006,2023-01-03 06:03:22,2023-01-03 07:49:10,25.9,79.9,NC-P1097-A
WO-10047,M03,OP009,2023-01-03 06:03:43,2023-01-03 06:53:37,26.2,23.7,TS-0598
WO-10077,M02,OP001,2023-01-03 06:06:48,2023-01-03 07:21:36,6.3,68.5,NC-P1010-A
WO-10078,M05,OP019,2023-01-03 06:07:30,2023-01-03 08:00:24,14.6,98.3,
WO-10085,M06,OP015,2023-01-03 06:07:59,2023-01-03 06:53:53,21.7,24.2,
WO-10054,M01,OP004,2023-01-03 06:59:38,2023-01-03 08:40:44,14.6,86.5,NC-P1034-A
WO-10058,M06,OP015,2023-01-03 07:27:12,2023-01-03 08:45:42,16.5,62.0,
WO-10059,M02,OP001,2023-01-03 07:52:16,2023-01-03 10:35:46,26.2,137.3,NC-P1260-A
WO-10060,M07,OP019,2023-01-03 08:02:04,2023-01-03 09:50:04,16.3,91.7,NC-P1040-A
WO-10053,M05,OP017,2023-01-03 08:10:48,2023-01-03 10:07:36,37.7,79.1,
WO-10080,M01,OP004,2023-01-03 09:05:23,2023-01-03 10:34:47,14.2,75.2,NC-P1008-A
WO-10076,M04,OP001,2023-01-03 09:29:34,2023-01-03 12:25:46,46.8,129.4,TS-1046
WO-10082,M03,OP009,2023-01-03 09:31:07,2023-01-03 11:04:31,46.1,47.3,TS-0598
WO-10044,M06,OP015,2023-01-03 09:50:10,2023-01-03 13:13:10,24.2,178.8,
WO-10056,M05,OP017,2023-01-03 10:20:23,2023-01-03 11:38:29,12.3,65.8,
WO-10055,M01,OP015,2023-01-03 10:43:17,2023-01-03 11:32:59,12.1,37.6,NC-P1255-A
WO-10062,M03,OP008,2023-01-03 11:18:51,2023-01-03 13:57:27,40.7,117.9,TS-0598
WO-10084,M01,OP015,2023-01-03 12:10:54,2023-01-03 13:01:54,12.8,38.2,NC-P1008-A
WO-10073,M02,OP001,2023-01-03 12:40:14,2023-01-03 13:46:02,17.4,48.4,NC-P1255-A
WO-10083,M05,OP017,2023-01-03 12:54:07,2023-01-03 13:34:43,14.1,26.5,
WO-10046,M01,OP005,2023-01-03 14:01:09,2023-01-03 14:50:45,10.5,39.1,NC-P1255-A
WO-10081,M04,OP007,2023-01-03 14:03:17,2023-01-03 15:52:35,44.9,64.4,TS-1046
WO-10052,M06,OP014,2023-01-03 14:03:28,2023-01-03 16:13:22,19.7,110.2,
WO-10049,M07,OP016,2023-01-03 14:03:35,2023-01-03 14:37:23,18.0,15.8,NC-P1020-A
WO-10070,M05,OP014,2023-01-03 14:05:35,2023-01-03 15:43:53,16.7,81.6,
WO-10079,M03,OP013,2023-01-03 14:10:00,2023-01-03 15:41:30,22.1,69.4,TS-1046
WO-10048,M02,OP003,2023-01-03 14:10:07,2023-01-03 15:35:13,10.6,74.5,NC-P1169-A
WO-10061,M01,OP005,2023-01-03 15:02:06,2023-01-03 16:44:18,12.3,89.9,NC-P1255-A
WO-10045,M07,OP020,2023-01-03 15:55:09,2023-01-03 17:35:03,22.9,77.0,NC-P1256-A
WO-10074,M05,OP014,2023-01-03 16:00:32,2023-01-03 18:15:32,11.0,124.0,
WO-10086,M04,OP007,2023-01-03 16:23:58,2023-01-03 18:04:22,34.0,66.4,TS-0900
WO-10064,M01,OP005,2023-01-03 17:01:15,2023-01-03 18:16:21,13.9,61.2,NC-P1057-A
WO-10069,M06,OP016,2023-01-03 17:27:30,2023-01-03 20:09:00,35.8,125.7,
WO-10063,M02,OP003,2023-01-03 17:29:23,2023-01-03 18:48:29,9.3,69.8,NC-P1255-A
WO-10051,M07,OP020,2023-01-03 17:56:36,2023-01-03 18:39:42,18.8,24.3,NC-P1149-A
WO-10065,M03,OP011,2023-01-03 18:21:31,2023-01-03 21:57:25,48.1,167.8,TS-1046
WO-10050,M02,OP003,2023-01-03 19:10:51,2023-01-03 21:47:33,26.0,130.7,NC-P1183-A
WO-10075,M05,OP014,2023-01-03 21:29:08,2023-01-03 19:11:20,23.9,113.9,
WO-10068,M01,OP005,2023-01-03 19:52:48,2023-01-03 21:01:06,13.9,54.4,NC-P1057-A
WO-10067,M06,Mary Phillips,2023-01-03 20:41:10,2023-01-03 22:01:04,22.0,57.9,
WO-10114,M03,OP009,2023-01-04 06:00:22,2023-01-04 07:19:04,25.1,53.6,TS-1046
WO-10100,M07,OP018,2023-01-04 06:01:03,2023-01-04 07:54:15,16.1,97.1,NC-P1093-A
WO-10093,M01,OP001,2023-01-04 06:02:20,2023-01-04 07:23:38,16.1,65.2,NC-P1148-A
WO-10101,M02,OP006,2023-01-04 06:02:50,2023-01-04 07:16:14,16.8,56.6,NC-P1012-A
WO-10091,M04,OP001,2023-01-04 06:02:59,2023-01-04 08:51:17,21.1,147.2,TS-0598
WO-10088,M05,OP019,2023-01-04 06:08:40,2023-01-04 07:56:22,26.8,80.9,
WO-10105,M06,OP017,2023-01-04 06:08:44,2023-01-04 08:03:56,23.2,92.0,
WO-10107,M03,OP009,2023-01-04 07:30:41,2023-01-04 10:25:23,72.2,102.5,TS-1046
WO-10122,M01,OP015,2023-01-04 07:37:28,2023-01-04 08:14:58,19.8,17.7,NC-P1078-A
WO-10106,M05,OP015,2023-01-04 08:00:18,2023-01-04 10:18:00,25.1,112.6,
WO-10087,M06,OP017,2023-01-04 08:20:37,2023-01-04 11:23:13,26.6,156.0,
WO-10119,M04,OP010,2023-01-04 09:16:23,2023-01-04 11:07:41,38.7,72.6,TS-0747
WO-10112,M02,OP004,2023-01-04 10:06:24,2023-01-04 10:59:12,13.7,39.1,NC-P1260-A
WO-10110,M05,OP015,2023-01-04 10:20:39,2023-01-04 11:40:51,18.3,61.9,
WO-10092,M07,OP018,2023-01-04 10:21:53,2023-01-04 11:42:53,24.7,56.3,NC-P1109-A
WO-10104,M02,OP015,2023-01-04 11:20:35,2023-01-04 12:34:47,14.2,60.0,NC-P1294-A
WO-10125,M04,OP009,2023-01-04 13:39:50,2023-01-04 11:43:44,36.9,79.2,TS-0900
WO-10090,M05,OP017,2023-01-04 11:43:50,2023-01-04 14:06:32,19.3,123.4,
WO-10102,M01,OP004,2023-01-04 11:55:30,2023-01-04 13:29:48,11.3,83.0,NC-P1274-A
WO-10094,M06,OP019,2023-01-04 12:19:31,2023-01-04 13:58:43,13.2,86.0,
WO-10113,M03,OP009,2023-01-04 12:57:54,2023-01-04 14:03:18,18.9,46.5,TS-1046
WO-10121,M01,OP002,2023-01-04 14:04:04,2023-01-04 15:14:04,13.2,56.8,NC-P1054-A
WO-10108,M07,OP007,2023-01-04 14:04:29,2023-01-04 14:44:05,13.9,25.7,NC-P1089-A
WO-10071,M06,OP013,2023-01-04 14:08:33,2023-01-04 16:36:21,28.5,119.3,
WO-10124,M02,Emily Mcguire,2023-01-04 14:08:39,2023-01-04 15:19:27,8.8,62.0,NC-P1190-A
WO-10126,M04,OP007,2023-01-04 14:11:58,2023-01-04 15:05:04,20.4,32.7,TS-0900
WO-10097,M03,OP011,2023-01-04 14:17:53,2023-01-04 16:57:17,34.4,125.0,TS-0747
WO-10115,M05,OP012,2023-01-04 14:18:55,2023-01-04 15:33:31,25.9,48.7,
WO-10118,M05,OP014,2023-01-04 15:42:20,2023-01-04 17:21:44,19.2,80.2,
WO-10117,M04,OP007,2023-01-04 15:55:25,2023-01-04 16:56:31,43.4,17.7,TS-0900
WO-10098,M03,OP011,2023-01-04 17:05:53,2023-01-04 18:21:23,32.6,42.9,TS-0598
WO-10120,M04,OP007,2023-01-04 17:10:26,2023-01-04 18:10:44,19.9,40.4,TS-0747
WO-10103,M05,OP016,2023-01-04 17:27:58,2023-01-04 18:33:04,15.6,49.5,
WO-10111,M05,OP012,2023-01-04 18:35:15,2023-01-04 22:07:39,26.1,186.3,
WO-10109,M07,Amy Campos,2023-01-04 18:44:44,2023-01-04 20:17:02,28.7,63.6,NC-P1097-A
WO-10089,M04,OP007,2023-01-04 18:49:38,2023-01-04 20:41:56,21.6,90.7,TS-0747
WO-10116,M03,OP011,2023-01-04 18:54:45,2023-01-04 21:25:27,48.1,102.6,TS-0598
WO-10095,M02,OP005,2023-01-04 19:20:20,2023-01-04 20:12:14,15.5,36.4,NC-P1263-A
WO-10123,M06,William Andrews,2023-01-04 19:26:53,2023-01-04 20:39:53,8.0,65.0,
WO-10099,M01,OP003,2023-01-04 19:42:06,2023-01-04 21:08:30,14.7,71.7,NC-P1255-A
WO-10096,M06,OP012,2023-01-04 20:50:50,2023-01-04 21:56:14,24.3,41.1,
WO-10140,M07,OP018,2023-01-05 07:38:33,2023-01-05 06:00:57,12.1,85.5,NC-P1180-A
WO-10127,M06,OP015,2023-01-05 06:01:28,2023-01-05 07:02:16,21.5,39.3,
WO-10144,M01,OP001,2023-01-05 06:01:46,2023-01-05 07:35:10,16.1,77.3,NC-P1016-A
WO-10154,M03,Nicholas Davis,2023-01-05 06:02:43,2023-01-05 07:11:01,28.2,40.1,TS-0598
WO-10165,M04,OP008,2023-01-05 06:06:23,2023-01-05 07:35:29,37.0,52.1,TS-0747
WO-10128,M02,Nathan Phelps,2023-01-05 06:08:09,2023-01-05 08:28:45,15.0,125.6,NC-P1008-A
WO-10152,M05,OP018,2023-01-05 06:10:10,2023-01-05 08:39:34,17.8,131.6,
WO-10169,M04,OP004,2023-01-05 07:39:06,2023-01-05 08:30:12,19.7,31.4,TS-0747
WO-10168,M06,OP015,2023-01-05 07:44:33,2023-01-05 09:55:39,18.1,113.0,
WO-10162,M01,OP015,2023-01-05 08:00:16,2023-01-05 08:35:34,7.5,27.8,NC-P1278-A
WO-10134,M03,OP001,2023-01-05 08:14:56,2023-01-05 11:31:32,34.3,162.3,TS-0598
WO-10145,M07,OP017,2023-01-05 08:30:17,2023-01-05 10:37:59,34.1,93.6,NC-P1093-A
WO-10133,M04,OP008,2023-01-05 08:32:50,2023-01-05 10:56:14,25.0,118.4,TS-0747
WO-10161,M05,OP009,2023-01-05 08:49:39,2023-01-05 10:51:33,13.4,108.5,
WO-10150,M01,OP001,2023-01-05 09:05:27,2023-01-05 10:11:39,8.2,58.0,NC-P1190-A
WO-10164,M06,OP015,2023-01-05 10:04:45,2023-01-05 12:49:57,30.6,134.6,
WO-10151,M02,OP006,2023-01-05 10:23:51,2023-01-05 11:14:21,10.4,40.1,NC-P1008-A
WO-10156,M04,OP008,2023-01-05 10:58:44,2023-01-05 12:09:20,22.5,48.1,TS-0747
WO-10146,M05,OP017,2023-01-05 11:05:54,2023-01-05 12:17:00,15.2,55.9,
WO-10138,M03,OP010,2023-01-05 11:41:09,2023-01-05 13:04:45,45.7,37.9,TS-0598
WO-10153,M04,OP008,2023-01-05 12:10:46,2023-01-05 14:09:22,30.4,88.2,TS-0747
WO-10171,M02,OP003,2023-01-05 14:00:52,2023-01-05 16:31:16,7.6,142.8,NC-P1260-A
WO-10155,M05,OP020,2023-01-05 14:01:39,2023-01-05 16:21:03,12.5,126.9,
WO-10147,M03,OP011,2023-01-05 14:01:53,2023-01-05 17:00:47,39.3,139.6,TS-0598
WO-10166,M01,OP002,2023-01-05 14:04:58,2023-01-05 15:30:22,17.9,67.5,NC-P1135-A
WO-10158,M07,OP016,2023-01-05 14:05:47,2023-01-05 16:09:29,25.5,98.2,NC-P1089-A
WO-10130,M06,OP013,2023-01-05 14:11:56,2023-01-05 16:23:20,37.5,93.9,
WO-10129,M04,OP014,2023-01-05 14:18:55,2023-01-05 16:53:25,35.3,119.2,TS-0750
WO-10160,M05,OP014,2023-01-05 16:23:54,2023-01-05 18:16:42,20.1,92.7,
WO-10172,M06,OP020,2023-01-05 16:25:11,2023-01-05 17:01:59,15.8,21.0,
WO-10143,M04,OP007,2023-01-05 16:55:06,2023-01-05 18:03:54,24.0,44.8,TS-1046
WO-10163,M03,OP011,2023-01-05 17:03:20,2023-01-05 19:28:26,40.1,105.0,TS-0747
WO-10131,M06,OP020,2023-01-05 17:04:40,2023-01-05 19:58:22,11.5,162.2,
WO-10159,M07,OP016,2023-01-05 17:16:09,2023-01-05 18:51:03,11.7,83.2,NC-P1210-A
WO-10141,M02,OP005,2023-01-05 18:01:25,2023-01-05 18:27:01,10.2,15.4,NC-P1034-A
WO-10132,M04,OP012,2023-01-05 18:15:11,2023-01-05 20:15:59,31.1,89.7,TS-0900
WO-10157,M05,OP003,2023-01-05 18:27:50,2023-01-05 19:45:32,24.3,53.4,
WO-10137,M02,OP003,2023-01-05 18:41:13,2023-01-05 19:44:25,13.8,49.4,NC-P1054-A
WO-10136,M01,OP002,2023-01-05 19:02:03,2023-01-05 20:29:33,17.4,70.1,NC-P1129-A
WO-10167,M03,William Crawford,2023-01-05 19:42:37,2023-01-05 21:53:25,34.0,96.8,TS-0747
WO-10139,M05,OP014,2023-01-05 19:51:10,2023-01-05 22:03:10,23.5,108.5,
WO-10135,M06,OP016,2023-01-05 20:01:41,2023-01-05 22:17:11,18.6,116.9,
WO-10149,M07,OP020,2023-01-05 20:04:26,2023-01-05 20:48:50,15.7,28.7,NC-P1097-A
WO-10148,M04,OP012,2023-01-05 20:23:49,2023-01-05 22:03:43,20.5,79.4,TS-0900
WO-10200,M06,OP015,2023-01-06 06:04:08,2023-01-06 07:23:38,16.1,63.4,
WO-10184,M03,OP010,2023-01-06 06:04:29,2023-01-06 08:23:41,39.6,99.6,TS-0747
WO-10179,M01,OP004,2023-01-06 06:06:54,2023-01-06 07:19:06,22.8,49.4,NC-P1008-A
WO-10208,M07,OP019,2023-01-06 06:07:19,2023-01-06 07:08:07,11.1,49.7,NC-P1191-A
WO-10174,M04,OP008,2023-01-06 06:10:47,2023-01-06 08:22:29,22.9,108.8,TS-0747
WO-10211,M05,Bruce Mcmahon,2023-01-06 06:11:01,2023-01-06 08:17:55,22.4,104.5,
WO-10188,M02,OP001,2023-01-06 06:11:18,2023-01-06 07:07:36,17.0,39.3,NC-P1119-A
WO-10193,M07,OP019,2023-01-06 07:33:55,2023-01-06 08:48:37,20.2,54.5,NC-P1072-A
WO-10210,M02,OP004,2023-01-06 07:45:16,2023-01-06 09:07:46,7.2,75.3,NC-P1288-A
WO-10206,M03,OP010,2023-01-06 08:31:11,2023-01-06 09:55:41,34.4,50.1,TS-0747
WO-10183,M06,OP017,2023-01-06 08:45:19,2023-01-06 09:53:25,27.6,40.5,
WO-10203,M01,OP004,2023-01-06 08:49:15,2023-01-06 09:43:27,15.8,38.4,NC-P1148-A
WO-10199,M07,OP018,2023-01-06 09:01:11,2023-01-06 10:27:05,22.3,63.6,NC-P1149-A
WO-10198,M04,OP008,2023-01-06 09:27:22,2023-01-06 13:01:10,65.4,148.4,TS-0598
WO-10196,M05,OP015,2023-01-06 09:51:32,2023-01-06 12:28:50,36.5,120.8,
WO-10181,M06,OP017,2023-01-06 09:59:03,2023-01-06 12:30:09,32.0,119.1,
WO-10182,M03,OP010,2023-01-06 11:13:25,2023-01-06 10:20:37,23.2,29.6,TS-0747
WO-10180,M01,OP004,2023-01-06 10:34:43,2023-01-06 11:12:25,20.0,17.7,NC-P1003-A
WO-10202,M07,OP019,2023-01-06 10:44:57,2023-01-06 11:57:51,9.6,63.3,NC-P1005-A
WO-10207,M02,OP001,2023-01-06 11:44:45,2023-01-06 12:41:57,18.1,39.1,NC-P1054-A
WO-10197,M03,OP009,2023-01-06 11:50:44,2023-01-06 13:18:32,30.8,57.0,TS-0747
WO-10173,M07,OP019,2023-01-06 12:21:29,2023-01-06 13:56:41,12.7,82.5,NC-P1040-A
WO-10142,M06,OP017,2023-01-06 12:39:38,2023-01-06 13:46:50,28.2,39.0,
WO-10187,M01,OP004,2023-01-06 12:48:39,2023-01-06 14:06:03,17.5,59.9,NC-P1148-A
WO-10176,M05,OP010,2023-01-06 12:59:33,2023-01-06 13:58:45,16.6,42.6,
WO-10177,M06,OP014,2023-01-06 14:01:57,2023-01-06 17:27:03,20.1,185.0,
WO-10190,M03,OP012,2023-01-06 14:03:05,2023-01-06 15:10:23,35.1,32.2,TS-0598
WO-10178,M04,OP007,2023-01-06 14:08:28,2023-01-06 15:59:04,56.2,54.4,TS-1046
WO-10201,M07,OP007,2023-01-06 14:09:01,2023-01-06 17:23:07,20.3,173.8,NC-P1252-A
