inspection_id,work_order_id,inspection_type,inspection_date,inspector_id,quantity_inspected,quantity_passed,quantity_failed,defect_code_raw,defect_code_clean,disposition,notes
INSP-1,WO-10035,final,2023-01-02 08:40:47.657175,OP014,16,15,1,Bur,Burr,Scrap,Firm news movement soldier measure research job.
INSP-2,WO-10029,final,2023-01-02 07:44:16.206469,OP013,8,8,0,Pass,None,Pass,Whom them blue power.
INSP-3,WO-10006,final,2023-01-02 08:44:59.237717,OP014,20,20,0,Pass,None,Pass,
INSP-4,WO-10019,first_piece,2023-01-02 06:31:01.601213,OP002,1,1,0,NONE,None,Pass,
INSP-5,WO-10019,final,2023-01-02 09:34:23.586556,OP016,22,22,0,OK,None,Pass,
INSP-6,WO-10004,first_piece,2023-01-02 07:03:41.916618,OP011,1,1,0,None,None,Pass,
INSP-7,WO-10004,final,2023-01-02 09:36:25.818868,OP005,12,11,1,Welding Issue,Weld Defect,Scrap,
INSP-8,WO-10012,final,2023-01-02 10:31:15.195403,OP003,18,15,3,surface scratch,Surface Scratch,Rework,Several news meet line agreement.
INSP-9,WO-10022,first_piece,2023-01-02 06:51:40.064528,OP009,1,1,0,,None,Pass,
INSP-10,WO-10022,final,2023-01-02 07:16:02.030405,OP016,19,18,1,Surface Scratch,Surface Scratch,Scrap,
INSP-11,WO-10011,first_piece,2023-01-02 08:14:38.493769,OP008,1,1,0,OK,None,Pass,
INSP-12,WO-10011,final,2023-01-02 10:51:18.244660,OP010,17,16,1,Dimensional,Dimensional,Rework,
INSP-13,WO-10033,first_piece,2023-01-02 08:46:21.512035,OP005,1,1,0,Pass,None,Pass,
INSP-14,WO-10033,final,2023-01-02 10:56:35.931228,OP013,20,20,0,PASS,None,Pass,
INSP-15,WO-10024,first_piece,2023-01-02 09:06:47.188200,OP006,1,1,0,,None,Pass,
INSP-16,WO-10024,final,2023-01-02 13:43:38.679247,OP005,12,11,1,Porosity,Porosity,Scrap,
INSP-17,WO-10017,final,2023-01-02 12:21:58.728172,OP015,13,9,4,Bur,Burr,Scrap,
INSP-18,WO-10043,first_piece,2023-01-02 09:58:03.053063,OP020,1,1,0,none,None,Pass,
INSP-19,WO-10043,final,2023-01-02 10:40:17.778876,OP016,18,18,0,PASS,None,Pass,
INSP-20,WO-10010,first_piece,2023-01-02 11:04:00.490883,OP009,1,1,0,PASS,None,Pass,
INSP-21,WO-10010,final,2023-01-02 15:27:16.765411,OP010,15,15,0,PASS,None,Pass,As material clear can recently factor.
INSP-22,WO-10018,final,2023-01-02 13:13:32.618544,OP019,17,12,5,Dim,Dimensional,Scrap,Recognize believe draw enter address think.
INSP-23,WO-10025,first_piece,2023-01-02 12:06:27.018591,OP001,1,1,0,none,None,Pass,
INSP-24,WO-10025,final,2023-01-02 13:12:37.811040,OP009,8,8,0,none,None,Pass,
INSP-25,WO-10032,first_piece,2023-01-02 12:35:45.689264,OP020,1,1,0,none,None,Pass,
INSP-26,WO-10032,final,2023-01-02 12:51:33.200961,OP009,19,17,2,Sharp Edge,Burr,Use-As-Is,
INSP-27,WO-10005,first_piece,2023-01-02 12:30:33.279360,OP009,1,1,0,None,None,Pass,
INSP-28,WO-10005,final,2023-01-02 14:10:54.977081,OP013,8,7,1,scrach,Surface Scratch,Rework,Place good join customer some.
INSP-29,WO-10016,first_piece,2023-01-02 12:52:29.927505,OP002,1,1,0,NONE,None,Pass,
INSP-30,WO-10016,final,2023-01-02 15:02:00.728779,OP017,19,19,0,None,None,Pass,
INSP-31,WO-10026,first_piece,2023-01-02 13:25:03.546639,OP015,1,0,1,bend angle,Bend Angle,Rework,
INSP-32,WO-10026,final,2023-01-02 15:30:05.687576,OP002,25,23,2,SCRATCH,Surface Scratch,Scrap,
INSP-33,WO-10007,first_piece,2023-01-02 13:01:33.449413,OP005,1,1,0,PASS,None,Pass,
INSP-34,WO-10007,final,2023-01-02 14:49:44.974698,OP009,20,19,1,Dimensional,Dimensional,Scrap,
INSP-35,WO-10028,first_piece,2023-01-02 13:19:58.276822,OP018,1,0,1,scrach,Surface Scratch,Rework,
INSP-36,WO-10028,final,2023-01-02 18:08:15.816566,OP004,15,15,0,,None,Pass,Everyone hand eye fact market bring boy chair.
INSP-37,WO-10001,first_piece,2023-01-02 13:44:59.047309,OP001,1,1,0,PASS,None,Pass,
INSP-38,WO-10001,final,2023-01-02 16:54:05.172678,OP015,10,10,0,PASS,None,Pass,
INSP-39,WO-10015,first_piece,2023-01-02 15:01:08.809295,OP013,1,1,0,PASS,None,Pass,
INSP-40,WO-10015,final,2023-01-02 16:20:57.087444,OP019,20,20,0,NONE,None,Pass,
INSP-41,WO-10041,first_piece,2023-01-02 14:33:54.242742,OP015,1,1,0,none,None,Pass,
INSP-42,WO-10041,final,2023-01-02 19:22:48.872743,OP019,21,21,0,none,None,Pass,
INSP-43,WO-10021,first_piece,2023-01-02 14:47:33.827315,OP005,1,1,0,PASS,None,Pass,
INSP-44,WO-10021,final,2023-01-02 16:04:34.507974,OP006,19,18,1,Dimentional,Dimensional,Scrap,
INSP-45,WO-10038,first_piece,2023-01-02 15:48:23.843394,OP002,1,1,0,PASS,None,Pass,
INSP-46,WO-10038,final,2023-01-02 17:44:44.812524,OP017,21,20,1,Bend,Bend Angle,Scrap,
INSP-47,WO-10037,first_piece,2023-01-02 15:52:02.534583,OP008,1,1,0,,None,Pass,
INSP-48,WO-10037,final,2023-01-02 19:22:56.917731,OP008,12,11,1,Dimension Error,Dimensional,Scrap,
INSP-49,WO-10014,first_piece,2023-01-02 16:23:50.007084,OP005,1,1,0,PASS,None,Pass,
INSP-50,WO-10014,final,2023-01-02 19:27:00.449388,OP014,14,13,1,bend angle,Bend Angle,Scrap,
INSP-51,WO-10014,final,2023-01-02 19:39:00.449388,OP014,14,11,3,bend angle,Bend Angle,Scrap,
INSP-52,WO-10036,first_piece,2023-01-02 16:32:44.858926,OP010,1,1,0,OK,None,Pass,
INSP-53,WO-10036,final,2023-01-02 21:18:35.554663,OP008,9,9,0,,None,Pass,Line production site book act happen.
INSP-54,WO-10030,first_piece,2023-01-02 17:18:01.013923,OP017,1,1,0,PASS,None,Pass,
INSP-55,WO-10030,final,2023-01-02 21:43:04.194732,OP001,25,25,0,,None,Pass,
INSP-56,WO-10030,final,2023-01-02 22:10:04.194732,OP001,25,25,0,,None,Pass,
INSP-57,WO-10009,first_piece,2023-01-02 17:44:02.785957,OP003,1,1,0,,None,Pass,
INSP-58,WO-10009,final,2023-01-02 20:50:51.301739,OP004,13,13,0,OK,None,Pass,
INSP-59,WO-10003,final,2023-01-02 20:31:07.762651,OP012,16,15,1,Burr,Burr,Scrap,
INSP-60,WO-10027,first_piece,2023-01-02 18:19:47.703688,OP020,1,1,0,None,None,Pass,
INSP-61,WO-10027,final,2023-01-02 22:07:43.427694,OP001,19,17,2,surface scr,Surface Scratch,Use-As-Is,
INSP-62,WO-10040,first_piece,2023-01-02 18:26:57.101107,OP009,1,1,0,none,None,Pass,
INSP-63,WO-10040,final,2023-01-02 18:55:27.299072,OP003,21,21,0,None,None,Pass,
INSP-64,WO-10042,first_piece,2023-01-02 18:33:19.893434,OP020,1,1,0,NONE,None,Pass,
INSP-65,WO-10042,final,2023-01-02 19:52:37.049486,OP009,16,15,1,Sharp Burr,Burr,Scrap,
INSP-66,WO-10013,first_piece,2023-01-02 19:35:33.920447,OP001,1,1,0,Pass,None,Pass,
INSP-67,WO-10013,final,2023-01-02 21:06:10.435868,OP009,15,14,1,Dimentional,Dimensional,Rework,
INSP-68,WO-10023,first_piece,2023-01-02 19:46:08.395396,OP013,1,1,0,Pass,None,Pass,
INSP-69,WO-10023,final,2023-01-02 22:00:55.722577,OP004,10,10,0,,None,Pass,
INSP-70,WO-10008,first_piece,2023-01-02 19:54:57.804678,OP007,1,1,0,No Defect,None,Pass,
INSP-71,WO-10008,final,2023-01-03 00:43:38.290726,OP014,5,5,0,NONE,None,Pass,
INSP-72,WO-10034,first_piece,2023-01-02 21:10:06.943771,OP008,1,1,0,None,None,Pass,
INSP-73,WO-10034,final,2023-01-02 23:45:28.383550,OP013,9,9,0,OK,None,Pass,
INSP-74,WO-10020,first_piece,2023-01-02 20:49:11.491557,OP007,1,1,0,NONE,None,Pass,
INSP-75,WO-10020,final,2023-01-02 23:26:30.000260,OP020,16,16,0,Pass,None,Pass,
INSP-76,WO-10031,first_piece,2023-01-02 21:24:21.853782,OP004,1,1,0,OK,None,Pass,
INSP-77,WO-10031,final,2023-01-02 23:14:04.779563,OP014,9,7,2,dimensional,Dimensional,Rework,
INSP-78,WO-10039,first_piece,2023-01-02 21:41:38.249822,OP003,1,1,0,OK,None,Pass,
INSP-79,WO-10039,final,2023-01-02 23:13:07.346610,OP020,23,23,0,No Defect,None,Pass,
INSP-80,WO-10000,first_piece,2023-01-02 22:38:32.846580,OP018,1,1,0,PASS,None,Pass,
INSP-81,WO-10000,final,2023-01-03 01:40:27.123857,OP014,5,5,0,None,None,Pass,
INSP-82,WO-10002,first_piece,2023-01-02 23:41:39.205548,OP016,1,1,0,PASS,None,Pass,
INSP-83,WO-10002,final,2023-01-03 03:14:51.344526,OP001,15,15,0,none,None,Pass,
INSP-84,WO-10002,final,2023-01-03 03:34:51.344526,OP001,15,15,0,none,None,Pass,
INSP-85,WO-10057,first_piece,2023-01-03 06:24:00.989916,OP004,1,1,0,OK,None,Pass,
INSP-86,WO-10057,final,2023-01-03 10:17:29.917191,OP005,20,20,0,NONE,None,Pass,Though a old raise if into.
INSP-87,WO-10066,first_piece,2023-01-03 06:44:25.747819,OP007,1,0,1,dimensional,Dimensional,Rework,
INSP-88,WO-10066,final,2023-01-03 10:14:43.882454,OP015,8,8,0,none,None,Pass,
INSP-89,WO-10072,first_piece,2023-01-03 06:51:00.590278,OP001,1,1,0,,None,Pass,
INSP-90,WO-10072,final,2023-01-03 11:13:50.550349,OP003,11,10,1,dim.,Dimensional,Scrap,
INSP-91,WO-10047,first_piece,2023-01-03 06:26:30.153979,OP009,1,1,0,Pass,None,Pass,
INSP-92,WO-10047,final,2023-01-03 10:33:05.294456,OP001,7,7,0,OK,None,Pass,
INSP-93,WO-10047,final,2023-01-03 11:01:05.294456,OP001,7,7,0,OK,None,Pass,
INSP-94,WO-10077,first_piece,2023-01-03 06:52:00.863803,OP015,1,1,0,NONE,None,Pass,
INSP-95,WO-10077,final,2023-01-03 00:49:43.791040,OP011,17,15,2,Dimentional,Dimensional,Rework,
INSP-96,WO-10078,first_piece,2023-01-03 06:28:10.057963,OP016,1,1,0,NONE,None,Pass,
INSP-97,WO-10078,final,2023-01-03 11:22:33.134060,OP006,19,18,1,Poros.,Porosity,Rework,
INSP-98,WO-10085,first_piece,2023-01-03 07:05:18.122579,OP009,1,1,0,,None,Pass,
INSP-99,WO-10085,final,2023-01-03 09:56:19.162149,OP007,5,5,0,No Defect,None,Pass,
INSP-100,WO-10054,first_piece,2023-01-03 07:50:41.962777,OP010,1,1,0,none,None,Pass,
INSP-101,WO-10054,final,2023-01-03 08:52:05.720154,OP017,24,24,0,OK,None,Pass,
INSP-102,WO-10058,first_piece,2023-01-03 08:07:27.012982,OP020,1,1,0,No Defect,None,Pass,
INSP-103,WO-10058,final,2023-01-03 08:47:38.702317,OP004,9,9,0,none,None,Pass,
INSP-104,WO-10059,first_piece,2023-01-03 08:16:36.565595,OP016,1,1,0,PASS,None,Pass,
INSP-105,WO-10059,final,2023-01-03 11:13:53.078703,OP004,23,22,1,SCRATCH,Surface Scratch,Scrap,
INSP-106,WO-10060,first_piece,2023-01-03 08:57:24.193865,OP014,1,1,0,none,None,Pass,
INSP-107,WO-10060,final,2023-01-03 09:15:54.399055,OP012,17,16,1,sharp edge,Burr,Scrap,
INSP-108,WO-10053,first_piece,2023-01-03 09:06:37.805657,OP001,1,1,0,PASS,None,Pass,
INSP-109,WO-10053,final,2023-01-03 09:11:52.892017,OP020,10,9,1,Dimension Error,Dimensional,Scrap,
INSP-110,WO-10080,first_piece,2023-01-03 09:40:05.038418,OP015,1,1,0,Pass,None,Pass,
INSP-111,WO-10080,final,2023-01-03 11:09:46.300219,OP007,15,15,0,NONE,None,Pass,
INSP-112,WO-10076,final,2023-01-03 14:15:21.130564,OP006,24,20,4,Out of Angle,Bend Angle,Rework,
INSP-113,WO-10082,first_piece,2023-01-03 10:10:25.981308,OP001,1,1,0,PASS,None,Pass,
INSP-114,WO-10082,final,2023-01-03 12:19:57.222044,OP003,7,7,0,,None,Pass,
INSP-115,WO-10044,first_piece,2023-01-03 10:40:56.024229,OP018,1,1,0,No Defect,None,Pass,
INSP-116,WO-10044,final,2023-01-03 14:13:32.785037,OP015,25,24,1,Weld,Weld Defect,Scrap,
INSP-117,WO-10044,final,2023-01-03 14:31:32.785037,OP015,25,24,1,Weld,Weld Defect,Scrap,
INSP-118,WO-10056,first_piece,2023-01-03 11:07:43.953647,OP006,1,0,1,Scr,Surface Scratch,Rework,
INSP-119,WO-10056,final,2023-01-03 15:39:16.486735,OP011,14,14,0,OK,None,Pass,Choice hard level understand development.
INSP-120,WO-10055,final,2023-01-03 12:59:55.919310,OP006,10,10,0,None,None,Pass,
INSP-121,WO-10062,first_piece,2023-01-03 11:39:35.135970,OP002,1,1,0,Pass,None,Pass,
INSP-122,WO-10062,final,2023-01-03 14:24:53.306922,OP010,18,17,1,Dimentional,Dimensional,Rework,
INSP-123,WO-10084,first_piece,2023-01-03 13:07:34.061622,OP009,1,1,0,NONE,None,Pass,
INSP-124,WO-10084,final,2023-01-03 16:35:39.171185,OP005,7,7,0,,None,Pass,
INSP-125,WO-10084,final,2023-01-03 17:05:39.171185,OP005,7,6,1,,None,Pass,
INSP-126,WO-10073,first_piece,2023-01-03 13:38:19.050390,OP010,1,1,0,,None,Pass,
INSP-127,WO-10073,final,2023-01-03 14:56:20.393841,OP005,13,12,1,Scratch,Surface Scratch,Use-As-Is,
INSP-128,WO-10083,first_piece,2023-01-03 13:44:16.982019,OP019,1,1,0,Pass,None,Pass,
INSP-129,WO-10083,final,2023-01-03 16:09:54.932753,OP007,5,5,0,NONE,None,Pass,
INSP-130,WO-10046,first_piece,2023-01-03 14:54:25.808676,OP015,1,1,0,NONE,None,Pass,
INSP-131,WO-10046,final,2023-01-03 16:22:35.176305,OP007,9,9,0,None,None,Pass,
INSP-132,WO-10081,first_piece,2023-01-03 14:54:42.182448,OP019,1,1,0,none,None,Pass,
INSP-133,WO-10081,final,2023-01-03 16:18:47.409449,OP006,11,10,1,Angle Error,Bend Angle,Rework,
INSP-134,WO-10052,first_piece,2023-01-03 14:59:51.535232,OP019,1,1,0,none,None,Pass,
INSP-135,WO-10052,final,2023-01-03 17:06:48.110272,OP004,21,19,2,weld def.,Weld Defect,Rework,
INSP-136,WO-10049,first_piece,2023-01-03 14:56:12.716221,OP020,1,1,0,NONE,None,Pass,
INSP-137,WO-10049,final,2023-01-03 16:00:33.051147,OP004,5,5,0,No Defect,None,Pass,Clearly choice everyone step ok run itself.
INSP-138,WO-10070,final,2023-01-03 17:57:00.538059,OP020,13,13,0,OK,None,Pass,
INSP-139,WO-10079,first_piece,2023-01-03 14:52:32.865103,OP010,1,0,1,bend angle,Bend Angle,Rework,
INSP-140,WO-10079,final,2023-01-03 17:08:54.961816,OP012,10,10,0,Pass,None,Pass,
INSP-141,WO-10048,first_piece,2023-01-03 14:31:39.738010,OP010,1,1,0,No Defect,None,Pass,
INSP-142,WO-10048,final,2023-01-03 17:10:29.254644,OP009,16,15,1,Dimentional,Dimensional,Rework,
INSP-143,WO-10061,first_piece,2023-01-03 15:35:26.971348,OP011,1,1,0,None,None,Pass,
INSP-144,WO-10061,final,2023-01-03 20:23:50.179939,OP008,23,20,3,Dimension Error,Dimensional,Scrap,Near true office short respond actually lawyer.
INSP-145,WO-10045,first_piece,2023-01-03 16:31:22.554423,OP018,1,1,0,None,None,Pass,
INSP-146,WO-10045,final,2023-01-03 18:47:58.162876,OP004,17,16,1,Dimension Error,Dimensional,Rework,
INSP-147,WO-10045,final,2023-01-03 19:26:58.162876,OP004,17,14,3,Dimension Error,Dimensional,Rework,
INSP-148,WO-10074,first_piece,2023-01-03 16:49:15.240634,OP010,1,1,0,none,None,Pass,
INSP-149,WO-10074,final,2023-01-03 17:09:57.897524,OP017,20,20,0,No Defect,None,Pass,
INSP-150,WO-10086,final,2023-01-03 21:29:29.958780,OP007,14,11,3,bend angle,Bend Angle,Scrap,
INSP-151,WO-10064,first_piece,2023-01-03 17:33:01.364940,OP010,1,1,0,No Defect,None,Pass,
INSP-152,WO-10064,final,2023-01-03 21:22:10.487695,OP005,11,11,0,No Defect,None,Pass,
INSP-153,WO-10069,first_piece,2023-01-03 17:57:39.366709,OP003,1,1,0,,None,Pass,
INSP-154,WO-10069,final,2023-01-03 20:23:13.445103,OP004,18,18,0,NONE,None,Pass,Among behind agree able poor.
INSP-155,WO-10063,first_piece,2023-01-03 18:21:12.455250,OP018,1,1,0,none,None,Pass,
INSP-156,WO-10063,final,2023-01-03 22:44:17.179379,OP008,18,18,0,Pass,None,Pass,
INSP-157,WO-10051,first_piece,2023-01-03 18:32:59.895709,OP005,1,1,0,Pass,None,Pass,
INSP-158,WO-10051,final,2023-01-03 20:02:09.722181,OP013,5,5,0,none,None,Pass,
INSP-159,WO-10065,first_piece,2023-01-03 18:56:08.149688,OP004,1,1,0,Pass,None,Pass,
INSP-160,WO-10065,final,2023-01-03 19:34:09.680663,OP018,24,23,1,Dimensional,Dimensional,Use-As-Is,
INSP-161,WO-10050,first_piece,2023-01-03 19:38:15.080499,OP007,1,1,0,,None,Pass,
INSP-162,WO-10050,final,2023-01-03 23:03:09.006842,OP015,20,20,0,none,None,Pass,
INSP-163,WO-10075,first_piece,2023-01-03 19:55:31.593836,OP012,1,1,0,None,None,Pass,
INSP-164,WO-10075,final,2023-01-03 20:54:43.322690,OP012,24,24,0,None,None,Pass,
INSP-165,WO-10068,final,2023-01-04 00:53:08.881079,OP005,10,10,0,none,None,Pass,
INSP-166,WO-10067,first_piece,2023-01-03 21:07:05.982031,OP003,1,1,0,PASS,None,Pass,
INSP-167,WO-10067,final,2023-01-03 22:06:56.342497,OP011,10,10,0,NONE,None,Pass,
INSP-168,WO-10114,final,2023-01-04 09:18:24.725783,OP005,7,7,0,No Defect,None,Pass,Today possible team large tell keep.
INSP-169,WO-10100,final,2023-01-04 09:08:35.451927,OP004,16,15,1,scrach,Surface Scratch,Scrap,
INSP-170,WO-10093,first_piece,2023-01-04 06:29:24.300275,OP011,1,1,0,NONE,None,Pass,
INSP-171,WO-10093,final,2023-01-04 08:49:07.137929,OP002,15,14,1,surface scratch,Surface Scratch,Use-As-Is,
INSP-172,WO-10101,first_piece,2023-01-04 06:27:53.121443,OP016,1,1,0,None,None,Pass,
INSP-173,WO-10101,final,2023-01-04 10:44:33.946589,OP010,15,14,1,dimensional,Dimensional,Scrap,
INSP-174,WO-10101,final,2023-01-04 10:59:33.946589,OP010,15,14,1,dimensional,Dimensional,Scrap,
INSP-175,WO-10091,first_piece,2023-01-04 06:44:50.510806,OP018,1,1,0,No Defect,None,Pass,
INSP-176,WO-10091,final,2023-01-04 07:23:57.124493,OP015,25,23,2,angle err,Bend Angle,Rework,Treatment beat civil your authority though race.
INSP-177,WO-10088,first_piece,2023-01-04 06:50:33.152525,OP001,1,0,1,Porosity,Porosity,Rework,
INSP-178,WO-10088,final,2023-01-04 09:38:13.784311,OP014,17,17,0,,None,Pass,
INSP-179,WO-10105,final,2023-01-04 07:31:02.989853,OP010,14,13,1,Dimension Error,Dimensional,Rework,
INSP-180,WO-10105,final,2023-01-04 08:00:02.989853,OP010,14,13,1,Dimension Error,Dimensional,Rework,
INSP-181,WO-10107,first_piece,2023-01-04 08:25:45.646141,OP002,1,1,0,No Defect,None,Pass,
INSP-182,WO-10107,final,2023-01-04 08:42:36.214034,OP020,19,14,5,Bend Angle,Bend Angle,Scrap,Table good house Mrs already.
INSP-183,WO-10122,first_piece,2023-01-04 08:30:43.287821,OP019,1,1,0,none,None,Pass,
INSP-184,WO-10122,final,2023-01-04 09:09:55.733558,OP014,5,5,0,No Defect,None,Pass,
INSP-185,WO-10106,first_piece,2023-01-04 08:48:53.665435,OP003,1,1,0,none,None,Pass,
INSP-186,WO-10106,final,2023-01-04 12:09:18.556015,OP013,20,20,0,PASS,None,Pass,
INSP-187,WO-10087,first_piece,2023-01-04 09:08:54.648377,OP019,1,1,0,,None,Pass,
INSP-188,WO-10087,final,2023-01-04 10:44:41.259751,OP003,21,19,2,dim.,Dimensional,Use-As-Is,
INSP-189,WO-10119,first_piece,2023-01-04 09:55:37.392008,OP013,1,1,0,NONE,None,Pass,
INSP-190,WO-10119,final,2023-01-04 10:35:12.521855,OP010,9,9,0,None,None,Pass,
INSP-191,WO-10112,first_piece,2023-01-04 10:48:05.705610,OP008,1,1,0,No Defect,None,Pass,
INSP-192,WO-10112,final,2023-01-04 12:31:33.496653,OP015,7,6,1,surface scratch,Surface Scratch,Scrap,
INSP-193,WO-10110,first_piece,2023-01-04 11:09:23.390703,OP003,1,1,0,No Defect,None,Pass,
INSP-194,WO-10110,final,2023-01-04 14:50:08.517445,OP010,7,7,0,OK,None,Pass,After fire wind program beat discuss voice five.
INSP-195,WO-10092,first_piece,2023-01-04 11:16:57.118374,OP018,1,1,0,No Defect,None,Pass,
INSP-196,WO-10092,final,2023-01-04 14:08:37.592897,OP009,10,10,0,none,None,Pass,
INSP-197,WO-10104,final,2023-01-04 15:18:14.670384,OP010,14,14,0,None,None,Pass,
INSP-198,WO-10104,final,2023-01-04 15:20:14.670384,OP010,14,14,0,None,None,Pass,
INSP-199,WO-10125,first_piece,2023-01-04 12:18:43.148656,OP019,1,1,0,Pass,None,Pass,
INSP-200,WO-10125,final,2023-01-04 15:17:39.365172,OP007,14,13,1,Dimension Error,Dimensional,Rework,
