scrap_id,work_order_id,inspection_id,scrap_date,machine_id,operator_id,shift_code,material_type,lot_id,defect_code_clean,disposition,quantity_scrapped,quantity_reworked,scrap_reason_raw,scrap_reason_clean,material_cost_per_unit,labor_cost_per_unit,total_scrap_cost
SCRAP-1,WO-10007,INSP-2,2023-01-02 04:38:21.917202,M05,OP015,Shift A,12ga Steel,LOT-1015,Dimensional,Scrap,1,0,machine issue,MACHINE_ISSUE,26.87,22.91,38.33
SCRAP-2,WO-10035,INSP-3,2023-01-02 05:05:48.097774,M03,OP010,Shift A,16ga Steel,LOT-1004,Burr,Scrap,1,0,machine issue,MACHINE_ISSUE,7.35,21.6,18.15
SCRAP-3,WO-10043,INSP-5,2023-01-02 04:55:53.226437,M04,OP009,Shift A,16ga Steel,LOT-1002,Bend Angle,Scrap,1,0,unknown,UNKNOWN,23.42,9.68,28.26
SCRAP-4,WO-10004,INSP-7,2023-01-02 06:58:30.973119,M06,OP017,Shift A,"3/8"" Plate",LOT-1023,Weld Defect,Scrap,1,0,Machine,MACHINE_ISSUE,17.94,24.24,30.06
SCRAP-5,WO-10012,INSP-22,2023-01-02 13:01:36.605126,M05,OP015,Shift A,16ga Steel,LOT-1004,Surface Scratch,Rework,0,3,unknown,UNKNOWN,27.96,16.47,49.41
SCRAP-6,WO-10017,INSP-23,2023-01-02 12:21:58.728172,M01,OP001,Shift A,16ga Steel,LOT-1002,Burr,Scrap,4,0,SETUP_ERROR,SETUP_ERROR,8.04,7.74,47.64
SCRAP-7,WO-10026,INSP-25,2023-01-02 11:55:06.128175,M03,OP010,Shift A,16ga Steel,LOT-1004,Surface Scratch,Scrap,2,0,Mat Defect,MATERIAL_DEFECT,9.51,14.56,33.58
SCRAP-8,WO-10038,INSP-27,2023-01-02 11:44:00.179938,M04,OP009,Shift A,Aluminum 5052,LOT-1028,Bend Angle,Scrap,1,0,First Article Fail,SETUP_ERROR,6.99,10.78,12.38
SCRAP-9,WO-10013,INSP-29,2023-01-02 12:27:36.975665,M07,OP018,Shift A,"3/8"" Plate",LOT-1023,Dimensional,Rework,0,1,Setup Error,SETUP_ERROR,23.84,18.38,18.38
SCRAP-10,WO-10021,INSP-35,2023-01-02 13:33:08.998933,M07,OP006,Shift A,Stainless 304,LOT-1033,Dimensional,Scrap,1,0,operator error,OPERATOR_ERROR,8.73,21.18,19.32
SCRAP-11,WO-10005,INSP-37,2023-01-02 14:10:54.977081,M02,OP004,Shift A,Aluminum 5052,LOT-1028,Surface Scratch,Rework,0,1,Material Defect,MATERIAL_DEFECT,31.76,6.46,6.46
SCRAP-12,WO-10014,INSP-41,2023-01-02 15:52:00.889987,M03,OP010,Shift A,16ga Steel,LOT-1004,Bend Angle,Scrap,1,0,machine issue,MACHINE_ISSUE,11.67,15.49,19.41
SCRAP-13,WO-10011,INSP-44,2023-01-02 15:39:06.369285,M05,OP015,Shift A,16ga Steel,LOT-1002,Dimensional,Rework,0,1,Mach Issue,MACHINE_ISSUE,31.47,17.54,17.54
SCRAP-14,WO-10042,INSP-56,2023-01-02 16:17:37.490085,M03,OP002,Shift B,16ga Steel,LOT-1004,Burr,Scrap,1,0,machine issue,MACHINE_ISSUE,6.12,18.41,15.32
SCRAP-15,WO-10018,INSP-57,2023-01-02 17:32:07.545156,M06,OP016,Shift B,"3/8"" Plate",LOT-1023,Dimensional,Scrap,5,0,OPERATOR_ERROR,OPERATOR_ERROR,8.01,21.64,94.15
SCRAP-16,WO-10033,INSP-63,2023-01-02 20:27:51.157091,M07,OP016,Shift B,"3/8"" Plate",LOT-1023,Burr,Rework,0,1,Setup,SETUP_ERROR,8.59,25.62,25.62
SCRAP-17,WO-10031,INSP-68,2023-01-02 22:17:43.569339,M04,OP007,Shift B,12ga Steel,LOT-1015,Bend Angle,Scrap,1,0,Operator,OPERATOR_ERROR,10.58,26.05,23.61
SCRAP-18,WO-10022,INSP-70,2023-01-02 19:09:48.822611,M03,OP012,Shift B,16ga Steel,LOT-1004,Surface Scratch,Scrap,1,0,material defect,MATERIAL_DEFECT,10.81,14.49,18.05
SCRAP-19,WO-10024,INSP-72,2023-01-02 23:23:35.812978,M06,OP016,Shift B,14ga Steel,LOT-1009,Porosity,Scrap,1,0,Incoming Defect,MATERIAL_DEFECT,7.99,16.73,16.36
SCRAP-20,WO-10037,INSP-81,2023-01-03 02:23:50.121371,M05,OP014,Shift B,Aluminum 5052,LOT-1028,Dimensional,Scrap,1,0,Operator Error,OPERATOR_ERROR,29.33,20.49,39.57
SCRAP-21,WO-10061,INSP-92,2023-01-03 11:26:38.742667,M01,OP015,Shift A,Stainless 304,LOT-1031,Dimensional,Scrap,3,0,op err,OPERATOR_ERROR,12.37,19.79,66.8
SCRAP-22,WO-10072,INSP-94,2023-01-03 11:17:28.616505,M07,OP006,Shift A,"1/4"" Plate",LOT-1020,Dimensional,Scrap,1,0,N/A,UNKNOWN,18.97,8.16,23.05
SCRAP-23,WO-10059,INSP-96,2023-01-03 09:29:16.212345,M02,OP004,Shift A,"3/8"" Plate",LOT-1023,Surface Scratch,Scrap,1,0,unknown,UNKNOWN,6.5,14.31,13.66
SCRAP-24,WO-10044,INSP-99,2023-01-03 12:11:39.033855,M06,OP015,Shift A,"3/8"" Plate",LOT-1023,Weld Defect,Scrap,1,0,equipment failure,MACHINE_ISSUE,15.18,15.79,23.07
SCRAP-25,WO-10078,INSP-106,2023-01-03 14:24:27.436857,M05,OP017,Shift A,Stainless 304,LOT-1031,Porosity,Rework,0,1,op err,OPERATOR_ERROR,27.8,6.83,6.83
SCRAP-26,WO-10086,INSP-112,2023-01-03 16:01:48.524365,M03,OP008,Shift A,Aluminum 5052,LOT-1028,Bend Angle,Scrap,4,0,operator error,OPERATOR_ERROR,15.7,11.94,86.68
SCRAP-27,WO-10081,INSP-118,2023-01-03 13:36:35.045596,M04,OP008,Shift A,12ga Steel,LOT-1015,Bend Angle,Rework,0,1,First Article Fail,SETUP_ERROR,8.61,17.64,17.64
SCRAP-28,WO-10071,INSP-119,2023-01-03 13:07:14.922862,M06,OP017,Shift A,"3/8"" Plate",LOT-1025,Weld Defect,Scrap,4,0,human error,OPERATOR_ERROR,17.09,22.97,114.3
SCRAP-29,WO-10062,INSP-128,2023-01-03 17:06:03.815929,M04,OP013,Shift B,16ga Steel,LOT-1004,Dimensional,Rework,0,2,op err,OPERATOR_ERROR,11.78,18.93,37.86
SCRAP-30,WO-10048,INSP-130,2023-01-03 17:04:16.170750,M01,OP002,Shift B,14ga Steel,LOT-1013,Dimensional,Rework,0,1,Setup,SETUP_ERROR,18.0,13.5,13.5
SCRAP-31,WO-10045,INSP-132,2023-01-03 16:58:00.945639,M07,OP020,Shift B,"1/4"" Plate",LOT-1020,Dimensional,Rework,0,1,Setup Error,SETUP_ERROR,20.99,8.89,8.89
SCRAP-32,WO-10057,INSP-137,2023-01-03 15:58:26.884685,M03,OP007,Shift B,12ga Steel,LOT-1015,Bend Angle,Rework,0,3,Mach Issue,MACHINE_ISSUE,13.53,7.41,22.23
SCRAP-33,WO-10053,INSP-143,2023-01-03 16:07:47.046175,M06,OP014,Shift B,14ga Steel,LOT-1009,Dimensional,Scrap,1,0,set up error,SETUP_ERROR,13.44,6.02,16.45
SCRAP-34,WO-10077,INSP-145,2023-01-03 10:34:05.335939,M01,OP002,Shift B,16ga Steel,LOT-1004,Dimensional,Rework,0,2,First Article Fail,SETUP_ERROR,16.39,14.14,28.28
SCRAP-35,WO-10060,INSP-149,2023-01-03 17:53:28.076247,M07,OP020,Shift B,12ga Steel,LOT-1016,Burr,Scrap,1,0,First Article Fail,SETUP_ERROR,18.21,14.18,25.3
SCRAP-36,WO-10076,INSP-152,2023-01-03 22:16:08.791687,M04,OP012,Shift B,12ga Steel,LOT-1016,Bend Angle,Rework,0,4,setup err,SETUP_ERROR,6.8,17.61,70.44
SCRAP-37,WO-10052,INSP-154,2023-01-03 20:43:39.646447,M06,OP014,Shift B,12ga Steel,LOT-1016,Weld Defect,Rework,0,2,set up error,SETUP_ERROR,14.74,15.08,30.16
SCRAP-38,WO-10116,INSP-173,2023-01-04 10:09:54.736610,M04,OP009,Shift A,16ga Steel,LOT-1004,Bend Angle,Rework,0,1,MACHINE_ISSUE,MACHINE_ISSUE,24.49,10.57,10.57
SCRAP-39,WO-10100,INSP-174,2023-01-04 09:12:01.530339,M07,OP019,Shift A,12ga Steel,LOT-1016,Surface Scratch,Scrap,1,0,Machine Issue,MACHINE_ISSUE,16.77,17.03,25.29
SCRAP-40,WO-10112,INSP-176,2023-01-04 08:31:27.929402,M01,OP015,Shift A,"3/8"" Plate",LOT-1025,Surface Scratch,Scrap,1,0,Mat Defect,MATERIAL_DEFECT,5.74,14.92,13.2
SCRAP-41,WO-10101,INSP-180,2023-01-04 10:49:43.625301,M02,OP001,Shift A,Aluminum 5052,LOT-1028,Dimensional,Scrap,1,0,machine issue,MACHINE_ISSUE,19.19,16.0,27.19
SCRAP-42,WO-10105,INSP-182,2023-01-04 08:36:21.057140,M06,OP015,Shift A,16ga Steel,LOT-1004,Dimensional,Rework,0,1,Operator,OPERATOR_ERROR,26.96,20.1,20.1
SCRAP-43,WO-10107,INSP-189,2023-01-04 10:02:33.982624,M03,OP008,Shift A,12ga Steel,LOT-1016,Bend Angle,Scrap,4,0,OPERATOR_ERROR,OPERATOR_ERROR,8.17,17.46,67.6
SCRAP-44,WO-10115,INSP-199,2023-01-04 13:46:28.225638,M05,OP017,Shift A,Stainless 304,LOT-1033,Porosity,Rework,0,1,human error,OPERATOR_ERROR,7.95,9.85,9.85
SCRAP-45,WO-10109,INSP-208,2023-01-04 17:43:51.817536,M07,OP020,Shift B,"1/4"" Plate",LOT-1020,Surface Scratch,Scrap,1,0,equipment failure,MACHINE_ISSUE,17.85,8.05,21.88
SCRAP-46,WO-10121,INSP-214,2023-01-04 19:21:54.857318,M02,OP002,Shift B,16ga Steel,LOT-1004,Incorrect Material,Scrap,1,0,material defect,MATERIAL_DEFECT,19.49,16.87,27.92
SCRAP-47,WO-10098,INSP-219,2023-01-04 17:35:40.291056,M03,OP007,Shift B,16ga Steel,LOT-1002,Dimensional,Scrap,3,0,Not Recorded,UNKNOWN,13.2,14.13,60.8
SCRAP-48,WO-10117,INSP-225,2023-01-04 18:57:01.612857,M04,OP011,Shift B,Aluminum 5052,LOT-1028,Surface Contamination,Scrap,1,0,Material Defect,MATERIAL_DEFECT,28.01,21.77,38.9
SCRAP-49,WO-10089,INSP-226,2023-01-04 17:31:24.144915,M03,OP007,Shift B,14ga Steel,LOT-1013,Dimensional,Scrap,4,0,DESIGN_ISSUE,DESIGN_ISSUE,17.24,24.92,118.8
SCRAP-50,WO-10090,INSP-228,2023-01-04 18:16:39.438863,M05,OP012,Shift B,"3/8"" Plate",LOT-1023,Weld Defect,Scrap,1,0,Mat Defect,MATERIAL_DEFECT,7.69,25.95,20.66
SCRAP-51,WO-10111,INSP-235,2023-01-04 20:52:40.435388,M06,OP014,Shift B,14ga Steel,LOT-1009,Porosity,Rework,0,1,Op Error,OPERATOR_ERROR,27.68,25.97,25.97
SCRAP-52,WO-10091,INSP-237,2023-01-04 20:17:18.524767,M03,OP011,Shift B,16ga Steel,LOT-1002,Bend Angle,Rework,0,2,Mach Issue,MACHINE_ISSUE,6.47,13.43,26.86
SCRAP-53,WO-10097,INSP-241,2023-01-04 23:09:29.607607,M04,OP007,Shift B,14ga Steel,LOT-1013,Bend Angle,Rework,0,3,Mach Issue,MACHINE_ISSUE,15.92,11.23,33.69
SCRAP-54,WO-10140,INSP-247,2023-01-05 08:54:23.594524,M07,OP006,Shift A,"1/4"" Plate",LOT-1020,Burr,Scrap,1,0,Setup,SETUP_ERROR,5.37,14.16,12.45
SCRAP-55,WO-10136,INSP-253,2023-01-05 11:31:58.661239,M02,OP004,Shift A,"3/8"" Plate",LOT-1023,Dimensional,Scrap,1,0,MACHINE_ISSUE,MACHINE_ISSUE,27.42,21.74,38.29
SCRAP-56,WO-10153,INSP-254,2023-01-05 11:20:40.346744,M04,OP009,Shift A,14ga Steel,LOT-1009,Bend Angle,Scrap,1,0,Setup Error,SETUP_ERROR,18.17,6.48,21.41
SCRAP-57,WO-10134,INSP-256,2023-01-05 07:57:53.189207,M03,OP001,Shift A,16ga Steel,LOT-1004,Dimensional,Rework,0,1,setup err,SETUP_ERROR,9.14,18.11,18.11
SCRAP-58,WO-10155,INSP-260,2023-01-05 09:10:20.499442,M06,OP019,Shift A,14ga Steel,LOT-1009,Weld Defect,Scrap,1,0,Not Recorded,UNKNOWN,28.48,23.51,40.23
SCRAP-59,WO-10171,INSP-261,2023-01-05 12:46:22.516891,M02,OP001,Shift A,"3/8"" Plate",LOT-1025,Dimensional,Rework,0,2,set up error,SETUP_ERROR,5.21,13.2,26.4
SCRAP-60,WO-10163,INSP-263,2023-01-05 10:15:22.816228,M04,OP004,Shift A,14ga Steel,LOT-1013,Bend Angle,Scrap,1,0,bad material,MATERIAL_DEFECT,16.57,20.38,26.76
SCRAP-61,WO-10159,INSP-264,2023-01-05 13:36:56.161607,M07,OP018,Shift A,16ga Steel,LOT-1002,Burr,Scrap,2,0,Operator Error,OPERATOR_ERROR,12.08,19.72,43.88
SCRAP-62,WO-10128,INSP-269,2023-01-05 14:32:17.958309,M01,OP001,Shift A,"1/4"" Plate",LOT-1020,Dimensional,Scrap,1,0,SETUP_ERROR,SETUP_ERROR,24.09,14.9,31.54
SCRAP-63,WO-10168,INSP-271,2023-01-05 14:47:52.666427,M06,OP017,Shift A,Stainless 304,LOT-1031,Weld Defect,Rework,0,2,OPERATOR_ERROR,OPERATOR_ERROR,10.95,22.72,45.44
SCRAP-64,WO-10131,INSP-272,2023-01-05 15:05:44.683721,M05,OP015,Shift A,14ga Steel,LOT-1013,Surface Scratch,Rework,0,1,Mach Issue,MACHINE_ISSUE,10.47,18.74,18.74
SCRAP-65,WO-10133,INSP-277,2023-01-05 12:50:58.209944,M04,OP009,Shift A,14ga Steel,LOT-1013,Bend Angle,Scrap,1,0,Machine,MACHINE_ISSUE,19.7,21.77,30.59
SCRAP-66,WO-10145,INSP-286,2023-01-05 17:15:30.427645,M07,OP020,Shift B,12ga Steel,LOT-1015,Dimensional,Rework,0,1,Material Defect,MATERIAL_DEFECT,16.9,14.53,14.53
SCRAP-67,WO-10138,INSP-288,2023-01-05 17:20:45.792174,M03,OP011,Shift B,16ga Steel,LOT-1002,Bend Angle,Rework,0,1,machine issue,MACHINE_ISSUE,13.59,20.87,20.87
SCRAP-68,WO-10166,INSP-289,2023-01-05 19:11:40.250487,M02,OP002,Shift B,Aluminum 5052,LOT-1026,Surface Scratch,Rework,0,2,MACHINE_ISSUE,MACHINE_ISSUE,12.14,9.26,18.52
SCRAP-69,WO-10135,INSP-293,2023-01-05 15:42:27.964078,M06,OP011,Shift B,16ga Steel,LOT-1002,Porosity,Rework,0,2,MACHINE_ISSUE,MACHINE_ISSUE,28.62,17.99,35.98
SCRAP-70,WO-10129,INSP-295,2023-01-05 17:26:23.226436,M04,OP014,Shift B,Stainless 304,LOT-1033,Bend Angle,Rework,0,2,SETUP_ERROR,SETUP_ERROR,12.11,10.9,21.8
SCRAP-71,WO-10156,INSP-296,2023-01-05 20:43:57.286730,M03,OP012,Shift B,14ga Steel,LOT-1013,Bend Angle,Rework,0,2,UNKNOWN,UNKNOWN,17.95,18.84,37.68
SCRAP-72,WO-10158,INSP-305,2023-01-05 21:52:04.409018,M07,OP020,Shift B,"1/4"" Plate",LOT-1020,Burr,Rework,0,1,Op Error,OPERATOR_ERROR,9.96,6.72,6.72
SCRAP-73,WO-10132,INSP-313,2023-01-06 00:04:05.980249,M04,OP007,Shift B,Aluminum 5052,LOT-1026,Dimensional,Rework,0,2,operator error,OPERATOR_ERROR,16.5,24.4,48.8
SCRAP-74,WO-10162,INSP-326,2023-01-05 22:41:53.879936,M02,OP002,Shift B,Aluminum 5052,LOT-1028,Surface Scratch,Scrap,1,0,equipment failure,MACHINE_ISSUE,20.55,10.96,26.03
SCRAP-75,WO-10146,INSP-329,2023-01-06 01:38:00.961123,M06,OP014,Shift B,"3/8"" Plate",LOT-1023,Surface Contamination,Scrap,2,0,bad material,MATERIAL_DEFECT,19.69,22.18,61.56
SCRAP-76,WO-10202,INSP-330,2023-01-06 07:05:49.570644,M07,OP018,Shift A,16ga Steel,LOT-1004,Dimensional,Rework,0,2,setup err,SETUP_ERROR,11.2,12.89,25.78
SCRAP-77,WO-10176,INSP-336,2023-01-06 10:40:40.460884,M05,OP017,Shift A,"3/8"" Plate",LOT-1023,Weld Defect,Scrap,2,0,See Notes,UNKNOWN,26.73,17.95,71.41
SCRAP-78,WO-10192,INSP-338,2023-01-06 07:59:02.845883,M04,OP009,Shift A,16ga Steel,LOT-1004,Bend Angle,Scrap,1,0,Machine,MACHINE_ISSUE,13.39,21.49,24.13
SCRAP-79,WO-10205,INSP-344,2023-01-06 09:50:02.935680,M05,OP017,Shift A,Stainless 304,LOT-1031,Weld Defect,Scrap,2,0,machine issue,MACHINE_ISSUE,30.6,23.41,84.61
SCRAP-80,WO-10177,INSP-350,2023-01-06 14:47:23.921521,M06,OP019,Shift A,16ga Steel,LOT-1004,Weld Defect,Rework,0,2,set up error,SETUP_ERROR,22.2,15.75,31.5
SCRAP-81,WO-10185,INSP-355,2023-01-06 13:16:47.767683,M02,OP001,Shift A,"1/4"" Plate",LOT-1022,Surface Scratch,Scrap,4,0,equipment failure,MACHINE_ISSUE,15.19,15.81,92.38
SCRAP-82,WO-10191,INSP-360,2023-01-06 13:30:38.161000,M07,OP018,Shift A,14ga Steel,LOT-1009,Surface Scratch,Scrap,1,0,material defect,MATERIAL_DEFECT,20.74,14.83,28.15
SCRAP-83,WO-10209,INSP-364,2023-01-06 16:20:37.028424,M04,OP011,Shift B,16ga Steel,LOT-1004,Dimensional,Rework,0,1,material defect,MATERIAL_DEFECT,9.28,22.83,22.83
SCRAP-84,WO-10184,INSP-367,2023-01-06 19:30:46.332581,M03,OP007,Shift B,14ga Steel,LOT-1009,Dimensional,Scrap,1,0,bad material,MATERIAL_DEFECT,11.6,17.83,20.52
SCRAP-85,WO-10201,INSP-374,2023-01-06 15:46:42.695776,M07,OP007,Shift B,12ga Steel,LOT-1015,Burr,Rework,0,3,Incoming Defect,MATERIAL_DEFECT,16.45,7.48,22.44
SCRAP-86,WO-10187,INSP-384,2023-01-06 21:16:26.443730,M01,OP002,Shift B,Aluminum 5052,LOT-1028,Dimensional,Rework,0,1,Setup Error,SETUP_ERROR,26.11,18.25,18.25
SCRAP-87,WO-10182,INSP-388,2023-01-06 18:57:06.131562,M03,OP007,Shift B,14ga Steel,LOT-1013,Bend Angle,Rework,0,1,Setup Error,SETUP_ERROR,11.77,14.67,14.67
SCRAP-88,WO-10198,INSP-392,2023-01-06 12:16:00.257151,M03,OP011,Shift B,16ga Steel,LOT-1004,Bend Angle,Rework,0,2,Operator,OPERATOR_ERROR,23.56,10.59,21.18
SCRAP-89,WO-10196,INSP-395,2023-01-06 23:04:11.751710,M05,OP016,Shift B,16ga Steel,LOT-1002,Weld Defect,Scrap,1,0,Setup Error,SETUP_ERROR,24.49,19.22,34.1
SCRAP-90,WO-10175,INSP-397,2023-01-06 23:41:32.823500,M07,OP020,Shift B,"1/4"" Plate",LOT-1022,Burr,Scrap,1,0,OPERATOR_ERROR,OPERATOR_ERROR,5.76,14.36,12.94
SCRAP-91,WO-10235,INSP-407,2023-01-07 08:11:50.322967,M01,OP015,Shift A,16ga Steel,LOT-1004,Surface Scratch,Scrap,2,0,equipment failure,MACHINE_ISSUE,13.18,13.86,40.22
SCRAP-92,WO-10223,INSP-411,2023-01-07 09:19:17.370236,M05,OP019,Shift A,14ga Steel,LOT-1009,Dimensional,Rework,0,1,N/A,UNKNOWN,9.68,19.76,19.76
SCRAP-93,WO-10246,INSP-423,2023-01-07 11:10:51.586050,M07,OP017,Shift A,Stainless 304,LOT-1031,Dimensional,Rework,0,1,machine issue,MACHINE_ISSUE,8.7,19.97,19.97
SCRAP-94,WO-10216,INSP-424,2023-01-07 13:03:17.079240,M01,OP004,Shift A,12ga Steel,LOT-1016,Dimensional,Scrap,1,0,Setup,SETUP_ERROR,17.07,20.6,27.37
SCRAP-95,WO-10234,INSP-426,2023-01-07 13:37:27.470713,M02,OP006,Shift A,Aluminum 5052,LOT-1026,Burr,Scrap,1,0,machine issue,MACHINE_ISSUE,21.24,9.7,26.09
SCRAP-96,WO-10242,INSP-427,2023-01-07 12:53:29.701239,M04,OP010,Shift A,Stainless 304,LOT-1033,Bend Angle,Rework,0,4,MACHINE_ISSUE,MACHINE_ISSUE,9.77,23.26,93.04
SCRAP-97,WO-10247,INSP-434,2023-01-07 07:07:23.741673,M02,OP006,Shift A,"1/4"" Plate",LOT-1020,Dimensional,Rework,0,1,SETUP_ERROR,SETUP_ERROR,14.84,9.49,9.49
SCRAP-98,WO-10226,INSP-435,2023-01-07 15:24:30.621558,M07,OP018,Shift A,Stainless 304,LOT-1031,Burr,Scrap,1,0,SETUP_ERROR,SETUP_ERROR,10.76,10.47,16.0
SCRAP-99,WO-10238,INSP-436,2023-01-07 15:40:18.995037,M06,OP017,Shift A,16ga Steel,LOT-1002,Weld Defect,Rework,0,4,Operator Error,OPERATOR_ERROR,25.93,18.12,72.48
SCRAP-100,WO-10220,INSP-438,2023-01-07 16:02:09.909987,M04,OP010,Shift A,Stainless 304,LOT-1033,Dimensional,Rework,0,1,Setup Error,SETUP_ERROR,10.29,25.37,25.37
SCRAP-101,WO-10244,INSP-443,2023-01-07 14:05:38.402475,M01,OP001,Shift A,Aluminum 5052,LOT-1028,Dimensional,Scrap,2,0,MACHINE_ISSUE,MACHINE_ISSUE,30.19,5.55,65.93
SCRAP-102,WO-10245,INSP-446,2023-01-07 16:12:36.523242,M03,OP011,Shift B,14ga Steel,LOT-1009,Bend Angle,Scrap,1,0,Setup Error,SETUP_ERROR,9.08,18.24,18.2
SCRAP-103,WO-10239,INSP-450,2023-01-07 17:35:35.227268,M06,OP013,Shift B,12ga Steel,LOT-1015,Weld Defect,Scrap,1,0,Machine Issue,MACHINE_ISSUE,16.25,13.85,23.18
SCRAP-104,WO-10237,INSP-454,2023-01-07 18:59:39.116867,M04,OP011,Shift B,Aluminum 5052,LOT-1026,Dimensional,Scrap,1,0,Machine Issue,MACHINE_ISSUE,14.1,12.42,20.31
SCRAP-105,WO-10228,INSP-455,2023-01-07 18:33:09.442418,M07,OP020,Shift B,Stainless 304,LOT-1033,Dimensional,Scrap,4,0,drawing error,DESIGN_ISSUE,13.82,8.29,71.86
SCRAP-106,WO-10230,INSP-457,2023-01-07 20:34:11.710281,M01,OP005,Shift B,Aluminum 5052,LOT-1026,Dimensional,Rework,0,1,material defect,MATERIAL_DEFECT,19.32,18.02,18.02
SCRAP-107,WO-10217,INSP-458,2023-01-07 20:13:02.344511,M02,OP003,Shift B,Stainless 304,LOT-1033,Dimensional,Rework,0,2,equipment failure,MACHINE_ISSUE,12.53,21.64,43.28
SCRAP-108,WO-10252,INSP-465,2023-01-08 02:27:37.335927,M03,OP011,Shift B,14ga Steel,LOT-1009,Dimensional,Scrap,2,0,setup err,SETUP_ERROR,30.07,7.42,67.56
SCRAP-109,WO-10251,INSP-466,2023-01-07 22:54:53.285417,M06,OP013,Shift B,14ga Steel,LOT-1009,Weld Defect,Rework,0,1,Operator,OPERATOR_ERROR,31.87,9.5,9.5
SCRAP-110,WO-10236,INSP-468,2023-01-07 23:19:30.857962,M05,OP014,Shift B,"3/8"" Plate",LOT-1025,Dimensional,Rework,0,2,Setup,SETUP_ERROR,33.52,17.34,34.68
SCRAP-111,WO-10224,INSP-470,2023-01-07 18:58:11.534734,M02,OP003,Shift B,Stainless 304,LOT-1033,Burr,Rework,0,1,Mach Issue,MACHINE_ISSUE,11.82,19.2,19.2
SCRAP-112,WO-10263,INSP-479,2023-01-09 10:11:14.017795,M03,OP009,Shift A,14ga Steel,LOT-1009,Bend Angle,Scrap,2,0,Setup,SETUP_ERROR,18.24,19.01,55.49
SCRAP-113,WO-10254,INSP-481,2023-01-09 07:20:10.163458,M04,OP010,Shift A,16ga Steel,LOT-1002,Bend Angle,Rework,0,1,human error,OPERATOR_ERROR,13.7,21.42,21.42
SCRAP-114,WO-10266,INSP-491,2023-01-09 07:52:01.116352,M01,OP015,Shift A,16ga Steel,LOT-1002,Dimensional,Scrap,1,0,Machine Issue,MACHINE_ISSUE,12.9,14.88,20.34
SCRAP-115,WO-10274,INSP-496,2023-01-09 12:49:03.051943,M03,OP004,Shift A,16ga Steel,LOT-1004,Burr,Scrap,1,0,Mat Defect,MATERIAL_DEFECT,11.11,18.57,20.39
SCRAP-116,WO-10279,INSP-500,2023-01-09 10:52:46.841258,M01,OP006,Shift A,"1/4"" Plate",LOT-1020,Surface Scratch,Rework,0,1,Incoming Defect,MATERIAL_DEFECT,17.09,8.25,8.25
SCRAP-117,WO-10265,INSP-502,2023-01-09 15:33:37.425062,M04,OP004,Shift A,16ga Steel,LOT-1004,Burr,Scrap,2,0,Machine,MACHINE_ISSUE,7.69,24.26,39.64
SCRAP-118,WO-10259,INSP-506,2023-01-09 12:37:08.782167,M07,OP019,Shift A,16ga Steel,LOT-1004,Burr,Scrap,2,0,Setup,SETUP_ERROR,10.9,11.85,33.65
SCRAP-119,WO-10278,INSP-508,2023-01-09 17:12:39.720543,M02,OP001,Shift A,"1/4"" Plate",LOT-1020,Incorrect Material,Rework,0,1,material defect,MATERIAL_DEFECT,28.79,16.96,16.96
SCRAP-120,WO-10277,INSP-512,2023-01-09 16:00:30.675731,M06,OP015,Shift A,Stainless 304,LOT-1033,Weld Defect,Rework,0,1,Machine,MACHINE_ISSUE,10.08,25.12,25.12
SCRAP-121,WO-10256,INSP-525,2023-01-09 17:59:33.511563,M02,OP005,Shift B,"3/8"" Plate",LOT-1023,Surface Scratch,Scrap,1,0,Machine,MACHINE_ISSUE,8.73,9.57,13.52
SCRAP-122,WO-10286,INSP-527,2023-01-09 15:39:17.897701,M06,OP003,Shift B,16ga Steel,LOT-1002,Porosity,Scrap,1,0,operator error,OPERATOR_ERROR,23.33,20.29,33.47
SCRAP-123,WO-10258,INSP-529,2023-01-09 19:31:27.637051,M07,OP020,Shift B,14ga Steel,LOT-1010,Dimensional,Scrap,3,0,set up error,SETUP_ERROR,8.67,5.75,34.63
SCRAP-124,WO-10264,INSP-531,2023-01-09 17:38:56.238092,M03,OP011,Shift B,14ga Steel,LOT-1010,Bend Angle,Rework,0,1,Machine Issue,MACHINE_ISSUE,31.96,7.4,7.4
SCRAP-125,WO-10283,INSP-534,2023-01-09 19:49:55.115268,M01,OP003,Shift B,12ga Steel,LOT-1015,Incorrect Material,Scrap,1,0,Operator,OPERATOR_ERROR,25.53,5.74,28.4
SCRAP-126,WO-10273,INSP-536,2023-01-09 21:12:53.588840,M06,OP016,Shift B,16ga Steel,LOT-1004,Weld Defect,Scrap,1,0,Setup,SETUP_ERROR,24.05,13.44,30.77
SCRAP-127,WO-10248,INSP-538,2023-01-09 22:20:22.674830,M07,OP020,Shift B,16ga Steel,LOT-1004,Dimensional,Scrap,1,0,MACHINE_ISSUE,MACHINE_ISSUE,12.94,15.2,20.54
SCRAP-128,WO-10271,INSP-540,2023-01-09 23:27:44.386100,M04,OP007,Shift B,12ga Steel,LOT-1016,Bend Angle,Rework,0,1,Mach Issue,MACHINE_ISSUE,16.95,13.55,13.55
SCRAP-129,WO-10261,INSP-542,2023-01-09 19:45:39.997590,M03,OP013,Shift B,16ga Steel,LOT-1004,Dimensional,Rework,0,1,unknown,UNKNOWN,21.86,10.93,10.93
SCRAP-130,WO-10282,INSP-543,2023-01-09 23:36:46.147464,M02,OP005,Shift B,"3/8"" Plate",LOT-1023,Incorrect Material,Rework,0,1,MATERIAL_DEFECT,MATERIAL_DEFECT,29.36,10.72,10.72
SCRAP-131,WO-10314,INSP-549,2023-01-10 08:08:19.977958,M04,OP008,Shift A,14ga Steel,LOT-1010,Bend Angle,Scrap,1,0,SETUP_ERROR,SETUP_ERROR,16.59,18.68,25.93
SCRAP-132,WO-10319,INSP-554,2023-01-10 08:58:28.011071,M05,OP017,Shift A,16ga Steel,LOT-1000,Porosity,Scrap,1,0,MATERIAL_DEFECT,MATERIAL_DEFECT,29.58,20.16,39.66
SCRAP-133,WO-10289,INSP-556,2023-01-10 05:51:46.019772,M07,OP019,Shift A,"1/4"" Plate",LOT-1020,Burr,Scrap,1,0,machine issue,MACHINE_ISSUE,24.17,10.27,29.3
SCRAP-134,WO-10305,INSP-558,2023-01-10 07:13:30.730672,M06,OP010,Shift A,Aluminum 5052,LOT-1028,Weld Defect,Rework,0,1,OPERATOR_ERROR,OPERATOR_ERROR,21.25,16.06,16.06
SCRAP-135,WO-10299,INSP-560,2023-01-10 09:00:17.554041,M03,OP001,Shift A,16ga Steel,LOT-1000,Bend Angle,Rework,0,1,human error,OPERATOR_ERROR,5.96,13.1,13.1
SCRAP-136,WO-10303,INSP-566,2023-01-10 12:00:17.747030,M01,OP001,Shift A,14ga Steel,LOT-1010,Dimensional,Scrap,1,0,Mach Issue,MACHINE_ISSUE,6.2,17.96,15.18
SCRAP-137,WO-10298,INSP-568,2023-01-10 12:36:35.405887,M03,OP008,Shift A,16ga Steel,LOT-1000,Bend Angle,Scrap,1,0,operator error,OPERATOR_ERROR,5.77,10.88,11.21
SCRAP-138,WO-10288,INSP-574,2023-01-10 14:58:12.617271,M02,OP004,Shift A,Aluminum 5052,LOT-1028,Surface Scratch,Scrap,2,0,MACHINE_ISSUE,MACHINE_ISSUE,31.78,6.01,69.57
SCRAP-139,WO-10321,INSP-578,2023-01-10 15:00:00.843632,M05,OP017,Shift A,16ga Steel,LOT-1000,Porosity,Scrap,1,0,Incoming Defect,MATERIAL_DEFECT,28.8,19.12,38.36
SCRAP-140,WO-10292,INSP-580,2023-01-10 14:27:48.609871,M04,OP009,Shift A,12ga Steel,LOT-1016,Bend Angle,Rework,0,3,Setup Error,SETUP_ERROR,16.64,12.77,38.31
SCRAP-141,WO-10324,INSP-584,2023-01-10 18:22:11.016591,M06,OP014,Shift B,16ga Steel,LOT-1002,Dimensional,Rework,0,1,Setup Error,SETUP_ERROR,16.28,20.35,20.35
SCRAP-142,WO-10306,INSP-590,2023-01-10 18:39:10.566400,M05,OP016,Shift B,Stainless 304,LOT-1033,Porosity,Scrap,2,0,equipment failure,MACHINE_ISSUE,8.34,18.91,35.59
SCRAP-143,WO-10308,INSP-595,2023-01-10 16:54:06.611502,M04,OP007,Shift B,12ga Steel,LOT-1016,Dimensional,Rework,0,2,Machine Issue,MACHINE_ISSUE,20.97,18.08,36.16
SCRAP-144,WO-10301,INSP-596,2023-01-10 20:46:35.216041,M03,OP011,Shift B,14ga Steel,LOT-1013,Bend Angle,Scrap,2,0,OPERATOR_ERROR,OPERATOR_ERROR,11.05,15.37,37.47
SCRAP-145,WO-10310,INSP-597,2023-01-10 21:09:30.183778,M04,OP012,Shift B,12ga Steel,LOT-1015,Dimensional,Scrap,1,0,machine issue,MACHINE_ISSUE,9.33,17.92,18.29
SCRAP-146,WO-10309,INSP-601,2023-01-10 18:58:09.978079,M05,OP016,Shift B,14ga Steel,LOT-1010,Weld Defect,Scrap,1,0,Operator Error,OPERATOR_ERROR,28.28,8.96,32.76
SCRAP-147,WO-10315,INSP-602,2023-01-10 20:03:40.156872,M06,OP014,Shift B,Aluminum 5052,LOT-1028,Weld Defect,Rework,0,1,Machine,MACHINE_ISSUE,16.41,19.9,19.9
SCRAP-148,WO-10302,INSP-605,2023-01-10 21:45:04.558276,M05,OP016,Shift B,Aluminum 5052,LOT-1026,Surface Scratch,Rework,0,2,Not Recorded,UNKNOWN,6.03,6.73,13.46
SCRAP-149,WO-10294,INSP-607,2023-01-10 23:37:33.289123,M04,OP007,Shift B,12ga Steel,LOT-1015,Dimensional,Scrap,1,0,Operator,OPERATOR_ERROR,9.94,14.83,17.36
SCRAP-150,WO-10312,INSP-610,2023-01-11 00:08:41.893853,M03,OP002,Shift B,14ga Steel,LOT-1013,Bend Angle,Scrap,1,0,Machine Issue,MACHINE_ISSUE,17.84,7.28,21.48
SCRAP-151,WO-10336,INSP-614,2023-01-11 10:57:16.586371,M01,OP001,Shift A,"3/8"" Plate",LOT-1038,Surface Scratch,Rework,0,1,Machine,MACHINE_ISSUE,5.46,13.32,13.32
SCRAP-152,WO-10313,INSP-616,2023-01-11 09:51:20.167671,M03,OP010,Shift A,14ga Steel,LOT-1010,Surface Scratch,Rework,0,1,Mach Issue,MACHINE_ISSUE,28.77,11.95,11.95
SCRAP-153,WO-10338,INSP-620,2023-01-11 08:56:37.231199,M04,OP004,Shift A,Aluminum 5052,LOT-1028,Bend Angle,Rework,0,4,set up error,SETUP_ERROR,5.56,17.78,71.12
SCRAP-154,WO-10353,INSP-621,2023-01-10 22:46:35.960066,M02,OP015,Shift A,Aluminum 5052,LOT-1028,Surface Scratch,Rework,0,1,machine issue,MACHINE_ISSUE,25.75,17.67,17.67
SCRAP-155,WO-10356,INSP-623,2023-01-11 09:54:27.620735,M05,OP017,Shift A,16ga Steel,LOT-1000,Dimensional,Scrap,2,0,Op Error,OPERATOR_ERROR,16.48,25.8,58.76
SCRAP-156,WO-10352,INSP-625,2023-01-11 10:52:49.200463,M07,OP019,Shift A,Stainless 304,LOT-1031,Burr,Rework,0,2,,UNKNOWN,9.86,18.72,37.44
SCRAP-157,WO-10347,INSP-631,2023-01-11 12:26:40.418061,M03,OP010,Shift A,14ga Steel,LOT-1010,Dimensional,Rework,0,5,setup err,SETUP_ERROR,17.5,24.17,120.85
SCRAP-158,WO-10363,INSP-637,2023-01-11 14:17:56.417535,M01,OP015,Shift A,12ga Steel,LOT-1015,Surface Scratch,Rework,0,1,Machine Issue,MACHINE_ISSUE,18.22,22.07,22.07
SCRAP-159,WO-10366,INSP-650,2023-01-11 14:26:33.757564,M01,OP001,Shift A,Stainless 304,LOT-1033,Dimensional,Rework,0,2,op err,OPERATOR_ERROR,12.07,24.11,48.22
SCRAP-160,WO-10358,INSP-652,2023-01-11 15:33:28.644556,M02,OP006,Shift A,14ga Steel,LOT-1013,Surface Scratch,Rework,0,2,machine issue,MACHINE_ISSUE,8.62,7.85,15.7
SCRAP-161,WO-10357,INSP-654,2023-01-11 18:09:07.779115,M05,OP017,Shift A,"3/8"" Plate",LOT-1023,Weld Defect,Scrap,1,0,First Article Fail,SETUP_ERROR,15.85,5.84,18.77
SCRAP-162,WO-10331,INSP-656,2023-01-11 15:25:57.457390,M06,OP013,Shift B,14ga Steel,LOT-1010,Porosity,Scrap,1,0,OPERATOR_ERROR,OPERATOR_ERROR,11.62,14.55,18.89
SCRAP-163,WO-10367,INSP-663,2023-01-11 18:32:33.591151,M02,OP005,Shift B,"1/4"" Plate",LOT-1020,Burr,Rework,0,2,human error,OPERATOR_ERROR,6.33,10.51,21.02
SCRAP-164,WO-10330,INSP-678,2023-01-11 21:43:21.971457,M01,OP002,Shift B,16ga Steel,LOT-1000,Surface Scratch,Rework,0,1,Mat Defect,MATERIAL_DEFECT,14.2,12.9,12.9
SCRAP-165,WO-10342,INSP-680,2023-01-11 20:11:53.540315,M07,OP020,Shift B,"1/4"" Plate",LOT-1020,Burr,Scrap,1,0,material defect,MATERIAL_DEFECT,18.78,9.58,23.57
SCRAP-166,WO-10344,INSP-684,2023-01-11 22:42:20.778124,M06,OP016,Shift B,"3/8"" Plate",LOT-1023,Porosity,Scrap,1,0,bad material,MATERIAL_DEFECT,16.01,22.36,27.19
SCRAP-167,WO-10349,INSP-689,2023-01-11 20:59:54.019213,M01,OP003,Shift B,Aluminum 5052,LOT-1028,Dimensional,Scrap,1,0,MACHINE_ISSUE,MACHINE_ISSUE,18.03,6.23,21.15
SCRAP-168,WO-10355,INSP-691,2023-01-11 22:53:09.602494,M02,OP005,Shift B,Aluminum 5052,LOT-1028,Surface Scratch,Scrap,2,0,Incoming Defect,MATERIAL_DEFECT,30.92,5.85,67.69
SCRAP-169,WO-10341,INSP-693,2023-01-11 22:11:14.085889,M05,OP013,Shift B,Aluminum 5052,LOT-1028,Dimensional,Rework,0,1,Setup Error,SETUP_ERROR,22.76,17.97,17.97
SCRAP-170,WO-10365,INSP-694,2023-01-12 00:21:08.620974,M01,OP003,Shift B,14ga Steel,LOT-1013,Burr,Rework,0,1,Operator Error,OPERATOR_ERROR,8.59,12.97,12.97
SCRAP-171,WO-10325,INSP-695,2023-01-12 00:24:56.179275,M03,OP011,Shift B,Stainless 304,LOT-1033,Bend Angle,Rework,0,4,Material Defect,MATERIAL_DEFECT,11.43,24.63,98.52
SCRAP-172,WO-10335,INSP-699,2023-01-11 22:52:36.392064,M02,OP005,Shift B,14ga Steel,LOT-1010,Surface Contamination,Scrap,1,0,Machine Issue,MACHINE_ISSUE,13.79,9.28,18.43
SCRAP-173,WO-10372,INSP-700,2023-01-12 06:13:17.388144,M06,OP010,Shift A,"1/4"" Plate",LOT-1020,Weld Defect,Scrap,3,0,Setup Error,SETUP_ERROR,29.98,5.57,98.3
SCRAP-174,WO-10374,INSP-704,2023-01-12 07:18:42.859298,M04,OP008,Shift A,16ga Steel,LOT-1000,Burr,Scrap,1,0,MACHINE_ISSUE,MACHINE_ISSUE,21.27,11.01,26.77
SCRAP-175,WO-10404,INSP-706,2023-01-12 08:17:18.887396,M05,OP017,Shift A,12ga Steel,LOT-1037,Weld Defect,Rework,0,1,Operator Error,OPERATOR_ERROR,8.26,19.69,19.69
SCRAP-176,WO-10401,INSP-708,2023-01-12 06:45:27.986040,M07,OP018,Shift A,Stainless 304,LOT-1033,Surface Scratch,Scrap,1,0,Material Defect,MATERIAL_DEFECT,8.25,17.49,16.99
SCRAP-177,WO-10407,INSP-710,2023-01-12 07:22:52.965500,M06,OP010,Shift A,"3/8"" Plate",LOT-1038,Dimensional,Rework,0,1,machine issue,MACHINE_ISSUE,21.74,21.73,21.73
SCRAP-178,WO-10371,INSP-712,2023-01-12 07:29:40.527722,M02,OP006,Shift A,Aluminum 5052,LOT-1028,Surface Scratch,Rework,0,1,bad material,MATERIAL_DEFECT,22.05,6.32,6.32
SCRAP-179,WO-10391,INSP-716,2023-01-12 08:16:57.024587,M03,OP010,Shift A,16ga Steel,LOT-1002,Bend Angle,Rework,0,2,setup err,SETUP_ERROR,6.78,11.57,23.14
SCRAP-180,WO-10409,INSP-718,2023-01-12 10:35:24.131244,M05,OP017,Shift A,14ga Steel,LOT-1010,Porosity,Scrap,1,0,op err,OPERATOR_ERROR,16.48,8.95,20.95
SCRAP-181,WO-10390,INSP-720,2023-01-12 08:59:48.197975,M07,OP018,Shift A,"3/8"" Plate",LOT-1038,Burr,Rework,0,1,Machine Issue,MACHINE_ISSUE,24.5,19.93,19.93
SCRAP-182,WO-10397,INSP-722,2023-01-12 09:43:04.784984,M02,OP006,Shift A,Stainless 304,LOT-1033,Surface Scratch,Scrap,1,0,MATERIAL_DEFECT,MATERIAL_DEFECT,13.27,19.65,23.09
SCRAP-183,WO-10377,INSP-724,2023-01-12 12:07:08.700182,M04,OP008,Shift A,Aluminum 5052,LOT-1026,Burr,Scrap,1,0,machine issue,MACHINE_ISSUE,6.44,8.86,10.87
SCRAP-184,WO-10405,INSP-727,2023-01-12 11:13:18.904566,M01,OP001,Shift A,"1/4"" Plate",LOT-1020,Dimensional,Rework,0,1,set up error,SETUP_ERROR,5.37,16.94,16.94
SCRAP-185,WO-10410,INSP-735,2023-01-12 14:08:57.081134,M04,OP008,Shift A,12ga Steel,LOT-1037,Bend Angle,Rework,0,2,equipment failure,MACHINE_ISSUE,13.0,7.43,14.86
SCRAP-186,WO-10398,INSP-739,2023-01-12 16:10:14.720578,M01,OP004,Shift A,16ga Steel,LOT-1000,Surface Scratch,Rework,0,1,MATERIAL_DEFECT,MATERIAL_DEFECT,25.08,21.42,21.42
SCRAP-187,WO-10381,INSP-743,2023-01-12 19:05:42.229615,M07,OP020,Shift B,"1/4"" Plate",LOT-1020,Dimensional,Scrap,1,0,Print Rev Error,DESIGN_ISSUE,4.59,14.6,11.89
SCRAP-188,WO-10399,INSP-744,2023-01-12 19:03:54.505042,M04,OP011,Shift B,12ga Steel,LOT-1015,Surface Contamination,Scrap,1,0,Mat Defect,MATERIAL_DEFECT,25.91,20.8,36.31
SCRAP-189,WO-10395,INSP-745,2023-01-12 16:30:54.395945,M05,OP013,Shift B,"3/8"" Plate",LOT-1038,Surface Contamination,Scrap,4,0,bad material,MATERIAL_DEFECT,7.63,24.19,78.9
SCRAP-190,WO-10378,INSP-747,2023-01-12 15:51:15.763655,M03,OP012,Shift B,16ga Steel,LOT-1002,Dimensional,Scrap,3,0,Unknown,UNKNOWN,10.04,19.01,58.64
SCRAP-191,WO-10373,INSP-750,2023-01-12 16:58:30.287036,M02,OP003,Shift B,12ga Steel,LOT-1037,Surface Scratch,Rework,0,1,Not Recorded,UNKNOWN,15.35,22.82,22.82
SCRAP-192,WO-10388,INSP-754,2023-01-12 17:21:03.281933,M04,OP011,Shift B,12ga Steel,LOT-1015,Bend Angle,Rework,0,1,Setup Error,SETUP_ERROR,18.41,22.72,22.72
SCRAP-193,WO-10400,INSP-763,2023-01-12 23:23:41.928421,M07,OP020,Shift B,Stainless 304,LOT-1033,Burr,Rework,0,1,Mach Issue,MACHINE_ISSUE,10.77,21.71,21.71
SCRAP-194,WO-10369,INSP-765,2023-01-12 22:49:31.360434,M03,OP012,Shift B,14ga Steel,LOT-1010,Bend Angle,Scrap,2,0,OPERATOR_ERROR,OPERATOR_ERROR,13.48,7.5,34.46
SCRAP-195,WO-10392,INSP-767,2023-01-12 21:23:59.929734,M04,OP011,Shift B,12ga Steel,LOT-1037,Bend Angle,Scrap,1,0,Machine Issue,MACHINE_ISSUE,8.36,21.44,19.08
SCRAP-196,WO-10376,INSP-769,2023-01-12 21:41:43.888076,M01,OP002,Shift B,16ga Steel,LOT-1002,Incorrect Material,Scrap,1,0,MATERIAL_DEFECT,MATERIAL_DEFECT,16.88,15.61,24.68
SCRAP-197,WO-10406,INSP-772,2023-01-13 02:32:15.507585,M06,OP014,Shift B,Aluminum 5052,LOT-1026,Weld Defect,Scrap,2,0,machine issue,MACHINE_ISSUE,23.96,18.55,66.47
SCRAP-198,WO-10423,INSP-778,2023-01-13 08:16:15.097078,M03,OP008,Shift A,14ga Steel,LOT-1010,Surface Scratch,Rework,0,1,material defect,MATERIAL_DEFECT,27.85,12.55,12.55
SCRAP-199,WO-10445,INSP-781,2023-01-13 08:53:22.302900,M04,OP001,Shift A,16ga Steel,LOT-1000,Dimensional,Scrap,2,0,First Article Fail,SETUP_ERROR,10.24,15.32,35.8
SCRAP-200,WO-10420,INSP-783,2023-01-13 09:14:08.788683,M07,OP019,Shift A,"1/4"" Plate",LOT-1022,Dimensional,Rework,0,2,OPERATOR_ERROR,OPERATOR_ERROR,4.98,13.45,26.9
