window_days,feature,mean_abs_shap,model_importance,shap_share,model_importance_share,sensor_feature
7,vibration_7d_mean,0.4112367,0.05307434871792793,0.1757752,0.05307435212855255,True
7,days_since_last_unplanned_failure,0.3692445,0.04891381040215492,0.15782644,0.0489138135454181,False
7,machine_age_years,0.36307374,0.12361065298318863,0.15518886,0.12361066092656516,False
7,sensor_anomaly_score,0.3039768,0.06526321172714233,0.12992902,0.06526321592103866,True
7,rolling_30d_utilization_rate,0.13047075,0.02139856107532978,0.055767205,0.021398562450428316,False
7,bearing_temp_7d_mean,0.12469265,0.029341382905840874,0.053297468,0.02934138479135516,True
7,spindle_power_7d_mean,0.112914465,0.02313300035893917,0.04826311,0.023133001845494962,True
7,spindle_power_anomaly,0.07637573,0.015103928744792938,0.032645334,0.015103929715390457,True
7,hydraulic_pressure_7d_mean,0.070727594,0.020992020145058632,0.030231146,0.020992021494032332,True
7,vibration_anomaly,0.06347942,0.018600311130285263,0.027133055,0.018600312325564725,True
7,is_aging_machine,0.050183915,0.31855452060699463,0.021450145,0.3185545410777101,False
7,hydraulic_pressure_anomaly,0.042735536,0.012276886962354183,0.01826648,0.01227688775128243,True
7,bearing_temp_anomaly,0.03886322,0.014168948866426945,0.016611334,0.014168949776941477,True
7,rolling_7d_unplanned_downtime_hours,0.03661552,0.01207247655838728,0.015650598,0.012072477334179856,False
7,rolling_7d_alarm_count,0.03548774,0.015400168485939503,0.01516855,0.015400169475573761,False
7,rolling_30d_alarm_count,0.027345628,0.017006034031510353,0.011688361,0.01700603512433956,False
7,days_since_last_pm,0.026526485,0.012340634129941463,0.011338234,0.012340634922966184,False
7,machine_type,0.01770533,0.033902768045663834,0.007567802,0.03390277022429849,False
7,controller_type,0.015576804,0.060788702219724655,0.006658004,0.060788706126083364,False
7,last_failure_mode,0.013082996,0.015412160195410252,0.0055920742,0.015412161185815112,False
7,count_late_pms_last_6m,0.0077277697,0.01379366498440504,0.0033030862,0.013793665870803357,False
7,days_overdue_for_pm,0.000999894,0.025877200067043304,0.00042738538,0.025877201729944833,False
7,is_high_alarm_rate,0.0005173292,0.012882426381111145,0.00022112239,0.01288242720895212,False
7,shift,0.0,0.0,0.0,0.0,False
7,is_pm_overdue,0.0,0.01609211601316929,0.0,0.01609211704726897,False
7,is_shift_b_transition,0.0,0.0,0.0,0.0,False
7,is_sensor_anomaly,0.0,0.0,0.0,0.0,True
21,sensor_anomaly_score,0.5435846,0.22616182267665863,0.30248573,0.22616180772195724,True
21,days_since_last_unplanned_failure,0.39879137,0.06985018402338028,0.2219134,0.06985017940461381,False
21,machine_age_years,0.39606348,0.16629865765571594,0.22039542,0.1662986466594004,False
21,vibration_7d_mean,0.16680695,0.04112521931529045,0.09282221,0.04112521659593062,True
21,rolling_30d_utilization_rate,0.06978839,0.025666136294603348,0.038834788,0.025666134597458357,False
21,vibration_anomaly,0.04088806,0.028293641284108162,0.02275277,0.0282936394132223,True
21,bearing_temp_7d_mean,0.025941325,0.012868364341557026,0.014435437,0.01286836349065061,True
21,spindle_power_anomaly,0.024931382,0.018246183171868324,0.013873439,0.01824618196535956,True
21,rolling_7d_unplanned_downtime_hours,0.022671066,0.01585172861814499,0.012615653,0.015851727569966896,False
21,spindle_power_7d_mean,0.021488382,0.015506349503993988,0.01195753,0.015506348478653708,True
21,hydraulic_pressure_anomaly,0.016469153,0.017826436087489128,0.009164505,0.01782643490873568,True
21,hydraulic_pressure_7d_mean,0.015516587,0.01473586168140173,0.008634436,0.01473586070700911,True
21,is_aging_machine,0.010837086,0.245102658867836,0.0060304576,0.24510264266069268,False
21,rolling_30d_alarm_count,0.009292449,0.014883998781442642,0.0051709213,0.01488399779725462,False
21,rolling_7d_alarm_count,0.008782083,0.010387296788394451,0.004886921,0.010387296101545894,False
21,bearing_temp_anomaly,0.008615127,0.013413408771157265,0.0047940155,0.013413407884210386,True
21,days_since_last_pm,0.006150792,0.010913957841694355,0.0034226996,0.010913957120020915,False
21,count_late_pms_last_6m,0.0054179057,0.013938790187239647,0.0030148744,0.0139387892655525,False
21,machine_type,0.0026080718,0.01085202768445015,0.0014513003,0.010852026966871773,False
21,last_failure_mode,0.0017222709,0.010707284323871136,0.00095838326,0.010707283615863754,False
21,controller_type,0.0006920989,0.017370058223605156,0.00038512875,0.01737005707502919,False
21,shift,0.0,0.0,0.0,0.0,False
21,days_overdue_for_pm,0.0,0.0,0.0,0.0,False
21,is_pm_overdue,0.0,0.0,0.0,0.0,False
21,is_high_alarm_rate,0.0,0.0,0.0,0.0,False
21,is_shift_b_transition,0.0,0.0,0.0,0.0,False
21,is_sensor_anomaly,0.0,0.0,0.0,0.0,True
