interval_id,machine_id,start_time,end_time,state,program_number,cycle_count,assigned_job_id
MI-00000001,EDM-01,2023-07-01 22:00:00.000000,2023-07-03 06:00:00.000000,offline,,0,
MI-00000002,EDM-01,2023-07-03 12:50:37.711630,2023-07-03 13:57:24.511630,setup,O04349,0,
MI-00000003,EDM-01,2023-07-03 13:57:24.511630,2023-07-03 14:10:10.591630,in_cycle,O04349,1,
MI-00000004,EDM-01,2023-07-03 14:10:10.591630,2023-07-03 14:22:56.671630,in_cycle,O04349,1,
MI-00000005,EDM-01,2023-07-03 14:22:56.671630,2023-07-03 14:35:42.751630,in_cycle,O04349,1,
MI-00000006,EDM-01,2023-07-03 14:35:42.751630,2023-07-03 14:48:28.831630,in_cycle,O04349,1,
MI-00000007,EDM-01,2023-07-03 14:48:28.831630,2023-07-03 14:58:01.702861,idle,O04349,0,
MI-00000008,EDM-01,2023-07-03 14:58:01.702861,2023-07-03 15:10:47.782861,in_cycle,O04349,1,
MI-00000009,EDM-01,2023-07-03 15:01:14.911630,2023-07-04 00:00:00.000000,idle,,0,
MI-00000010,EDM-01,2023-07-04 00:00:00.000000,2023-07-04 13:29:19.088239,idle,,0,
MI-00000011,EDM-01,2023-07-04 13:29:19.088239,2023-07-04 14:41:04.688239,setup,O04401,0,
MI-00000012,EDM-01,2023-07-04 14:41:04.688239,2023-07-04 14:55:56.288239,in_cycle,O04401,1,
MI-00000013,EDM-01,2023-07-04 14:55:56.288239,2023-07-04 15:10:47.888239,in_cycle,O04401,1,
MI-00000014,EDM-01,2023-07-04 15:10:47.888239,2023-07-04 15:20:28.981822,idle,O04401,0,
MI-00000015,EDM-01,2023-07-04 15:20:28.981822,2023-07-04 15:35:20.581822,in_cycle,O04401,1,
MI-00000016,EDM-01,2023-07-04 15:35:20.581822,2023-07-04 15:50:12.181822,in_cycle,O04401,1,
MI-00000017,EDM-01,2023-07-04 15:50:12.181822,2023-07-04 15:55:26.282097,idle,O04401,0,
MI-00000018,EDM-01,2023-07-04 15:55:26.282097,2023-07-04 16:10:17.882097,in_cycle,O04401,1,
MI-00000019,EDM-01,2023-07-04 16:10:17.882097,2023-07-04 16:25:09.482097,in_cycle,O04401,1,
MI-00000020,EDM-01,2023-07-04 16:25:09.482097,2023-07-04 16:35:28.435259,idle,O04401,0,
MI-00000021,EDM-01,2023-07-04 16:35:28.435259,2023-07-04 16:50:20.035259,in_cycle,O04401,1,
MI-00000022,EDM-01,2023-07-04 16:50:20.035259,2023-07-04 17:05:11.635259,in_cycle,O04401,1,
MI-00000023,EDM-01,2023-07-04 17:05:11.635259,2023-07-04 17:20:03.235259,in_cycle,O04401,1,
MI-00000024,EDM-01,2023-07-04 17:20:03.235259,2023-07-04 17:34:54.835259,in_cycle,O04401,1,
MI-00000025,EDM-01,2023-07-04 17:34:54.835259,2023-07-04 17:58:37.383768,alarm,O04401,0,
MI-00000026,EDM-01,2023-07-04 17:58:37.383768,2023-07-04 18:13:28.983768,in_cycle,O04401,1,
MI-00000027,EDM-01,2023-07-04 18:13:28.983768,2023-07-04 18:21:56.890325,idle,O04401,0,
MI-00000028,EDM-01,2023-07-04 18:21:56.890325,2023-07-04 18:36:48.490325,in_cycle,O04401,1,
MI-00000029,EDM-01,2023-07-04 18:36:48.490325,2023-07-04 18:51:40.090325,in_cycle,O04401,1,
MI-00000030,EDM-01,2023-07-04 18:51:40.090325,2023-07-04 19:06:31.690325,in_cycle,O04401,1,
MI-00000031,EDM-01,2023-07-04 19:06:31.690325,2023-07-04 19:21:23.290325,in_cycle,O04401,1,
MI-00000032,EDM-01,2023-07-04 19:21:23.290325,2023-07-04 19:27:18.516079,idle,O04401,0,
MI-00000033,EDM-01,2023-07-04 19:27:18.516079,2023-07-04 19:42:10.116079,in_cycle,O04401,1,
MI-00000034,EDM-01,2023-07-04 19:42:10.116079,2023-07-04 19:57:01.716079,in_cycle,O04401,1,
MI-00000035,EDM-01,2023-07-04 19:57:01.716079,2023-07-04 20:11:53.316079,in_cycle,O04401,1,
MI-00000036,EDM-01,2023-07-04 20:11:53.316079,2023-07-04 20:26:44.916079,in_cycle,O04401,1,
MI-00000037,EDM-01,2023-07-04 20:26:44.916079,2023-07-04 20:41:36.516079,in_cycle,O04401,1,
MI-00000038,EDM-01,2023-07-04 20:41:36.516079,2023-07-04 20:56:28.116079,in_cycle,O04401,1,
MI-00000039,EDM-01,2023-07-04 20:56:28.116079,2023-07-04 21:11:19.716079,in_cycle,O04401,1,
MI-00000040,EDM-01,2023-07-04 21:11:19.716079,2023-07-04 21:26:11.316079,in_cycle,O04401,1,
MI-00000041,EDM-01,2023-07-04 21:26:11.316079,2023-07-04 21:28:13.433865,idle,O04401,0,
MI-00000042,EDM-01,2023-07-04 21:28:13.433865,2023-07-04 21:43:05.033865,in_cycle,O04401,1,
MI-00000043,EDM-01,2023-07-04 21:43:05.033865,2023-07-04 21:53:19.088271,idle,O04401,0,
MI-00000044,EDM-01,2023-07-04 21:53:19.088271,2023-07-04 22:08:10.688271,in_cycle,O04401,1,
MI-00000045,EDM-01,2023-07-04 22:08:10.688271,2023-07-04 22:23:02.288271,in_cycle,O04401,1,
MI-00000046,EDM-01,2023-07-04 22:23:02.288271,2023-07-04 22:37:53.888271,in_cycle,O04401,1,
MI-00000047,EDM-01,2023-07-04 22:37:53.888271,2023-07-04 22:52:45.488271,in_cycle,O04401,1,
MI-00000048,EDM-01,2023-07-04 22:51:27.488239,2023-07-05 00:00:00.000000,idle,,0,
MI-00000049,EDM-01,2023-07-05 00:00:00.000000,2023-07-06 00:00:00.000000,idle,,0,
MI-00000050,EDM-01,2023-07-06 00:00:00.000000,2023-07-07 00:00:00.000000,idle,,0,
MI-00000051,EDM-01,2023-07-07 00:00:00.000000,2023-07-07 07:58:00.294145,idle,,0,
MI-00000052,EDM-01,2023-07-07 07:58:00.294145,2023-07-07 09:04:39.894145,setup,O04643,0,
MI-00000053,EDM-01,2023-07-07 09:04:39.894145,2023-07-07 09:12:59.988485,in_cycle,O04643,1,
MI-00000054,EDM-01,2023-07-07 09:12:59.988485,2023-07-07 09:15:55.566066,idle,O04643,0,
MI-00000055,EDM-01,2023-07-07 09:15:55.566066,2023-07-07 09:24:15.660406,in_cycle,O04643,1,
MI-00000056,EDM-01,2023-07-07 09:24:15.660406,2023-07-07 09:34:09.791682,idle,O04643,0,
MI-00000057,EDM-01,2023-07-07 09:34:09.791682,2023-07-07 09:42:29.886022,in_cycle,O04643,1,
MI-00000058,EDM-01,2023-07-07 09:42:29.886022,2023-07-07 09:50:49.980361,in_cycle,O04643,1,
MI-00000059,EDM-01,2023-07-07 09:50:49.980361,2023-07-07 09:59:10.074701,in_cycle,O04643,1,
MI-00000060,EDM-01,2023-07-07 09:59:10.074701,2023-07-07 10:07:30.169041,in_cycle,O04643,1,
MI-00000061,EDM-01,2023-07-07 10:07:30.169041,2023-07-07 10:15:50.263380,in_cycle,O04643,1,
MI-00000062,EDM-01,2023-07-07 10:15:50.263380,2023-07-07 10:23:21.961486,idle,O04643,0,
MI-00000063,EDM-01,2023-07-07 10:23:21.961486,2023-07-07 10:31:42.055826,in_cycle,O04643,1,
MI-00000064,EDM-01,2023-07-07 10:31:42.055826,2023-07-07 10:40:02.150165,in_cycle,O04643,1,
MI-00000065,EDM-01,2023-07-07 10:40:02.150165,2023-07-07 10:43:13.375110,idle,O04643,0,
MI-00000066,EDM-01,2023-07-07 10:43:13.375110,2023-07-07 10:51:33.469449,in_cycle,O04643,1,
MI-00000067,EDM-01,2023-07-07 10:51:33.469449,2023-07-07 10:59:53.563789,in_cycle,O04643,1,
MI-00000068,EDM-01,2023-07-07 10:59:53.563789,2023-07-07 11:11:48.702088,idle,O04643,0,
MI-00000069,EDM-01,2023-07-07 11:11:48.702088,2023-07-07 11:20:08.796428,in_cycle,O04643,1,
MI-00000070,EDM-01,2023-07-07 11:20:08.796428,2023-07-07 11:29:30.766129,idle,O04643,0,
MI-00000071,EDM-01,2023-07-07 11:29:30.766129,2023-07-07 11:37:50.860469,in_cycle,O04643,1,
MI-00000072,EDM-01,2023-07-07 11:37:50.860469,2023-07-07 11:43:38.109841,idle,O04643,0,
MI-00000073,EDM-01,2023-07-07 11:43:38.109841,2023-07-07 11:51:58.204181,in_cycle,O04643,1,
MI-00000074,EDM-01,2023-07-07 11:51:58.204181,2023-07-07 12:00:18.298521,in_cycle,O04643,1,
MI-00000075,EDM-01,2023-07-07 12:00:18.298521,2023-07-07 12:08:38.392860,in_cycle,O04643,1,
MI-00000076,EDM-01,2023-07-07 12:08:38.392860,2023-07-07 12:16:58.487200,in_cycle,O04643,1,
MI-00000077,EDM-01,2023-07-07 12:16:58.487200,2023-07-07 12:25:18.581540,in_cycle,O04643,1,
MI-00000078,EDM-01,2023-07-07 12:25:18.581540,2023-07-07 12:33:38.675879,in_cycle,O04643,1,
MI-00000079,EDM-01,2023-07-07 12:33:38.675879,2023-07-07 12:41:57.583281,idle,O04643,0,
MI-00000080,EDM-01,2023-07-07 12:41:57.583281,2023-07-07 12:50:17.677620,in_cycle,O04643,1,
MI-00000081,EDM-01,2023-07-07 12:50:17.677620,2023-07-07 13:05:40.486003,alarm,O04643,0,
MI-00000082,EDM-01,2023-07-07 13:05:40.486003,2023-07-07 13:14:00.580342,in_cycle,O04643,1,
MI-00000083,EDM-01,2023-07-07 13:14:00.580342,2023-07-07 13:22:20.674682,in_cycle,O04643,1,
MI-00000084,EDM-01,2023-07-07 13:22:20.674682,2023-07-07 13:28:27.031268,idle,O04643,0,
MI-00000085,EDM-01,2023-07-07 13:28:27.031268,2023-07-07 13:36:47.125608,in_cycle,O04643,1,
MI-00000086,EDM-01,2023-07-07 13:36:47.125608,2023-07-07 13:45:01.565092,idle,O04643,0,
MI-00000087,EDM-01,2023-07-07 13:45:01.565092,2023-07-07 13:53:21.659431,in_cycle,O04643,1,
MI-00000088,EDM-01,2023-07-07 13:53:21.659431,2023-07-07 14:01:41.753771,in_cycle,O04643,1,
MI-00000089,EDM-01,2023-07-07 14:01:41.753771,2023-07-07 14:10:01.848111,in_cycle,O04643,1,
MI-00000090,EDM-01,2023-07-07 14:10:01.848111,2023-07-07 14:18:21.942450,in_cycle,O04643,1,
MI-00000091,EDM-01,2023-07-07 14:18:21.942450,2023-07-07 14:26:42.036790,in_cycle,O04643,1,
MI-00000092,EDM-01,2023-07-07 14:26:42.036790,2023-07-07 14:35:02.131129,in_cycle,O04643,1,
MI-00000093,EDM-01,2023-07-07 14:35:02.131129,2023-07-07 14:44:09.607243,idle,O04643,0,
MI-00000094,EDM-01,2023-07-07 14:44:09.607243,2023-07-07 14:52:29.701583,in_cycle,O04643,1,
MI-00000095,EDM-01,2023-07-07 14:52:29.701583,2023-07-07 15:00:49.795923,in_cycle,O04643,1,
MI-00000096,EDM-01,2023-07-07 15:00:49.795923,2023-07-07 15:10:29.111139,idle,O04643,0,
MI-00000097,EDM-01,2023-07-07 15:10:29.111139,2023-07-07 15:18:49.205479,in_cycle,O04643,1,
MI-00000098,EDM-01,2023-07-07 15:18:49.205479,2023-07-07 15:27:09.299819,in_cycle,O04643,1,
MI-00000099,EDM-01,2023-07-07 15:27:09.299819,2023-07-07 15:35:29.394158,in_cycle,O04643,1,
MI-00000100,EDM-01,2023-07-07 15:35:29.394158,2023-07-07 15:43:49.488498,in_cycle,O04643,1,
MI-00000101,EDM-01,2023-07-07 15:43:49.488498,2023-07-07 15:52:09.582837,in_cycle,O04643,1,
MI-00000102,EDM-01,2023-07-07 15:52:09.582837,2023-07-07 15:59:52.440575,idle,O04643,0,
MI-00000103,EDM-01,2023-07-07 15:59:52.440575,2023-07-07 16:08:12.534915,in_cycle,O04643,1,
MI-00000104,EDM-01,2023-07-07 16:08:12.534915,2023-07-07 16:16:32.629254,in_cycle,O04643,1,
MI-00000105,EDM-01,2023-07-07 16:16:32.629254,2023-07-07 16:26:49.662802,alarm,O04643,0,
MI-00000106,EDM-01,2023-07-07 16:26:49.662802,2023-07-07 16:35:09.757142,in_cycle,O04643,1,
MI-00000107,EDM-01,2023-07-07 16:35:09.757142,2023-07-07 16:43:29.851481,in_cycle,O04643,1,
MI-00000108,EDM-01,2023-07-07 16:43:29.851481,2023-07-07 16:45:43.518947,idle,O04643,0,
MI-00000109,EDM-01,2023-07-07 16:45:43.518947,2023-07-07 16:54:03.613287,in_cycle,O04643,1,
MI-00000110,EDM-01,2023-07-07 16:54:03.613287,2023-07-07 17:02:23.707626,in_cycle,O04643,1,
MI-00000111,EDM-01,2023-07-07 17:02:23.707626,2023-07-07 17:06:15.990544,idle,O04643,0,
MI-00000112,EDM-01,2023-07-07 17:06:15.990544,2023-07-07 17:14:36.084884,in_cycle,O04643,1,
MI-00000113,EDM-01,2023-07-07 17:14:36.084884,2023-07-07 17:22:56.179223,in_cycle,O04643,1,
MI-00000114,EDM-01,2023-07-07 17:22:56.179223,2023-07-07 17:31:16.273563,in_cycle,O04643,1,
MI-00000115,EDM-01,2023-07-07 17:31:16.273563,2023-07-07 17:39:36.367903,in_cycle,O04643,1,
MI-00000116,EDM-01,2023-07-07 17:39:36.367903,2023-07-07 17:47:56.462242,in_cycle,O04643,1,
MI-00000117,EDM-01,2023-07-07 17:47:56.462242,2023-07-07 17:56:16.556582,in_cycle,O04643,1,
MI-00000118,EDM-01,2023-07-07 17:56:16.556582,2023-07-07 18:04:36.650921,in_cycle,O04643,1,
MI-00000119,EDM-01,2023-07-07 18:04:36.650921,2023-07-07 18:12:56.745261,in_cycle,O04643,1,
MI-00000120,EDM-01,2023-07-07 18:12:56.745261,2023-07-07 18:21:16.839601,in_cycle,O04643,1,
MI-00000121,EDM-01,2023-07-07 18:21:16.839601,2023-07-07 18:29:36.933940,in_cycle,O04643,1,
MI-00000122,EDM-01,2023-07-07 18:29:36.933940,2023-07-07 18:37:57.028280,in_cycle,O04643,1,
MI-00000123,EDM-01,2023-07-07 18:37:57.028280,2023-07-07 18:46:17.122620,in_cycle,O04643,1,
MI-00000124,EDM-01,2023-07-07 18:46:17.122620,2023-07-07 18:55:34.334792,idle,O04643,0,
MI-00000125,EDM-01,2023-07-07 18:55:34.334792,2023-07-07 19:03:54.429131,in_cycle,O04643,1,
MI-00000126,EDM-01,2023-07-07 19:03:54.429131,2023-07-07 19:12:14.523471,in_cycle,O04643,1,
MI-00000127,EDM-01,2023-07-07 19:12:14.523471,2023-07-07 19:20:55.191496,idle,O04643,0,
MI-00000128,EDM-01,2023-07-07 19:20:55.191496,2023-07-07 19:29:15.285836,in_cycle,O04643,1,
MI-00000129,EDM-01,2023-07-07 19:29:15.285836,2023-07-07 19:37:35.380175,in_cycle,O04643,1,
MI-00000130,EDM-01,2023-07-07 19:37:35.380175,2023-07-07 19:42:06.589234,idle,O04643,0,
MI-00000131,EDM-01,2023-07-07 19:42:06.589234,2023-07-07 19:50:26.683574,in_cycle,O04643,1,
MI-00000132,EDM-01,2023-07-07 19:50:26.683574,2023-07-07 19:58:55.665083,idle,O04643,0,
MI-00000133,EDM-01,2023-07-07 19:58:55.665083,2023-07-07 20:07:15.759423,in_cycle,O04643,1,
MI-00000134,EDM-01,2023-07-07 20:07:15.759423,2023-07-07 20:15:23.775593,idle,O04643,0,
MI-00000135,EDM-01,2023-07-07 20:15:23.775593,2023-07-07 20:23:43.869933,in_cycle,O04643,1,
MI-00000136,EDM-01,2023-07-07 20:23:43.869933,2023-07-07 20:32:03.964272,in_cycle,O04643,1,
MI-00000137,EDM-01,2023-07-07 20:32:03.964272,2023-07-07 20:40:24.058612,in_cycle,O04643,1,
MI-00000138,EDM-01,2023-07-07 20:40:24.058612,2023-07-07 20:48:44.152951,in_cycle,O04643,1,
MI-00000139,EDM-01,2023-07-07 20:48:44.152951,2023-07-07 20:54:57.661806,idle,O04643,0,
MI-00000140,EDM-01,2023-07-07 20:54:57.661806,2023-07-07 21:03:17.756146,in_cycle,O04643,1,
MI-00000141,EDM-01,2023-07-07 21:03:17.756146,2023-07-07 21:11:37.850485,in_cycle,O04643,1,
MI-00000142,EDM-01,2023-07-07 21:11:37.850485,2023-07-07 21:16:27.213949,idle,O04643,0,
MI-00000143,EDM-01,2023-07-07 21:16:27.213949,2023-07-07 21:24:47.308289,in_cycle,O04643,1,
MI-00000144,EDM-01,2023-07-07 21:24:47.308289,2023-07-07 21:35:51.329702,idle,O04643,0,
MI-00000145,EDM-01,2023-07-07 21:35:51.329702,2023-07-07 21:44:11.424042,in_cycle,O04643,1,
MI-00000146,EDM-01,2023-07-07 21:44:11.424042,2023-07-07 21:52:31.518382,in_cycle,O04643,1,
MI-00000147,EDM-01,2023-07-07 21:52:31.518382,2023-07-07 22:00:51.612721,in_cycle,O04643,1,
MI-00000148,EDM-01,2023-07-07 22:00:51.612721,2023-07-07 22:09:11.707061,in_cycle,O04643,1,
MI-00000149,EDM-01,2023-07-07 22:09:11.707061,2023-07-07 22:17:31.801401,in_cycle,O04643,1,
MI-00000150,EDM-01,2023-07-07 22:17:31.801401,2023-07-07 22:25:51.895740,in_cycle,O04643,1,
MI-00000151,EDM-01,2023-07-07 22:25:51.895740,2023-07-07 22:34:11.990080,in_cycle,O04643,1,
MI-00000152,EDM-01,2023-07-07 22:34:11.990080,2023-07-07 22:39:23.819244,idle,O04643,0,
MI-00000153,EDM-01,2023-07-07 22:39:23.819244,2023-07-07 22:47:43.913583,in_cycle,O04643,1,
MI-00000154,EDM-01,2023-07-07 22:47:43.913583,2023-07-07 22:51:16.713381,idle,O04643,0,
MI-00000155,EDM-01,2023-07-07 22:51:16.713381,2023-07-07 22:59:36.807721,in_cycle,O04643,1,
MI-00000156,EDM-01,2023-07-07 22:59:36.807721,2023-07-07 23:07:56.902061,in_cycle,O04643,1,
MI-00000157,EDM-01,2023-07-07 23:07:56.902061,2023-07-07 23:16:16.996400,in_cycle,O04643,1,
MI-00000158,EDM-01,2023-07-07 23:16:16.996400,2023-07-07 23:26:28.492700,idle,O04643,0,
MI-00000159,EDM-01,2023-07-07 23:26:28.492700,2023-07-07 23:34:48.587040,in_cycle,O04643,1,
MI-00000160,EDM-01,2023-07-07 23:34:48.587040,2023-07-07 23:45:41.379840,idle,O04643,0,
MI-00000161,EDM-01,2023-07-07 23:45:41.379840,2023-07-07 23:54:01.474179,in_cycle,O04643,1,
MI-00000162,EDM-01,2023-07-07 23:48:09.894145,2023-07-08 00:00:00.000000,idle,,0,
MI-00000163,EDM-01,2023-07-08 00:00:00.000000,2023-07-08 10:30:55.618370,idle,,0,
MI-00000164,EDM-01,2023-07-08 10:30:55.618370,2023-07-08 11:56:18.418370,setup,O04644,0,
MI-00000165,EDM-01,2023-07-08 11:56:18.418370,2023-07-08 12:05:54.825918,in_cycle,O04644,2,
MI-00000166,EDM-01,2023-07-08 12:05:54.825918,2023-07-08 12:10:43.029691,in_cycle,O04644,1,
MI-00000167,EDM-01,2023-07-08 12:10:43.029691,2023-07-08 12:15:31.233465,in_cycle,O04644,1,
MI-00000168,EDM-01,2023-07-08 12:15:31.233465,2023-07-08 12:18:50.140776,idle,O04644,0,
MI-00000169,EDM-01,2023-07-08 12:18:50.140776,2023-07-08 12:23:38.344550,in_cycle,O04644,1,
MI-00000170,EDM-01,2023-07-08 12:23:38.344550,2023-07-08 12:30:00.384698,idle,O04644,0,
MI-00000171,EDM-01,2023-07-08 12:30:00.384698,2023-07-08 12:34:48.588472,in_cycle,O04644,1,
MI-00000172,EDM-01,2023-07-08 12:34:48.588472,2023-07-08 12:37:33.075251,idle,O04644,0,
MI-00000173,EDM-01,2023-07-08 12:37:33.075251,2023-07-08 12:42:21.279025,in_cycle,O04644,1,
MI-00000174,EDM-01,2023-07-08 12:42:21.279025,2023-07-08 12:47:09.482799,in_cycle,O04644,1,
MI-00000175,EDM-01,2023-07-08 12:47:09.482799,2023-07-08 12:51:57.686572,in_cycle,O04644,1,
MI-00000176,EDM-01,2023-07-08 12:51:57.686572,2023-07-08 12:56:45.890346,in_cycle,O04644,1,
MI-00000177,EDM-01,2023-07-08 12:56:45.890346,2023-07-08 13:06:02.991239,idle,O04644,0,
MI-00000178,EDM-01,2023-07-08 13:06:02.991239,2023-07-08 13:10:51.195013,in_cycle,O04644,1,
MI-00000179,EDM-01,2023-07-08 13:10:51.195013,2023-07-08 13:20:27.602560,in_cycle,O04644,2,
MI-00000180,EDM-01,2023-07-08 13:20:27.602560,2023-07-08 13:25:15.806333,in_cycle,O04644,1,
MI-00000181,EDM-01,2023-07-08 13:25:15.806333,2023-07-08 13:30:04.010107,in_cycle,O04644,1,
MI-00000182,EDM-01,2023-07-08 13:30:04.010107,2023-07-08 13:39:06.389502,idle,O04644,0,
MI-00000183,EDM-01,2023-07-08 13:39:06.389502,2023-07-08 13:43:54.593276,in_cycle,O04644,1,
MI-00000184,EDM-01,2023-07-08 13:43:54.593276,2023-07-08 13:48:42.797049,in_cycle,O04644,1,
MI-00000185,EDM-01,2023-07-08 13:48:42.797049,2023-07-08 13:58:19.204597,in_cycle,O04644,2,
MI-00000186,EDM-01,2023-07-08 13:58:19.204597,2023-07-08 14:03:07.408370,in_cycle,O04644,1,
MI-00000187,EDM-01,2023-07-08 14:03:07.408370,2023-07-08 14:05:18.072201,idle,O04644,0,
MI-00000188,EDM-01,2023-07-08 14:05:18.072201,2023-07-08 14:10:06.275974,in_cycle,O04644,1,
MI-00000189,EDM-01,2023-07-08 14:10:06.275974,2023-07-08 14:17:10.420695,idle,O04644,0,
MI-00000190,EDM-01,2023-07-08 14:17:10.420695,2023-07-08 14:26:46.828242,in_cycle,O04644,2,
MI-00000191,EDM-01,2023-07-08 14:26:46.828242,2023-07-08 14:31:35.032015,in_cycle,O04644,1,
MI-00000192,EDM-01,2023-07-08 14:31:35.032015,2023-07-08 14:34:30.140586,idle,O04644,0,
MI-00000193,EDM-01,2023-07-08 14:34:30.140586,2023-07-08 14:39:18.344360,in_cycle,O04644,1,
MI-00000194,EDM-01,2023-07-08 14:39:18.344360,2023-07-08 14:44:06.548134,in_cycle,O04644,1,
MI-00000195,EDM-01,2023-07-08 14:44:06.548134,2023-07-08 14:48:54.751907,in_cycle,O04644,1,
MI-00000196,EDM-01,2023-07-08 14:48:54.751907,2023-07-08 14:59:28.357283,idle,O04644,0,
MI-00000197,EDM-01,2023-07-08 14:59:28.357283,2023-07-08 15:04:16.561057,in_cycle,O04644,1,
MI-00000198,EDM-01,2023-07-08 15:04:16.561057,2023-07-08 15:09:04.764830,in_cycle,O04644,1,
MI-00000199,EDM-01,2023-07-08 15:09:04.764830,2023-07-08 15:18:41.172377,in_cycle,O04644,2,
MI-00000200,EDM-01,2023-07-08 15:18:41.172377,2023-07-08 15:23:29.376151,in_cycle,O04644,1,
