reading_date,machine_id,vibration_rms_mm_s,bearing_temp_c,spindle_power_kw,hydraulic_pressure_bar
2023-01-02,MCH-001,1.4,42.6,5.67,118.6
2023-01-03,MCH-001,1.72,41.9,5.56,117.6
2023-01-04,MCH-001,1.62,43.2,6.02,115.6
2023-01-05,MCH-001,1.7,42.9,6.85,120.1
2023-01-06,MCH-001,1.99,44.2,6.64,116.3
2023-01-07,MCH-001,1.81,42.3,6.75,117.3
2023-01-09,MCH-001,2.1,44.6,8.12,113.6
2023-01-10,MCH-001,2.28,43.3,7.35,117.5
2023-01-11,MCH-001,2.35,41.3,7.43,117.3
2023-01-12,MCH-001,2.38,45.1,7.75,114.0
2023-01-13,MCH-001,2.42,42.2,8.07,117.7
2023-01-14,MCH-001,2.67,43.8,8.54,115.6
2023-01-16,MCH-001,2.7,42.9,9.15,116.9
2023-01-17,MCH-001,3.03,45.6,9.04,118.2
2023-01-18,MCH-001,2.9,43.2,9.03,120.0
2023-01-19,MCH-001,3.25,42.2,9.6,118.1
2023-01-20,MCH-001,3.16,43.2,10.05,116.7
2023-01-21,MCH-001,3.26,42.7,9.63,118.8
2023-01-23,MCH-001,3.47,44.2,9.94,119.1
2023-01-24,MCH-001,3.72,44.7,10.01,115.3
2023-01-25,MCH-001,3.81,45.6,10.69,116.3
2023-01-26,MCH-001,3.77,43.0,10.86,117.9
2023-01-27,MCH-001,1.12,43.2,5.38,117.2
2023-01-28,MCH-001,1.29,41.0,5.45,118.8
2023-01-30,MCH-001,1.3,42.5,5.13,117.0
2023-01-31,MCH-001,1.17,41.9,4.83,120.1
2023-02-01,MCH-001,0.92,41.9,5.18,116.7
2023-02-02,MCH-001,1.22,43.0,5.07,114.6
2023-02-03,MCH-001,1.23,40.4,4.35,117.4
2023-02-04,MCH-001,1.34,43.1,5.09,115.7
2023-02-06,MCH-001,1.13,42.8,5.55,120.5
2023-02-07,MCH-001,1.28,43.2,5.28,118.3
2023-02-08,MCH-001,1.02,41.4,5.17,115.1
2023-02-09,MCH-001,1.09,42.9,5.39,119.1
2023-02-10,MCH-001,1.13,43.7,5.17,119.3
2023-02-11,MCH-001,1.41,44.2,5.46,114.4
2023-02-13,MCH-001,1.18,45.9,5.02,118.4
2023-02-14,MCH-001,1.15,46.5,5.16,115.9
2023-02-15,MCH-001,1.34,46.9,5.48,114.9
2023-02-16,MCH-001,1.18,47.7,5.47,118.1
2023-02-17,MCH-001,1.29,47.7,5.35,116.4
2023-02-18,MCH-001,1.25,48.2,5.48,114.1
2023-02-20,MCH-001,1.18,50.0,5.37,119.1
2023-02-21,MCH-001,1.21,48.2,4.99,119.1
2023-02-22,MCH-001,1.22,50.0,5.15,113.6
2023-02-23,MCH-001,1.12,50.7,5.41,117.8
2023-02-24,MCH-001,1.29,50.3,5.4,111.2
2023-02-25,MCH-001,1.15,51.0,5.17,116.1
2023-02-27,MCH-001,1.16,51.4,4.87,117.2
2023-02-28,MCH-001,1.16,44.1,5.03,115.8
2023-03-01,MCH-001,1.33,42.7,5.36,116.2
2023-03-02,MCH-001,1.2,42.0,5.61,115.0
2023-03-03,MCH-001,1.22,43.3,5.2,122.9
2023-03-04,MCH-001,1.18,42.5,5.74,118.7
2023-03-06,MCH-001,1.33,42.2,5.68,119.6
2023-03-07,MCH-001,1.24,43.2,5.77,113.6
2023-03-08,MCH-001,1.34,42.0,5.7,116.1
2023-03-09,MCH-001,1.45,43.5,5.91,117.4
2023-03-10,MCH-001,1.59,43.5,5.65,117.6
2023-03-11,MCH-001,1.58,42.7,6.3,114.8
2023-03-13,MCH-001,1.75,42.8,6.31,119.8
2023-03-14,MCH-001,1.71,42.5,6.12,118.2
2023-03-15,MCH-001,1.75,43.7,6.7,117.9
2023-03-16,MCH-001,1.89,43.5,6.54,118.4
2023-03-17,MCH-001,2.02,42.0,7.31,115.0
2023-03-18,MCH-001,2.12,45.1,7.03,121.6
2023-03-20,MCH-001,2.19,42.1,7.57,118.3
2023-03-21,MCH-001,2.21,42.0,7.7,116.8
2023-03-22,MCH-001,2.29,43.0,7.79,116.9
2023-03-23,MCH-001,2.31,41.7,8.1,121.1
2023-03-24,MCH-001,2.49,41.7,8.17,120.1
2023-03-25,MCH-001,2.4,42.3,8.34,118.7
2023-03-27,MCH-001,2.75,43.9,8.38,118.4
2023-03-28,MCH-001,2.84,43.0,8.92,121.5
2023-03-29,MCH-001,2.78,44.5,8.85,119.1
2023-03-30,MCH-001,2.83,42.7,8.96,118.0
2023-03-31,MCH-001,2.74,44.6,8.44,113.5
2023-04-01,MCH-001,3.04,42.7,9.76,117.7
2023-04-03,MCH-001,1.24,44.2,4.9,117.6
2023-04-04,MCH-001,1.25,44.6,5.06,116.3
2023-04-05,MCH-001,1.21,43.9,5.51,115.2
2023-04-06,MCH-001,0.98,43.1,5.65,116.5
2023-04-07,MCH-001,1.36,42.5,5.58,115.3
2023-04-08,MCH-001,1.23,42.4,5.15,117.7
2023-04-10,MCH-001,1.09,44.4,4.88,115.6
2023-04-11,MCH-001,1.15,44.1,5.1,115.4
2023-04-12,MCH-001,1.14,44.2,4.94,114.6
2023-04-13,MCH-001,1.21,42.9,5.28,96.4
2023-04-14,MCH-001,1.22,43.0,5.14,116.5
2023-04-15,MCH-001,1.24,42.3,5.37,115.5
2023-04-17,MCH-001,1.07,44.6,5.34,115.8
2023-04-18,MCH-001,1.14,43.6,4.79,115.3
2023-04-19,MCH-001,1.01,41.9,5.61,117.6
2023-04-20,MCH-001,1.14,43.3,4.34,116.6
2023-04-21,MCH-001,1.23,43.6,4.82,120.0
2023-04-22,MCH-001,1.01,43.5,5.26,118.6
2023-04-24,MCH-001,1.09,42.4,5.18,118.0
2023-04-25,MCH-001,1.25,43.9,5.04,120.8
2023-04-26,MCH-001,1.14,43.4,4.95,121.1
2023-04-27,MCH-001,1.17,43.1,5.41,119.2
2023-04-28,MCH-001,1.22,42.2,5.24,117.9
2023-04-29,MCH-001,1.14,43.9,5.36,116.9
2023-05-01,MCH-001,1.15,44.4,5.4,118.4
2023-05-02,MCH-001,1.09,42.4,5.38,115.3
2023-05-03,MCH-001,1.01,42.8,5.08,116.4
2023-05-04,MCH-001,1.23,42.4,4.68,114.8
2023-05-05,MCH-001,1.29,42.5,4.94,119.1
2023-05-06,MCH-001,1.12,42.4,5.62,115.4
2023-05-08,MCH-001,1.04,43.7,4.95,118.8
2023-05-09,MCH-001,1.14,43.6,5.38,115.4
2023-05-10,MCH-001,1.29,41.9,5.72,119.8
2023-05-11,MCH-001,1.39,44.9,5.03,120.0
2023-05-12,MCH-001,1.45,43.3,6.2,117.4
2023-05-13,MCH-001,1.4,43.6,5.95,119.2
2023-05-15,MCH-001,1.59,43.6,6.41,117.2
2023-05-16,MCH-001,1.82,43.5,5.68,115.7
2023-05-17,MCH-001,1.93,44.4,6.66,117.9
2023-05-18,MCH-001,1.95,44.5,6.91,120.1
2023-05-19,MCH-001,1.77,45.0,6.85,116.2
2023-05-20,MCH-001,1.96,43.1,7.4,118.3
2023-05-22,MCH-001,2.11,43.5,7.19,113.6
2023-05-23,MCH-001,2.27,44.1,7.27,119.5
2023-05-24,MCH-001,2.17,45.3,7.04,114.9
2023-05-25,MCH-001,2.29,45.4,7.69,115.6
2023-05-26,MCH-001,2.4,44.6,7.84,119.9
2023-05-27,MCH-001,2.49,42.8,7.99,114.0
2023-05-29,MCH-001,2.46,41.9,8.51,119.3
2023-05-30,MCH-001,2.48,43.2,8.88,117.8
2023-05-31,MCH-001,2.82,43.2,8.7,116.0
2023-06-01,MCH-001,2.94,42.5,9.09,118.0
2023-06-02,MCH-001,2.93,42.4,8.98,113.8
2023-06-03,MCH-001,3.09,41.7,9.05,115.9
2023-06-05,MCH-001,3.36,43.1,9.43,116.6
2023-06-06,MCH-001,3.46,44.2,9.79,113.1
2023-06-07,MCH-001,1.21,44.7,5.62,117.2
2023-06-08,MCH-001,1.33,41.3,5.18,113.9
2023-06-09,MCH-001,1.26,42.6,5.2,120.5
2023-06-10,MCH-001,1.16,44.3,5.71,119.6
2023-06-12,MCH-001,1.09,44.4,4.81,118.4
2023-06-13,MCH-001,1.24,43.7,5.05,116.0
2023-06-14,MCH-001,1.33,43.5,5.39,118.1
2023-06-15,MCH-001,1.11,42.3,5.4,117.5
2023-06-16,MCH-001,1.37,43.3,5.41,121.5
2023-06-17,MCH-001,1.42,43.7,5.45,114.8
2023-06-19,MCH-001,1.7,44.7,6.18,113.1
2023-06-20,MCH-001,1.55,43.0,5.99,120.4
2023-06-21,MCH-001,1.78,44.0,6.01,114.8
2023-06-22,MCH-001,1.56,42.7,6.24,116.3
2023-06-23,MCH-001,1.76,44.3,6.96,119.6
2023-06-24,MCH-001,1.76,42.0,6.06,116.8
2023-06-26,MCH-001,1.88,42.5,6.81,119.3
2023-06-27,MCH-001,2.05,41.8,7.16,117.1
2023-06-28,MCH-001,1.94,41.6,7.01,116.1
2023-06-29,MCH-001,2.0,44.0,7.08,119.6
2023-06-30,MCH-001,2.29,43.4,7.17,117.3
2023-07-01,MCH-001,2.21,41.3,7.17,118.1
2023-07-03,MCH-001,2.35,43.2,7.17,120.6
2023-07-04,MCH-001,2.28,42.7,7.93,115.5
2023-07-05,MCH-001,2.4,41.7,8.37,118.0
2023-07-06,MCH-001,2.52,44.7,8.27,118.0
2023-07-07,MCH-001,2.62,43.2,8.69,116.5
2023-07-08,MCH-001,2.58,41.2,8.35,119.0
2023-07-10,MCH-001,2.77,43.1,8.37,112.1
2023-07-11,MCH-001,1.41,42.5,5.71,118.3
2023-07-12,MCH-001,1.15,43.7,4.91,116.6
2023-07-13,MCH-001,1.31,43.3,5.19,114.0
2023-07-14,MCH-001,1.13,40.6,5.16,114.3
2023-07-15,MCH-001,1.33,42.1,5.33,116.9
2023-07-17,MCH-001,1.23,41.8,5.62,116.4
2023-07-18,MCH-001,1.4,43.6,5.84,119.0
2023-07-19,MCH-001,1.47,43.5,6.56,116.8
2023-07-20,MCH-001,1.46,43.7,6.26,118.5
2023-07-21,MCH-001,1.7,42.9,6.62,118.0
2023-07-22,MCH-001,1.79,41.6,6.34,120.0
2023-07-24,MCH-001,1.97,42.6,7.15,116.0
2023-07-25,MCH-001,2.11,41.7,7.1,118.0
2023-07-26,MCH-001,2.02,43.0,7.38,116.8
2023-07-27,MCH-001,2.2,43.2,7.26,116.6
2023-07-28,MCH-001,2.34,41.1,7.59,117.2
2023-07-29,MCH-001,2.43,44.5,8.14,118.6
2023-07-31,MCH-001,2.6,42.8,8.0,116.7
2023-08-01,MCH-001,2.45,42.6,8.43,121.0
2023-08-02,MCH-001,2.9,43.3,8.69,119.7
2023-08-03,MCH-001,2.83,41.8,9.48,115.2
2023-08-04,MCH-001,2.94,43.0,9.29,113.5
2023-08-05,MCH-001,3.09,42.5,8.99,120.1
2023-08-07,MCH-001,3.24,42.9,9.25,118.8
2023-08-08,MCH-001,3.4,41.9,10.11,114.5
2023-08-09,MCH-001,3.51,43.9,10.59,113.6
2023-08-10,MCH-001,3.55,43.8,10.22,117.0
2023-08-11,MCH-001,3.7,43.2,10.7,115.7
2023-08-12,MCH-001,1.1,43.6,5.31,115.9
2023-08-14,MCH-001,1.11,43.2,4.94,118.3
2023-08-15,MCH-001,1.1,44.0,5.67,121.2
2023-08-16,MCH-001,1.0,43.7,5.4,122.2
2023-08-17,MCH-001,1.25,44.7,4.99,116.1
2023-08-18,MCH-001,1.19,43.9,5.33,119.2
2023-08-19,MCH-001,0.98,42.8,5.12,116.7
2023-08-21,MCH-001,1.16,42.8,4.7,113.9
2023-08-22,MCH-001,1.24,42.6,5.35,112.5
