lot_id_clean,lot_id_raw,supplier,material_type,receipt_date,cert_status,quantity_lbs,unit_cost_per_lb,nominal_thickness_in,measured_thickness_in,thickness_deviation_pct
LOT-1028,LOT-1028,Supplier A,Aluminum 5052,2022-11-14,Certified,5624,3.627,0.09,,
LOT-1015,LOT-1015,Supplier C,12ga Steel,2022-11-15,Certified,4301,3.532,0.1046,0.1022,-2.29
LOT-1027,LOT-1027,Supplier B,Aluminum 5052,2022-11-16,Missing,4863,1.751,0.09,,
LOT-1020,LOT1020,Supplier C,"1/4"" Plate",2022-11-17,Certified,3017,2.873,0.25,,
LOT-1004,L-1004,Supplier A,16ga Steel,2022-11-18,Certified,5101,1.846,0.0598,0.0586,-2.01
LOT-1023,LOT1023,Supplier C,"3/8"" Plate",2022-11-20,Missing,538,4.481,0.375,0.3644,-2.83
LOT-1017,L-1017,Supplier C,12ga Steel,2022-11-23,Missing,2425,3.334,0.1046,0.1056,0.96
LOT-1000,LOT-1000,Supplier B,16ga Steel,2022-11-24,Conditional,3009,4.447,0.0598,0.0621,3.85
LOT-1009,1009,Supplier B,14ga Steel,2022-11-24,Certified,4653,4.4,0.0747,,
LOT-1010,LOT-1010,Supplier C,14ga Steel,2022-11-27,Conditional,1955,1.853,0.0747,,
LOT-1024,LOT-1024,Supplier C,"3/8"" Plate",2022-11-28,Conditional,4434,3.637,0.375,0.3729,-0.56
LOT-1008,L-1008,Supplier A,14ga Steel,2022-11-29,Certified,1567,4.481,0.0747,,
LOT-1005,1005,Supplier C,16ga Steel,2022-12-05,Certified,5918,2.214,0.0598,0.0612,2.34
LOT-1014,L-1014,Supplier C,12ga Steel,2022-12-05,Certified,5900,1.99,0.1046,,
LOT-1033,LOT-1033,Supplier C,Stainless 304,2022-12-06,Missing,3309,4.505,0.075,0.0735,-2.0
LOT-1012,1012,Supplier B,14ga Steel,2022-12-08,Certified,3438,2.396,0.0747,0.0738,-1.2
LOT-1001,LOT-1001,Supplier A,16ga Steel,2022-12-11,Certified,898,1.539,0.0598,0.0601,0.5
LOT-1030,LOT-1030,Supplier A,Aluminum 5052,2022-12-12,Certified,2522,3.606,0.09,0.0895,-0.56
LOT-1006,LOT-1006,Supplier A,14ga Steel,2022-12-14,Certified,4456,4.339,0.0747,,
LOT-1029,LOT-1029,Supplier A,Aluminum 5052,2022-12-15,Certified,2904,1.898,0.09,0.0902,0.22
LOT-1021,1021,Supplier C,"1/4"" Plate",2022-12-16,Certified,4950,1.513,0.25,0.2432,-2.72
LOT-1026,LOT-1026,Supplier A,Aluminum 5052,2022-12-16,Certified,5279,2.352,0.09,0.0902,0.22
LOT-1018,LOT-1018,Supplier B,12ga Steel,2022-12-20,Certified,1870,1.807,0.1046,,
LOT-1034,LOT-1034,Supplier A,Stainless 304,2022-12-20,Certified,2327,4.562,0.075,0.0754,0.53
LOT-1035,LOT-1035,Supplier A,Stainless 304,2022-12-21,Certified,3958,4.799,0.075,0.0737,-1.73
LOT-1016,LOT1016,Supplier D,12ga Steel,2022-12-22,Certified,3011,4.606,0.1046,0.105,0.38
LOT-1003,LOT-1003,Supplier A,16ga Steel,2022-12-23,Certified,4963,3.572,0.0598,0.0602,0.67
LOT-1032,1032,Supplier C,Stainless 304,2022-12-23,Certified,1705,2.166,0.075,0.0753,0.4
LOT-1019,LOT1019,Supplier D,"1/4"" Plate",2022-12-25,Certified,1581,4.693,0.25,0.2453,-1.88
LOT-1002,LOT-1002,Supplier A,16ga Steel,2022-12-26,Certified,2936,4.4,0.0598,0.0582,-2.68
LOT-1025,1025,Supplier C,"3/8"" Plate",2022-12-26,Certified,4295,4.433,0.375,0.3743,-0.19
LOT-1011,LOT1011,Supplier A,14ga Steel,2022-12-28,Certified,892,2.01,0.0747,0.0749,0.27
LOT-1022,LOT1022,Supplier B,"1/4"" Plate",2022-12-29,Certified,2168,3.571,0.25,0.2468,-1.28
LOT-1007,LOT-1007,Supplier A,14ga Steel,2022-12-30,Certified,1015,4.774,0.0747,0.0727,-2.68
LOT-1013,1013,Supplier B,14ga Steel,2022-12-30,Certified,1111,2.78,0.0747,,
LOT-1031,LOT1031,Supplier B,Stainless 304,2022-12-30,Certified,1657,2.462,0.075,,
LOT-1038,1038,Supplier B,"3/8"" Plate",2023-01-09,Certified,5993,4.375,0.375,,
LOT-1037,LOT-1037,Supplier A,12ga Steel,2023-01-11,Certified,1085,2.704,0.1046,0.1035,-1.05
LOT-1036,1036,Supplier A,16ga Steel,2023-01-13,Conditional,2729,3.392,0.0598,0.0598,0.0
LOT-1039,LOT-1039,Supplier C,Stainless 304,2023-01-13,Certified,4734,3.119,0.075,0.0801,6.8
LOT-1041,LOT1041,Supplier B,16ga Steel,2023-01-16,Certified,1191,2.168,0.0598,0.0614,2.68
LOT-1042,LOT1042,Supplier C,14ga Steel,2023-01-17,Conditional,4379,3.871,0.0747,0.0757,1.34
LOT-1040,LOT-1040,Supplier B,16ga Steel,2023-01-18,Certified,2451,3.267,0.0598,0.0602,0.67
LOT-1044,LOT-1044,Supplier D,Aluminum 5052,2023-01-18,Certified,980,3.762,0.09,0.0898,-0.22
LOT-1043,LOT-1043,Supplier B,"1/4"" Plate",2023-01-20,Certified,2038,3.285,0.25,0.2522,0.88
LOT-1045,LOT-1045,Supplier A,16ga Steel,2023-01-23,Certified,3823,2.441,0.0598,,
LOT-1046,LOT1046,Supplier B,16ga Steel,2023-01-23,Certified,4800,3.686,0.0598,0.0594,-0.67
LOT-1047,LOT-1047,Supplier B,14ga Steel,2023-01-24,Certified,1052,1.746,0.0747,,
LOT-1048,LOT-1048,Supplier C,12ga Steel,2023-01-24,Conditional,5108,3.272,0.1046,0.0986,-5.74
LOT-1051,LOT-1051,Supplier C,Aluminum 5052,2023-01-24,Certified,3106,3.897,0.09,,
LOT-1052,LOT-1052,Supplier D,Stainless 304,2023-01-24,Certified,1292,2.704,0.075,,
LOT-1050,1050,Supplier A,"3/8"" Plate",2023-01-26,Certified,1904,2.622,0.375,,
LOT-1049,LOT-1049,Supplier A,12ga Steel,2023-01-27,Certified,3621,1.601,0.1046,0.1033,-1.24
LOT-1060,LOT1060,Supplier B,14ga Steel,2023-01-30,Certified,4228,1.764,0.0747,0.0755,1.07
LOT-1055,LOT-1055,Supplier A,14ga Steel,2023-01-31,Certified,1136,2.74,0.0747,0.0752,0.67
LOT-1056,LOT-1056,Supplier A,14ga Steel,2023-01-31,Missing,3907,2.554,0.0747,,
LOT-1058,LOT-1058,Supplier A,14ga Steel,2023-01-31,Certified,3072,4.074,0.0747,0.0742,-0.67
LOT-1059,LOT1059,Supplier A,14ga Steel,2023-01-31,Certified,2460,3.946,0.0747,0.0749,0.27
LOT-1062,LOT-1062,Supplier A,14ga Steel,2023-01-31,Certified,5317,3.207,0.0747,0.0751,0.54
LOT-1053,L-1053,Supplier C,16ga Steel,2023-02-01,Certified,2434,4.815,0.0598,0.0573,-4.18
LOT-1054,LOT-1054,Supplier C,14ga Steel,2023-02-01,Certified,2304,3.236,0.0747,,
LOT-1066,LOT-1066,Supplier C,12ga Steel,2023-02-01,Conditional,3193,2.356,0.1046,0.1161,10.99
LOT-1067,LOT-1067,Supplier C,"1/4"" Plate",2023-02-01,Certified,5349,3.729,0.25,0.251,0.4
LOT-1068,1068,Supplier D,Aluminum 5052,2023-02-01,Conditional,5606,1.948,0.09,,
LOT-1057,LOT-1057,Supplier A,14ga Steel,2023-02-02,Missing,5516,2.178,0.0747,0.0719,-3.75
LOT-1061,LOT1061,Supplier C,14ga Steel,2023-02-02,Conditional,3751,4.687,0.0747,0.0747,0.0
LOT-1064,LOT1064,Supplier A,14ga Steel,2023-02-02,Certified,1962,3.168,0.0747,0.0737,-1.34
LOT-1065,LOT1065,Supplier A,14ga Steel,2023-02-02,Certified,2173,4.937,0.0747,,
LOT-1063,LOT1063,Supplier A,14ga Steel,2023-02-03,Certified,4600,4.591,0.0747,0.0745,-0.27
LOT-1070,LOT1070,Supplier C,16ga Steel,2023-02-06,Conditional,715,3.539,0.0598,,
LOT-1073,LOT-1073,Supplier C,Aluminum 5052,2023-02-06,Conditional,1122,4.211,0.09,,
LOT-1069,LOT-1069,Supplier A,16ga Steel,2023-02-07,Certified,4508,4.859,0.0598,,
LOT-1072,LOT-1072,Supplier B,"3/8"" Plate",2023-02-07,Conditional,3230,2.057,0.375,0.3839,2.37
LOT-1074,LOT-1074,Supplier A,Stainless 304,2023-02-07,Certified,4564,4.818,0.075,0.0756,0.8
LOT-1075,LOT-1075,Supplier A,Stainless 304,2023-02-07,Certified,4230,1.962,0.075,,
LOT-1071,LOT-1071,Supplier D,12ga Steel,2023-02-09,Certified,2115,3.714,0.1046,0.1032,-1.34
LOT-1076,LOT-1076,Supplier A,"3/8"" Plate",2023-02-14,Missing,1326,3.69,0.375,0.3681,-1.84
LOT-1077,1077,Supplier B,Stainless 304,2023-02-16,Certified,2050,1.877,0.075,,
LOT-1093,LOT1093,Supplier A,16ga Steel,2023-02-20,Certified,2821,4.845,0.0598,0.0583,-2.51
LOT-1096,LOT-1096,Supplier A,Aluminum 5052,2023-02-20,Certified,2626,4.757,0.09,0.0912,1.33
LOT-1095,LOT-1095,Supplier A,"1/4"" Plate",2023-02-21,Certified,5851,1.626,0.25,,
LOT-1078,LOT-1078,Supplier B,16ga Steel,2023-02-22,Certified,2938,2.427,0.0598,0.0601,0.5
LOT-1083,LOT-1083,Supplier C,16ga Steel,2023-02-22,Certified,1234,1.814,0.0598,0.0586,-2.01
LOT-1084,L-1084,Supplier C,16ga Steel,2023-02-22,Conditional,815,4.158,0.0598,0.0603,0.84
LOT-1086,LOT1086,Supplier D,16ga Steel,2023-02-22,Conditional,3194,4.721,0.0598,0.0611,2.17
LOT-1087,LOT-1087,Supplier C,16ga Steel,2023-02-22,Certified,4308,4.993,0.0598,,
LOT-1091,LOT-1091,Supplier A,16ga Steel,2023-02-22,Conditional,4590,4.258,0.0598,0.0618,3.34
LOT-1094,LOT1094,Supplier B,12ga Steel,2023-02-22,Certified,3785,1.905,0.1046,0.102,-2.49
LOT-1079,LOT1079,Supplier A,16ga Steel,2023-02-23,Missing,5127,4.716,0.0598,,
LOT-1080,1080,Supplier B,16ga Steel,2023-02-23,Certified,2091,3.772,0.0598,0.0593,-0.84
LOT-1081,LOT1081,Supplier B,16ga Steel,2023-02-23,Missing,5515,1.738,0.0598,0.0591,-1.17
LOT-1082,LOT-1082,Supplier C,16ga Steel,2023-02-23,Conditional,1483,1.626,0.0598,,
LOT-1088,L-1088,Supplier A,16ga Steel,2023-02-23,Conditional,2815,3.851,0.0598,0.058,-3.01
LOT-1089,LOT-1089,Supplier A,16ga Steel,2023-02-23,Certified,5526,1.895,0.0598,0.0596,-0.33
LOT-1090,LOT-1090,Supplier A,16ga Steel,2023-02-23,Certified,4647,1.715,0.0598,,
LOT-1092,LOT-1092,Supplier B,16ga Steel,2023-02-23,Certified,3013,2.452,0.0598,,
LOT-1085,LOT1085,Supplier C,16ga Steel,2023-02-24,Certified,3523,4.061,0.0598,0.0595,-0.5
LOT-1097,LOT1097,Supplier B,"3/8"" Plate",2023-03-02,Certified,2889,2.834,0.375,0.3646,-2.77
LOT-1098,LOT-1098,Supplier D,Stainless 304,2023-03-02,Certified,3490,3.359,0.075,,
LOT-1100,LOT-1100,Supplier B,12ga Steel,2023-03-06,Missing,1296,3.066,0.1046,0.1035,-1.05
LOT-1103,LOT-1103,Supplier C,"3/8"" Plate",2023-03-06,Certified,5610,2.525,0.375,0.375,0.0
LOT-1105,LOT-1105,Supplier C,"3/8"" Plate",2023-03-06,Certified,5888,4.427,0.375,,
LOT-1106,LOT-1106,Supplier C,"3/8"" Plate",2023-03-06,Certified,1707,1.579,0.375,0.3591,-4.24
LOT-1107,LOT1107,Supplier B,Aluminum 5052,2023-03-06,Certified,4457,3.55,0.09,0.0891,-1.0
LOT-1108,LOT-1108,Supplier D,Stainless 304,2023-03-06,Conditional,1214,4.971,0.075,,
LOT-1102,LOT-1102,Supplier D,"3/8"" Plate",2023-03-07,Certified,5366,3.154,0.375,,
LOT-1104,1104,Supplier B,"3/8"" Plate",2023-03-07,Certified,1920,2.066,0.375,,
LOT-1101,LOT1101,Supplier A,"1/4"" Plate",2023-03-08,Certified,2235,2.304,0.25,0.2483,-0.68
LOT-1099,LOT-1099,Supplier B,12ga Steel,2023-03-10,Certified,2104,3.723,0.1046,,
LOT-1110,LOT-1110,Supplier A,12ga Steel,2023-03-13,Certified,565,3.235,0.1046,0.1037,-0.86
LOT-1111,1111,Supplier B,"1/4"" Plate",2023-03-13,Certified,1997,1.634,0.25,0.2513,0.52
LOT-1113,LOT1113,Supplier B,"1/4"" Plate",2023-03-13,Certified,4258,4.839,0.25,,
LOT-1114,LOT1114,Supplier A,"1/4"" Plate",2023-03-13,Conditional,3872,2.818,0.25,0.2469,-1.24
LOT-1109,LOT-1109,Supplier A,12ga Steel,2023-03-14,Certified,1807,3.35,0.1046,0.1061,1.43
LOT-1121,LOT-1121,Supplier C,Aluminum 5052,2023-03-14,Certified,2070,4.415,0.09,,
LOT-1123,LOT-1123,Supplier C,Aluminum 5052,2023-03-14,Conditional,2637,2.788,0.09,0.0951,5.67
LOT-1118,LOT-1118,Supplier C,Aluminum 5052,2023-03-15,Certified,5832,2.101,0.09,0.0872,-3.11
LOT-1119,LOT-1119,Supplier B,Aluminum 5052,2023-03-15,Certified,1387,2.711,0.09,0.0906,0.67
LOT-1120,LOT-1120,Supplier D,Aluminum 5052,2023-03-15,Certified,4786,2.855,0.09,0.0884,-1.78
LOT-1124,LOT1124,Supplier C,Aluminum 5052,2023-03-15,Missing,4416,1.797,0.09,0.09,0.0
LOT-1117,1117,Supplier C,Aluminum 5052,2023-03-16,Certified,3510,2.1,0.09,,
LOT-1122,LOT-1122,Supplier A,Aluminum 5052,2023-03-16,Certified,966,3.188,0.09,0.0907,0.78
LOT-1125,LOT-1125,Supplier A,Aluminum 5052,2023-03-16,Certified,5166,2.393,0.09,0.0897,-0.33
LOT-1112,1112,Supplier A,"1/4"" Plate",2023-03-17,Certified,3436,1.557,0.25,,
LOT-1115,L-1115,Supplier C,"1/4"" Plate",2023-03-17,Certified,1982,4.487,0.25,,
LOT-1116,LOT-1116,Supplier A,Aluminum 5052,2023-03-17,Certified,2431,4.841,0.09,0.0915,1.67
LOT-1126,LOT-1126,Supplier C,12ga Steel,2023-03-20,Certified,1255,2.434,0.1046,,
LOT-1127,LOT1127,Supplier C,Stainless 304,2023-03-20,Certified,2961,3.04,0.075,,
LOT-1128,L-1128,Supplier B,12ga Steel,2023-03-28,Missing,1780,2.036,0.1046,0.1018,-2.68
LOT-1129,LOT-1129,Supplier C,12ga Steel,2023-03-30,Certified,970,3.348,0.1046,0.1035,-1.05
LOT-1130,LOT1130,Supplier D,Stainless 304,2023-03-31,Certified,742,2.152,0.075,0.0744,-0.8
LOT-1132,LOT1132,Supplier A,Stainless 304,2023-04-03,Missing,4813,4.318,0.075,0.0728,-2.93
LOT-1131,LOT-1131,Supplier A,12ga Steel,2023-04-07,Conditional,778,3.22,0.1046,,
LOT-1133,LOT1133,Supplier D,14ga Steel,2023-04-11,Certified,2482,3.186,0.0747,0.0759,1.61
LOT-1134,LOT-1134,Supplier B,Stainless 304,2023-04-12,Certified,1789,2.706,0.075,0.0747,-0.4
LOT-1136,LOT-1136,Supplier C,14ga Steel,2023-04-17,Conditional,5553,3.185,0.0747,,
LOT-1137,1137,Supplier A,12ga Steel,2023-04-19,Certified,5383,4.486,0.1046,0.1044,-0.19
LOT-1135,LOT-1135,Supplier A,16ga Steel,2023-04-20,Certified,3932,4.485,0.0598,0.0584,-2.34
LOT-1138,LOT-1138,Supplier D,Stainless 304,2023-04-21,Certified,4735,3.047,0.075,,
LOT-1140,LOT-1140,Supplier B,16ga Steel,2023-04-24,Certified,3604,2.088,0.0598,0.0583,-2.51
LOT-1141,LOT1141,Supplier A,16ga Steel,2023-04-25,Certified,642,1.924,0.0598,0.0602,0.67
LOT-1139,L-1139,Supplier C,16ga Steel,2023-04-26,Conditional,5751,2.896,0.0598,,
LOT-1144,LOT-1144,Supplier C,Stainless 304,2023-04-26,Conditional,1624,4.422,0.075,0.0726,-3.2
LOT-1142,LOT-1142,Supplier A,14ga Steel,2023-04-27,Certified,2789,1.929,0.0747,0.0737,-1.34
LOT-1143,1143,Supplier D,12ga Steel,2023-04-27,Certified,1869,4.819,0.1046,,
LOT-1145,1145,Supplier C,16ga Steel,2023-05-01,Certified,5358,2.929,0.0598,0.0615,2.84
LOT-1148,LOT1148,Supplier B,14ga Steel,2023-05-01,Certified,2481,4.257,0.0747,0.0739,-1.07
LOT-1147,LOT-1147,Supplier C,14ga Steel,2023-05-02,Conditional,5611,3.74,0.0747,,
LOT-1150,LOT-1150,Supplier A,12ga Steel,2023-05-02,Certified,4521,2.311,0.1046,0.1076,2.87
LOT-1146,LOT1146,Supplier B,16ga Steel,2023-05-03,Certified,3834,2.289,0.0598,0.061,2.01
LOT-1151,1151,Supplier C,12ga Steel,2023-05-04,Certified,3408,4.966,0.1046,0.103,-1.53
LOT-1152,LOT-1152,Supplier D,"3/8"" Plate",2023-05-04,Certified,5736,2.48,0.375,0.3749,-0.03
LOT-1153,1153,Supplier B,Stainless 304,2023-05-04,Certified,1959,3.959,0.075,,
LOT-1149,LOT-1149,Supplier A,14ga Steel,2023-05-05,Certified,5405,2.086,0.0747,0.0733,-1.87
LOT-1154,LOT1154,Supplier D,14ga Steel,2023-05-10,Certified,1819,4.743,0.0747,0.0724,-3.08
LOT-1155,LOT1155,Supplier C,12ga Steel,2023-05-11,Certified,5541,1.546,0.1046,,
LOT-1159,LOT-1159,Supplier A,"1/4"" Plate",2023-05-15,Conditional,1588,1.518,0.25,0.2549,1.96
LOT-1156,LOT-1156,Supplier A,16ga Steel,2023-05-16,Certified,2462,4.422,0.0598,0.0598,0.0
LOT-1157,LOT1157,Supplier A,16ga Steel,2023-05-16,Certified,1282,3.195,0.0598,0.0591,-1.17
LOT-1161,L-1161,Supplier C,Stainless 304,2023-05-16,Certified,5394,1.959,0.075,,
LOT-1158,LOT1158,Supplier D,14ga Steel,2023-05-17,Certified,2366,2.467,0.0747,0.0745,-0.27
LOT-1160,LOT-1160,Supplier D,Aluminum 5052,2023-05-17,Certified,5025,3.853,0.09,0.0882,-2.0
LOT-1163,LOT1163,Supplier B,12ga Steel,2023-05-24,Certified,3871,3.56,0.1046,,
LOT-1162,LOT-1162,Supplier C,16ga Steel,2023-05-25,Conditional,1588,4.229,0.0598,0.0574,-4.01
LOT-1165,LOT-1165,Supplier C,Aluminum 5052,2023-05-25,Missing,2624,2.202,0.09,0.0895,-0.56
LOT-1164,L-1164,Supplier B,"3/8"" Plate",2023-05-26,Certified,4087,3.997,0.375,,
LOT-1166,LOT-1166,Supplier A,16ga Steel,2023-05-31,Certified,3884,3.42,0.0598,0.0609,1.84
LOT-1168,LOT1168,Supplier C,16ga Steel,2023-05-31,Certified,3516,3.382,0.0598,0.0601,0.5
LOT-1171,LOT-1171,Supplier C,12ga Steel,2023-05-31,Certified,5768,2.324,0.1046,0.1062,1.53
LOT-1175,LOT1175,Supplier C,Stainless 304,2023-05-31,Conditional,1309,4.357,0.075,0.0756,0.8
LOT-1169,LOT1169,Supplier C,14ga Steel,2023-06-01,Certified,2837,3.454,0.0747,0.079,5.76
LOT-1174,LOT-1174,Supplier A,Aluminum 5052,2023-06-01,Certified,3145,4.01,0.09,0.0882,-2.0
LOT-1167,LOT-1167,Supplier B,16ga Steel,2023-06-02,Certified,1514,1.536,0.0598,0.06,0.33
LOT-1170,1170,Supplier B,14ga Steel,2023-06-02,Certified,795,4.651,0.0747,0.0732,-2.01
LOT-1172,LOT-1172,Supplier A,"1/4"" Plate",2023-06-02,Certified,3230,1.575,0.25,0.246,-1.6
LOT-1173,LOT-1173,Supplier A,"3/8"" Plate",2023-06-02,Certified,5918,2.613,0.375,0.3762,0.32
LOT-1177,LOT-1177,Supplier A,"3/8"" Plate",2023-06-05,Missing,1171,1.649,0.375,0.387,3.2
LOT-1178,LOT-1178,Supplier A,Stainless 304,2023-06-05,Certified,5594,1.719,0.075,0.0749,-0.13
LOT-1176,LOT1176,Supplier B,14ga Steel,2023-06-07,Conditional,3669,4.558,0.0747,0.0742,-0.67
LOT-1179,1179,Supplier C,16ga Steel,2023-06-13,Missing,1065,4.691,0.0598,0.0595,-0.5
LOT-1180,LOT-1180,Supplier A,16ga Steel,2023-06-16,Conditional,2169,1.535,0.0598,0.0581,-2.84
LOT-1181,LOT-1181,Supplier A,"3/8"" Plate",2023-06-16,Certified,5121,3.16,0.375,0.3723,-0.72
LOT-1182,LOT-1182,Supplier C,16ga Steel,2023-06-19,Certified,1990,3.833,0.0598,0.063,5.35
LOT-1183,1183,Supplier D,14ga Steel,2023-06-19,Certified,5689,1.737,0.0747,0.0732,-2.01
LOT-1187,LOT-1187,Supplier B,"1/4"" Plate",2023-06-20,Certified,4808,2.52,0.25,0.2496,-0.16
LOT-1188,1188,Supplier C,"1/4"" Plate",2023-06-20,Certified,1705,2.501,0.25,0.2386,-4.56
LOT-1189,LOT-1189,Supplier C,"1/4"" Plate",2023-06-21,Certified,2560,3.146,0.25,0.2402,-3.92
LOT-1184,LOT-1184,Supplier B,12ga Steel,2023-06-22,Certified,847,4.176,0.1046,0.1003,-4.11
LOT-1185,LOT-1185,Supplier C,"1/4"" Plate",2023-06-23,Certified,3970,2.502,0.25,,
LOT-1186,LOT-1186,Supplier D,"1/4"" Plate",2023-06-23,Certified,2159,2.16,0.25,,
LOT-1190,LOT-1190,Supplier C,Stainless 304,2023-06-23,Certified,847,4.069,0.075,0.0739,-1.47
LOT-1191,LOT1191,Supplier C,16ga Steel,2023-06-26,Missing,1691,3.868,0.0598,0.0653,9.2
LOT-1195,LOT-1195,Supplier B,Aluminum 5052,2023-06-26,Certified,2263,3.016,0.09,0.0893,-0.78
LOT-1192,1192,Supplier A,16ga Steel,2023-06-27,Certified,3371,3.086,0.0598,0.0599,0.17
LOT-1194,LOT-1194,Supplier C,12ga Steel,2023-06-27,Missing,1974,3.709,0.1046,0.1136,8.6
LOT-1193,LOT-1193,Supplier B,12ga Steel,2023-06-29,Missing,2867,4.77,0.1046,0.1062,1.53
LOT-1196,LOT-1196,Supplier A,Stainless 304,2023-06-30,Certified,3058,2.758,0.075,0.0749,-0.13
LOT-1198,LOT1198,Supplier C,14ga Steel,2023-07-03,Conditional,5942,2.185,0.0747,0.0784,4.95
LOT-1199,LOT-1199,Supplier C,14ga Steel,2023-07-03,Certified,1094,4.191,0.0747,0.0746,-0.13
LOT-1201,1201,Supplier A,Aluminum 5052,2023-07-03,Certified,1657,4.322,0.09,,
