part_number,customer,material_type,complexity,primary_machine,std_setup_min,std_labor_hrs,unit_price,requires_welding,released_date,current_revision,revision_date
P-1000,Customer D,Aluminum 5052,Medium,M04,39,1.25,206.6,True,2018-05-21,B,2023-07-28
P-1001,Customer W,16ga Steel,High,M01,15,1.02,53.16,False,2022-01-08,D,2026-01-04
P-1002,Customer U,Aluminum 5052,Medium,M06,21,1.34,216.95,True,2017-05-15,C,2025-12-07
P-1003,Customer B,12ga Steel,Low,M01,17,0.9,165.93,False,2021-02-12,B,2025-03-11
P-1004,Customer P,"3/8"" Plate",Medium,M05,28,1.98,221.82,True,2018-05-24,B,2023-06-18
P-1005,Customer I,16ga Steel,Low,M07,17,0.84,157.26,True,2020-02-17,A,2020-02-17
P-1006,Customer T,"3/8"" Plate",Low,M05,15,1.23,43.64,True,2022-04-02,C,2026-03-30
P-1007,Customer S,"3/8"" Plate",High,M02,10,1.03,279.21,False,2016-05-14,B,2025-12-07
P-1008,Customer A,"1/4"" Plate",Low,M01,16,1.23,266.97,False,2019-04-09,B,2023-01-22
P-1009,Customer H,Aluminum 5052,Low,M07,15,1.73,191.51,False,2021-10-03,A,2021-10-03
P-1010,Customer B,16ga Steel,Medium,M02,10,1.0,278.27,False,2016-03-14,C,2025-10-11
P-1011,Customer P,Aluminum 5052,Low,M03,28,1.4,91.05,False,2017-02-11,B,2025-11-15
P-1012,Customer A,Aluminum 5052,High,M01,20,0.87,64.11,True,2022-09-21,C,2025-04-14
P-1013,Customer P,14ga Steel,Medium,M04,40,1.93,243.29,False,2021-10-02,A,2021-10-02
P-1014,Customer A,16ga Steel,Low,M01,19,0.92,172.72,False,2022-03-02,B,2024-01-26
P-1015,Customer L,14ga Steel,High,M02,19,0.97,90.56,True,2020-08-01,D,2026-01-07
P-1016,Customer P,16ga Steel,Medium,M02,19,1.07,317.25,False,2020-02-26,B,2024-12-22
P-1017,Customer P,Aluminum 5052,Low,M01,19,0.93,219.0,False,2018-04-25,B,2023-10-05
P-1018,Customer C,"3/8"" Plate",Low,M06,21,1.2,144.69,True,2017-12-10,D,2025-06-22
P-1019,Customer A,"3/8"" Plate",Low,M01,11,1.2,266.51,True,2018-09-21,C,2025-04-20
P-1020,Customer C,"1/4"" Plate",Medium,M07,23,0.87,66.09,False,2019-11-21,D,2025-05-26
P-1021,Customer E,16ga Steel,Low,M03,45,1.56,96.97,True,2016-06-17,B,2026-02-16
P-1022,Customer C,Aluminum 5052,Medium,M03,28,0.88,98.16,False,2020-05-04,D,2025-10-15
P-1023,Customer B,16ga Steel,Low,M03,27,1.43,306.61,True,2020-02-04,D,2025-12-16
P-1024,Customer G,16ga Steel,Low,M01,16,1.74,298.21,False,2020-02-28,A,2020-02-28
P-1025,Customer A,16ga Steel,Low,M04,25,0.92,274.82,True,2016-07-25,C,2025-12-25
P-1026,Customer F,Stainless 304,Low,M07,23,1.27,243.05,True,2016-03-31,C,2025-12-13
P-1027,Customer B,16ga Steel,Medium,M05,21,1.55,224.92,True,2016-08-25,A,2016-08-25
P-1028,Customer A,16ga Steel,Medium,M03,31,1.02,182.59,False,2018-12-04,B,2023-11-09
P-1029,Customer N,12ga Steel,Low,M07,24,1.41,63.05,False,2018-01-23,B,2024-04-15
P-1030,Customer N,14ga Steel,Low,M04,27,1.28,121.45,False,2020-02-03,C,2024-06-01
P-1031,Customer U,14ga Steel,High,M05,22,1.13,257.92,True,2022-09-17,D,2025-06-21
P-1032,Customer X,"1/4"" Plate",Low,M01,16,1.25,46.99,False,2018-11-22,A,2018-11-22
P-1033,Customer E,14ga Steel,High,M07,17,1.45,242.93,True,2017-07-07,D,2024-08-04
P-1034,Customer D,16ga Steel,Low,M02,10,0.8,61.96,False,2022-02-12,A,2022-02-12
P-1035,Customer L,12ga Steel,Low,M06,16,1.32,211.54,True,2016-10-28,A,2016-10-28
P-1036,Customer E,Stainless 304,High,M04,41,0.99,205.11,True,2019-03-18,D,2025-09-19
P-1037,Customer B,16ga Steel,Medium,M03,41,1.84,79.48,True,2019-05-05,C,2024-12-05
P-1038,Customer D,14ga Steel,Medium,M03,29,1.82,152.02,False,2017-02-20,B,2024-07-26
P-1039,Customer P,Aluminum 5052,Low,M01,11,1.19,87.45,False,2021-07-10,A,2021-07-10
P-1040,Customer A,12ga Steel,Medium,M07,21,1.45,268.03,False,2016-05-15,B,2023-01-26
P-1041,Customer L,"3/8"" Plate",Low,M06,22,1.42,249.08,True,2021-08-19,A,2021-08-19
P-1042,Customer R,12ga Steel,Low,M04,40,1.22,239.46,True,2017-11-20,B,2026-01-29
P-1043,Customer A,16ga Steel,Low,M03,26,1.65,276.87,False,2017-03-12,B,2024-02-21
P-1044,Customer B,14ga Steel,Low,M01,12,1.43,313.73,False,2018-06-24,C,2025-10-20
P-1045,Customer C,14ga Steel,High,M06,15,1.76,157.45,True,2022-04-05,D,2026-01-21
P-1046,Customer B,12ga Steel,Low,M06,24,1.78,68.11,True,2018-03-20,B,2026-03-22
P-1047,Customer W,Stainless 304,Low,M05,21,1.54,142.58,True,2019-03-12,A,2019-03-12
P-1048,Customer F,14ga Steel,Low,M02,13,0.77,170.28,True,2016-03-21,A,2016-03-21
P-1049,Customer L,14ga Steel,Low,M02,14,1.66,124.27,True,2021-06-25,A,2021-06-25
P-1050,Customer P,"3/8"" Plate",Low,M05,16,2.0,82.06,True,2021-05-16,A,2021-05-16
P-1051,Customer A,Stainless 304,Medium,M01,16,1.49,281.58,False,2020-10-29,A,2020-10-29
P-1052,Customer X,14ga Steel,Medium,M07,19,1.13,77.02,False,2017-03-29,B,2026-02-17
P-1053,Customer E,"1/4"" Plate",Low,M05,30,1.25,212.67,True,2016-04-24,C,2025-12-19
P-1054,Customer E,16ga Steel,High,M02,15,1.29,300.31,False,2016-05-16,D,2026-03-27
P-1055,Customer A,14ga Steel,High,M03,29,1.45,255.21,True,2020-12-29,D,2026-01-11
P-1056,Customer A,16ga Steel,Medium,M05,19,1.12,146.81,True,2018-01-26,B,2025-05-09
P-1057,Customer E,"1/4"" Plate",Low,M02,14,1.39,249.37,False,2018-04-11,B,2024-05-15
P-1058,Customer B,14ga Steel,Medium,M03,31,1.13,249.25,False,2020-09-20,D,2024-10-15
P-1059,Customer E,14ga Steel,High,M06,29,1.76,101.64,True,2017-09-18,D,2026-02-23
P-1060,Customer T,14ga Steel,Medium,M04,28,1.8,81.77,False,2018-06-17,A,2018-06-17
P-1061,Customer S,Aluminum 5052,High,M04,28,0.79,142.05,True,2020-11-30,D,2026-03-21
P-1062,Customer S,"3/8"" Plate",Medium,M02,18,1.66,210.35,False,2020-07-16,A,2020-07-16
P-1063,Customer S,"1/4"" Plate",High,M05,25,1.26,46.42,True,2021-11-11,D,2025-04-15
P-1064,Customer C,12ga Steel,Low,M05,19,1.55,133.95,True,2020-03-03,C,2025-04-29
P-1065,Customer C,"1/4"" Plate",Medium,M02,19,1.46,138.62,False,2017-09-06,C,2025-01-20
P-1066,Customer R,14ga Steel,Low,M03,27,0.85,72.01,False,2018-12-02,A,2018-12-02
P-1067,Customer A,Stainless 304,Medium,M05,21,1.51,314.66,True,2019-10-24,A,2019-10-24
P-1068,Customer U,12ga Steel,High,M04,34,1.51,189.16,True,2017-04-07,C,2024-08-14
P-1069,Customer V,Aluminum 5052,High,M02,11,1.52,40.36,True,2020-12-01,D,2024-06-04
P-1070,Customer N,Aluminum 5052,High,M05,24,1.63,54.55,True,2021-08-04,B,2026-02-11
P-1071,Customer U,"1/4"" Plate",Medium,M05,16,1.98,283.27,True,2021-06-05,B,2023-11-24
P-1072,Customer C,16ga Steel,Low,M07,17,1.55,63.17,False,2019-12-01,B,2023-07-11
P-1073,Customer S,"3/8"" Plate",Low,M02,20,1.09,202.36,False,2016-04-08,A,2016-04-08
P-1074,Customer A,Stainless 304,Low,M05,16,1.97,295.15,True,2019-02-22,C,2024-12-17
P-1075,Customer H,16ga Steel,Medium,M04,37,1.73,232.65,False,2018-07-11,A,2018-07-11
P-1076,Customer A,14ga Steel,Medium,M06,29,1.41,79.99,True,2017-03-19,B,2023-02-28
P-1077,Customer Y,Aluminum 5052,High,M06,29,1.85,154.74,True,2019-05-07,D,2023-11-24
P-1078,Customer J,14ga Steel,Medium,M01,20,0.9,241.45,False,2019-01-07,D,2025-11-25
P-1079,Customer Y,16ga Steel,Medium,M03,27,1.08,196.94,False,2022-01-29,B,2023-07-15
P-1080,Customer M,14ga Steel,Medium,M03,45,1.4,315.71,True,2020-11-16,C,2025-01-05
P-1081,Customer E,12ga Steel,Low,M03,34,1.54,268.59,False,2016-09-29,A,2016-09-29
P-1082,Customer Y,16ga Steel,High,M03,39,1.38,64.65,False,2017-11-22,D,2026-03-15
P-1083,Customer E,12ga Steel,High,M04,43,1.32,293.93,False,2020-08-14,D,2025-10-28
P-1084,Customer W,14ga Steel,Low,M03,30,1.24,76.59,True,2018-11-01,B,2025-10-20
P-1085,Customer A,12ga Steel,Low,M05,22,1.67,153.89,True,2017-07-23,A,2017-07-23
P-1086,Customer Q,"1/4"" Plate",Low,M03,37,0.8,319.99,False,2022-06-26,A,2022-06-26
P-1087,Customer T,12ga Steel,Medium,M05,21,1.82,221.25,True,2016-10-16,B,2024-06-21
P-1088,Customer Q,14ga Steel,Low,M03,26,1.79,276.68,True,2021-01-07,D,2025-12-25
P-1089,Customer A,"1/4"" Plate",High,M07,20,1.23,87.58,False,2021-06-19,B,2024-10-23
P-1090,Customer A,"1/4"" Plate",Medium,M01,10,1.48,133.45,True,2016-10-23,C,2025-04-01
P-1091,Customer C,Stainless 304,High,M04,39,1.12,62.17,False,2016-04-22,D,2026-02-01
P-1092,Customer X,14ga Steel,Medium,M04,28,1.97,240.94,False,2021-09-22,C,2025-01-26
P-1093,Customer C,12ga Steel,Medium,M07,20,1.65,233.9,False,2016-11-13,B,2025-06-06
P-1094,Customer B,"3/8"" Plate",High,M01,13,1.39,212.47,True,2019-03-05,A,2019-03-05
P-1095,Customer R,Stainless 304,Medium,M02,10,1.57,218.83,True,2019-01-22,B,2023-11-04
P-1096,Customer D,12ga Steel,Low,M05,28,1.36,164.24,True,2019-09-11,B,2023-01-03
P-1097,Customer E,"1/4"" Plate",Medium,M07,19,1.59,220.77,False,2018-01-01,C,2025-08-06
P-1098,Customer D,14ga Steel,Low,M01,16,1.38,283.68,False,2018-11-20,A,2018-11-20
P-1099,Customer J,Aluminum 5052,Low,M01,15,1.3,311.67,True,2020-12-27,A,2020-12-27
P-1100,Customer B,14ga Steel,Medium,M02,14,1.53,294.29,False,2021-12-20,B,2023-09-19
P-1101,Customer B,"1/4"" Plate",Medium,M04,41,1.26,305.27,False,2018-01-03,D,2025-06-27
P-1102,Customer U,12ga Steel,Medium,M04,28,1.15,304.26,True,2020-05-30,A,2020-05-30
P-1103,Customer R,14ga Steel,Medium,M04,30,1.92,266.04,False,2019-12-18,D,2023-11-11
P-1104,Customer I,14ga Steel,Low,M07,15,1.0,277.64,False,2016-05-18,C,2026-01-23
P-1105,Customer R,12ga Steel,Medium,M04,42,0.76,191.69,True,2020-08-31,B,2023-03-10
P-1106,Customer M,"3/8"" Plate",High,M07,16,0.95,90.16,False,2022-03-28,D,2024-11-17
P-1107,Customer K,Stainless 304,High,M06,23,1.09,128.31,True,2018-03-09,A,2018-03-09
P-1108,Customer E,14ga Steel,Low,M04,29,1.43,181.53,False,2017-06-06,B,2023-04-23
P-1109,Customer D,Stainless 304,Low,M07,23,1.52,118.1,False,2020-04-13,B,2023-09-26
P-1110,Customer U,16ga Steel,Medium,M03,41,1.99,246.07,False,2017-01-17,C,2025-03-30
P-1111,Customer P,Aluminum 5052,Medium,M02,19,1.25,166.71,False,2018-02-18,B,2024-11-22
P-1112,Customer B,Stainless 304,High,M06,26,1.28,159.69,True,2021-04-25,D,2025-09-01
P-1113,Customer G,14ga Steel,Low,M07,18,1.18,248.37,True,2017-02-25,A,2017-02-25
P-1114,Customer C,14ga Steel,Medium,M05,30,1.38,165.42,True,2019-06-05,B,2026-03-17
P-1115,Customer J,Stainless 304,Medium,M05,29,1.4,48.99,True,2021-01-12,A,2021-01-12
P-1116,Customer A,12ga Steel,Medium,M03,45,1.54,218.69,False,2018-05-04,B,2023-07-16
P-1117,Customer D,14ga Steel,Medium,M03,38,1.47,131.94,False,2021-06-18,A,2021-06-18
P-1118,Customer X,14ga Steel,Medium,M04,39,1.39,245.39,True,2020-07-20,A,2020-07-20
P-1119,Customer M,16ga Steel,Medium,M02,17,1.23,73.7,False,2020-09-13,B,2025-03-06
P-1120,Customer U,16ga Steel,Low,M05,24,1.96,296.92,True,2021-05-01,C,2025-08-30
P-1121,Customer E,16ga Steel,Medium,M03,27,1.86,55.92,False,2020-01-05,B,2024-05-29
P-1122,Customer C,14ga Steel,Low,M03,25,0.82,218.31,False,2016-03-31,A,2016-03-31
P-1123,Customer A,16ga Steel,Low,M05,21,1.98,317.41,True,2017-12-22,B,2026-03-06
P-1124,Customer D,12ga Steel,Low,M07,15,0.75,136.95,False,2018-06-10,C,2025-04-24
P-1125,Customer V,"3/8"" Plate",Low,M01,14,1.75,203.08,False,2019-12-02,B,2025-01-25
P-1126,Customer A,12ga Steel,Medium,M07,25,0.83,304.54,False,2018-07-14,A,2018-07-14
P-1127,Customer R,16ga Steel,Medium,M01,13,0.83,261.17,False,2018-03-17,B,2023-10-14
P-1128,Customer C,Aluminum 5052,High,M02,20,1.35,261.6,True,2021-08-21,C,2026-01-01
P-1129,Customer B,"3/8"" Plate",Low,M01,18,0.94,70.6,False,2016-03-11,B,2024-07-19
P-1130,Customer J,16ga Steel,Low,M02,15,0.81,122.27,False,2021-10-20,B,2023-04-10
P-1131,Customer E,16ga Steel,Medium,M03,39,0.91,263.14,False,2021-04-12,C,2026-01-21
P-1132,Customer W,16ga Steel,High,M01,11,1.7,92.58,False,2020-04-14,C,2026-01-21
P-1133,Customer D,14ga Steel,Low,M07,22,0.84,178.46,True,2017-10-10,C,2024-02-27
P-1134,Customer N,16ga Steel,Medium,M03,41,0.79,209.6,True,2021-10-18,B,2025-01-22
P-1135,Customer C,Aluminum 5052,High,M02,20,0.91,87.05,False,2019-08-28,B,2025-08-13
P-1136,Customer E,12ga Steel,High,M03,33,1.08,261.44,False,2016-09-01,D,2025-12-20
P-1137,Customer G,16ga Steel,High,M01,14,1.3,221.02,False,2020-01-18,D,2026-03-13
P-1138,Customer B,Aluminum 5052,Low,M06,24,1.5,308.32,True,2016-12-07,B,2026-01-02
P-1139,Customer T,12ga Steel,High,M05,15,1.11,192.35,True,2018-10-27,C,2025-07-22
P-1140,Customer U,Stainless 304,High,M07,15,1.0,131.2,False,2017-06-10,C,2024-12-20
P-1141,Customer F,Stainless 304,Medium,M07,22,1.56,310.94,False,2022-01-19,A,2022-01-19
P-1142,Customer B,"3/8"" Plate",Medium,M01,19,0.79,312.55,True,2020-03-14,A,2020-03-14
P-1143,Customer D,Aluminum 5052,Medium,M06,17,1.18,138.83,True,2020-09-25,C,2023-08-07
P-1144,Customer G,"1/4"" Plate",Low,M01,15,0.82,231.98,False,2020-01-26,D,2026-02-01
P-1145,Customer R,16ga Steel,Medium,M03,41,1.44,235.9,True,2021-01-04,B,2024-12-15
P-1146,Customer N,16ga Steel,Medium,M01,14,1.42,97.08,False,2020-03-29,B,2024-09-12
P-1147,Customer E,16ga Steel,Low,M02,15,1.3,83.18,False,2018-10-06,B,2024-08-17
P-1148,Customer B,Aluminum 5052,Low,M02,17,1.12,237.12,False,2019-09-17,A,2019-09-17
P-1149,Customer K,"1/4"" Plate",Low,M07,19,1.28,120.13,False,2021-05-04,A,2021-05-04
P-1150,Customer A,"1/4"" Plate",Low,M01,20,1.31,218.87,False,2021-03-07,B,2023-06-15
P-1151,Customer C,"1/4"" Plate",High,M07,24,0.8,151.37,True,2022-07-11,B,2024-07-26
P-1152,Customer R,Stainless 304,Low,M04,32,1.63,44.57,False,2022-10-31,B,2024-09-19
P-1153,Customer N,12ga Steel,Low,M07,17,1.23,97.01,True,2022-07-27,B,2024-06-09
P-1154,Customer I,"1/4"" Plate",Medium,M05,29,1.18,202.31,True,2021-01-11,A,2021-01-11
P-1155,Customer S,"1/4"" Plate",Medium,M02,17,1.23,172.94,False,2017-09-01,D,2025-03-11
P-1156,Customer A,12ga Steel,Medium,M06,21,1.29,72.94,True,2016-05-26,C,2025-10-23
P-1157,Customer M,Stainless 304,Medium,M06,17,1.06,292.29,True,2018-04-10,C,2025-09-11
P-1158,Customer O,16ga Steel,Low,M03,33,1.47,153.79,False,2021-07-10,A,2021-07-10
P-1159,Customer D,16ga Steel,Medium,M01,20,1.38,301.69,True,2017-03-02,B,2024-01-25
P-1160,Customer C,16ga Steel,Low,M03,44,1.27,129.87,False,2021-10-29,A,2021-10-29
P-1161,Customer C,12ga Steel,Medium,M02,10,1.34,213.84,False,2018-04-26,B,2026-03-07
P-1162,Customer O,12ga Steel,Low,M01,10,1.21,100.3,False,2022-03-04,C,2025-12-28
P-1163,Customer A,Aluminum 5052,High,M02,19,0.98,259.5,False,2022-06-29,A,2022-06-29
P-1164,Customer L,"3/8"" Plate",Low,M06,19,1.17,287.09,True,2020-07-30,A,2020-07-30
P-1165,Customer C,14ga Steel,Low,M01,12,1.4,254.2,True,2018-02-27,A,2018-02-27
P-1166,Customer I,"1/4"" Plate",Medium,M06,15,1.74,234.41,True,2018-10-19,B,2023-03-19
P-1167,Customer Y,16ga Steel,Low,M07,18,0.8,44.34,False,2019-03-10,B,2023-07-09
P-1168,Customer V,16ga Steel,Low,M05,20,1.78,309.9,True,2021-10-18,C,2025-03-27
P-1169,Customer A,14ga Steel,Medium,M02,12,1.11,175.82,False,2016-06-01,A,2016-06-01
P-1170,Customer V,12ga Steel,Medium,M04,28,0.97,311.86,False,2017-02-10,A,2017-02-10
P-1171,Customer M,Aluminum 5052,Medium,M06,24,1.88,156.09,True,2021-04-22,C,2024-03-12
P-1172,Customer V,14ga Steel,High,M02,11,0.91,242.15,False,2017-06-09,C,2026-03-11
P-1173,Customer A,16ga Steel,Medium,M05,17,1.69,71.32,True,2022-04-28,B,2023-12-11
P-1174,Customer E,14ga Steel,Low,M04,29,1.43,236.97,False,2021-07-07,B,2025-06-14
P-1175,Customer E,14ga Steel,Low,M04,27,1.5,109.85,False,2017-04-11,A,2017-04-11
P-1176,Customer Y,Aluminum 5052,High,M06,28,1.67,141.5,True,2017-09-25,D,2024-05-01
P-1177,Customer F,12ga Steel,Low,M07,19,1.37,181.72,False,2020-01-07,A,2020-01-07
P-1178,Customer B,"1/4"" Plate",High,M06,18,1.22,44.61,True,2020-07-10,D,2025-09-11
P-1179,Customer A,Stainless 304,Low,M02,20,1.18,51.14,False,2019-09-14,C,2026-01-25
P-1180,Customer B,"1/4"" Plate",Low,M07,16,0.89,311.48,True,2017-07-19,D,2025-12-05
P-1181,Customer L,Stainless 304,High,M06,23,1.46,114.75,True,2018-01-19,D,2025-05-11
P-1182,Customer Q,Aluminum 5052,High,M01,20,1.21,235.58,True,2019-01-29,D,2025-09-26
P-1183,Customer C,12ga Steel,Medium,M01,20,1.57,240.28,False,2021-08-14,B,2024-08-29
P-1184,Customer E,"1/4"" Plate",Medium,M01,15,0.84,43.14,True,2022-04-20,D,2025-04-11
P-1185,Customer E,"1/4"" Plate",Medium,M01,15,1.69,123.19,True,2019-10-30,C,2025-02-07
P-1186,Customer D,Aluminum 5052,High,M06,19,1.53,285.86,True,2019-04-01,D,2026-03-22
P-1187,Customer Y,16ga Steel,Medium,M03,41,1.71,193.14,False,2017-06-25,B,2023-06-24
P-1188,Customer J,12ga Steel,Medium,M07,22,1.06,240.25,True,2019-02-21,B,2025-06-07
P-1189,Customer B,Stainless 304,Medium,M05,22,1.98,318.17,True,2018-11-15,B,2024-11-21
P-1190,Customer A,14ga Steel,Medium,M01,12,0.76,212.19,True,2021-05-16,A,2021-05-16
P-1191,Customer B,Stainless 304,Medium,M07,15,1.11,240.85,False,2016-10-22,D,2025-05-07
P-1192,Customer B,"3/8"" Plate",High,M06,20,1.76,145.43,True,2020-08-16,D,2025-05-22
P-1193,Customer K,Stainless 304,Medium,M07,22,1.73,285.37,True,2017-01-22,A,2017-01-22
P-1194,Customer F,14ga Steel,Low,M05,22,1.87,267.75,True,2018-04-08,A,2018-04-08
P-1195,Customer C,16ga Steel,Medium,M06,22,1.83,297.05,True,2021-01-05,D,2026-02-05
P-1196,Customer A,16ga Steel,Medium,M04,41,1.27,267.47,True,2019-06-29,B,2025-05-27
P-1197,Customer A,14ga Steel,Medium,M04,26,1.97,241.42,False,2017-07-11,D,2025-04-19
P-1198,Customer V,14ga Steel,High,M04,45,1.3,183.25,False,2022-01-08,D,2025-08-02
P-1199,Customer A,12ga Steel,Medium,M04,38,1.6,284.97,False,2018-08-04,D,2026-01-10
