work_order_id,part_number_raw,part_number_clean,part_revision,customer,quantity_ordered,machine_id,operator_id_raw,operator_id_clean,shift_code,lot_id_raw,lot_id_clean,order_date,due_date,rush_flag,scheduled_start,actual_start,actual_end,complexity,material_type,requires_welding,std_labor_hrs
WO-10007,P1272,P-1272,A,Customer C,20,M05,OP015,OP015,,LOT1015,LOT-1015,2023-01-02,2023-01-15,False,2023-01-02 01:09:00,2023-01-02 02:22:00,2023-01-02 05:06:00,Medium,12ga Steel,True,1.52
WO-10035,PART-1028,P-1028,A,Customer A,16,M03,OP010,OP010,Shift A,,LOT-1004,2023-01-02,2023-01-23,False,2023-01-02 01:18:00,2023-01-02 02:28:00,2023-01-02 04:11:00,Medium,16ga Steel,False,1.02
WO-10043,P-1037,P-1037,A,Customer B,18,M04,OP009,OP009,Shift A,LOT-1002,LOT-1002,2023-01-02,2023-01-17,False,2023-01-02 01:36:00,2023-01-02 02:55:00,2023-01-02 05:58:00,Medium,16ga Steel,True,1.84
WO-10004,P1018,P-1018,A,Customer C,12,M06,OP017,OP017,Shift A,LOT1023,LOT-1023,2023-01-02,2023-01-23,False,2023-01-02 03:09:00,2023-01-02 03:31:00,2023-01-02 04:49:00,Low,"3/8"" Plate",True,1.2
WO-10009,PART-1245,P-1245,A,Customer I,13,M06,OP017,OP017,Shift A,LOT-1023,LOT-1023,2023-01-02,2023-01-13,False,2023-01-02 03:45:00,2023-01-02 06:18:00,2023-01-02 08:24:00,Low,"3/8"" Plate",True,1.68
WO-10020,P-1214,P-1214,A,Customer Q,16,M07,OP019,OP019,Shift A,LOT1020,LOT-1020,2023-01-02,2023-01-19,False,2023-01-02 05:40:00,2023-01-02 06:02:00,2023-01-02 08:00:00,Low,"1/4"" Plate",False,1.45
WO-10029,P 1127,P-1127,A,Customer R,8,M01,OP001,OP001,Shift A,LOT-1002,LOT-1002,2023-01-02,2023-01-09,False,2023-01-02 04:47:00,2023-01-02 06:49:00,2023-01-02 07:32:00,Medium,16ga Steel,False,0.83
WO-10006,P-1049,P-1049,A,Customer L,20,M02,OP006,OP006,Shift A,LOT1013,LOT-1013,2023-01-02,2023-01-13,False,2023-01-02 05:45:00,2023-01-02 06:07:00,2023-01-02 08:42:00,Low,14ga Steel,True,1.66
WO-10001,PART-1091,P-1091,A,Customer C,10,M04,OP009,OP009,Shift A,LOT1031,LOT-1031,2023-01-02,2023-01-16,False,2023-01-02 04:54:00,2023-01-02 06:24:00,2023-01-02 08:06:00,High,Stainless 304,False,1.12
WO-10010,P-1196,P-1196,A,Customer A,15,M03,OP010,OP010,Shift A,LOT1002,LOT-1002,2023-01-02,2023-01-15,False,2023-01-02 05:16:00,2023-01-02 06:44:00,2023-01-02 08:36:00,Medium,16ga Steel,True,1.27
WO-10023,PART-1211,P-1211,A,Customer A,10,M06,OP017,OP017,Shift A,LOT-1023,LOT-1023,2023-01-02,2023-01-12,False,2023-01-02 07:41:00,2023-01-02 07:52:00,2023-01-02 09:38:00,High,"3/8"" Plate",True,1.5
WO-10019,P-1020,P-1020,A,Customer C,22,M07,OP006,OP006,Shift A,1020,LOT-1020,2023-01-02,2023-01-23,False,2023-01-02 07:46:00,2023-01-02 08:15:00,2023-01-02 10:02:00,Medium,"1/4"" Plate",False,0.87
WO-10012,P-1027,P-1027,A,Customer B,18,M05,OP015,OP015,Shift A,,LOT-1004,2023-01-02,2023-01-15,False,2023-01-02 07:14:00,2023-01-02 08:40:00,2023-01-02 10:50:00,Medium,16ga Steel,True,1.55
WO-10017,P-1001,P-1001,A,Customer W,13,M01,OP001,OP001,Shift A,LOT1002,LOT-1002,2023-01-02,2023-01-09,False,2023-01-02 07:28:00,2023-01-02 08:52:00,2023-01-02 10:05:00,High,16ga Steel,False,1.02
WO-10026,P-1293,P-1293,A,Customer A,25,M03,OP010,OP010,,LOT-1004,LOT-1004,2023-01-02,2023-01-09,False,2023-01-02 07:47:00,2023-01-02 08:56:00,2023-01-02 12:12:00,High,16ga Steel,True,1.59
WO-10038,P1000,P-1000,A,Customer D,21,M04,OP009,OP009,Shift A,,LOT-1028,2023-01-02,2023-01-16,False,2023-01-02 07:56:00,2023-01-02 09:14:00,2023-01-02 11:32:00,Medium,Aluminum 5052,True,1.25
WO-10013,P-1106,P-1106,A,Customer M,15,M07,OP018,OP018,Shift A,LOT1023,LOT-1023,2023-01-02,2023-01-15,False,2023-01-02 09:20:00,2023-01-02 10:10:00,2023-01-02 11:26:00,High,"3/8"" Plate",False,0.95
WO-10027,P-1139,P-1139,A,Customer T,19,M06,OP017,OP017,Shift A,LOT-1015,LOT-1015,2023-01-02,2023-01-13,False,2023-01-02 08:42:00,2023-01-02 10:28:00,2023-01-02 12:09:00,High,12ga Steel,True,1.11
WO-10025,P1027,P-1027,A,Customer B,8,M05,OP015,OP015,Shift A,LOT-1002,LOT-1002,2023-01-02,2023-01-03,True,2023-01-02 10:37:00,2023-01-02 12:09:00,2023-01-02 13:10:00,Medium,16ga Steel,True,1.55
WO-10021,P1191,P-1191,A,Customer B,19,M07,OP006,OP006,Shift A,LOT1033,LOT-1033,2023-01-02,2023-01-23,False,2023-01-02 11:13:00,2023-01-02 11:36:00,2023-01-02 13:18:00,Medium,Stainless 304,False,1.11
WO-10005,P1294,P-1294,A,Customer E,8,M02,OP004,OP004,,LOT-1028,LOT-1028,2023-01-02,2023-01-23,False,2023-01-02 10:30:00,2023-01-02 11:53:00,2023-01-02 12:39:00,Low,Aluminum 5052,False,0.99
WO-10016,P-1161,P-1161,A,Customer C,19,M01,Michael Thomas,OP001,Shift A,LOT-1016,LOT-1016,2023-01-02,2023-01-15,False,2023-01-02 11:48:00,2023-01-02 11:55:00,2023-01-02 13:54:00,Medium,12ga Steel,False,1.34
WO-10014,p-1293,P-1293,A,Customer A,14,M03,OP010,OP010,Shift A,,LOT-1004,2023-01-02,2023-01-22,False,2023-01-02 11:56:00,2023-01-02 12:18:00,2023-01-02 14:21:00,High,16ga Steel,True,1.59
WO-10011,P-1027,P-1027,A,Customer B,17,M05,OP015,OP015,Shift A,LOT-1002,LOT-1002,2023-01-02,2023-01-09,False,2023-01-02 12:03:00,2023-01-02 12:22:00,2023-01-02 14:34:00,Medium,16ga Steel,True,1.55
WO-10034,P-1123,P-1123,A,Customer A,9,M06,OP017,OP017,Shift A,LOT-1004,LOT-1004,2023-01-02,2023-01-22,False,2023-01-02 11:52:00,2023-01-02 13:14:00,2023-01-02 14:47:00,Low,16ga Steel,True,1.98
WO-10040,P1022,P-1022,A,Customer C,21,M04,OP009,OP009,Shift A,,LOT-1028,2023-01-02,2023-01-12,False,2023-01-02 12:41:00,2023-01-02 13:32:00,2023-01-02 15:01:00,Medium,Aluminum 5052,False,0.88
WO-10015,P1255,P-1255,A,Customer A,20,M02,OP003,OP003,Shift B,LOT1033,LOT-1033,2023-01-02,2023-01-16,False,2023-01-02 12:45:00,2023-01-02 14:02:00,2023-01-02 15:44:00,Low,Stainless 304,True,0.99
WO-10032,P1269,P-1269,A,Customer B,19,M07,OP016,OP016,Shift B,LOT-1004,LOT-1004,2023-01-02,2023-01-09,False,2023-01-02 13:39:00,2023-01-02 14:03:00,2023-01-02 16:03:00,Medium,16ga Steel,False,1.23
WO-10041,P-1295,P-1295,A,Customer A,21,M01,Nicole Hamilton,OP005,Shift B,LOT1015,LOT-1015,2023-01-02,2023-01-23,False,2023-01-02 13:59:00,2023-01-02 15:21:00,2023-01-02 17:35:00,High,12ga Steel,False,1.52
WO-10042,P-1230,P-1230,A,Customer E,16,M03,OP002,OP002,Shift B,LOT-1004,LOT-1004,2023-01-02,2023-01-10,False,2023-01-02 13:11:00,2023-01-02 15:40:00,2023-01-02 18:14:00,Low,16ga Steel,True,1.76
WO-10018,P-1211,P-1211,A,Customer A,17,M06,OP016,OP016,Shift B,LOT1023,LOT-1023,2023-01-02,2023-01-16,False,2023-01-02 14:06:00,2023-01-02 15:08:00,2023-01-02 17:32:00,High,"3/8"" Plate",True,1.5
WO-10039,P 1229,P-1229,A,Customer C,23,M05,OP014,OP014,Shift B,LOT1009,LOT-1009,2023-01-02,2023-01-12,False,2023-01-02 13:47:00,2023-01-02 14:46:00,2023-01-02 18:32:00,Medium,14ga Steel,True,1.93
WO-10008,P-1199,P-1199,A,Customer A,5,M04,OP007,OP007,Shift B,1015,LOT-1015,2023-01-02,2023-01-09,False,2023-01-02 14:51:00,2023-01-02 14:51:00,2023-01-02 15:54:00,Medium,12ga Steel,False,1.6
WO-10033,P1283,P-1283,A,Customer D,20,M07,OP016,OP016,Shift B,LOT1023,LOT-1023,2023-01-02,2023-01-12,False,2023-01-02 15:18:00,2023-01-02 17:30:00,2023-01-02 20:18:00,Medium,"3/8"" Plate",True,1.7
WO-10030,P1016,P-1016,A,Customer P,25,M02,OP003,OP003,Shift B,LOT-1004,LOT-1004,2023-01-02,2023-01-15,False,2023-01-02 15:52:00,2023-01-02 16:23:00,2023-01-02 18:33:00,Medium,16ga Steel,False,1.07
WO-10031,p-1213,P-1213,A,Customer K,9,M04,OP007,OP007,Shift B,LOT1015,LOT-1015,2023-01-02,2023-01-19,False,2023-01-02 17:05:00,2023-01-02 17:35:00,2023-01-02 19:07:00,High,12ga Steel,True,1.2
WO-10022,P-1293,P-1293,A,Customer A,19,M03,OP012,OP012,Shift B,,LOT-1004,2023-01-02,2023-01-22,False,2023-01-02 17:08:00,2023-01-02 18:05:00,2023-01-02 20:55:00,High,16ga Steel,True,1.59
WO-10024,P1229,P-1229,A,Customer C,12,M06,OP016,OP016,Shift B,LOT-1009,LOT-1009,2023-01-02,2023-01-23,False,2023-01-02 18:08:00,2023-01-02 19:16:00,2023-01-02 21:39:00,Medium,14ga Steel,True,1.93
WO-10028,P-1027,P-1027,A,Customer B,15,M05,OP014,OP014,Shift B,LOT-1004,LOT-1004,2023-01-02,2023-01-22,False,2023-01-02 18:43:00,2023-01-02 19:04:00,2023-01-02 21:10:00,Medium,16ga Steel,True,1.55
WO-10003,p-1266,P-1266,A,Customer B,16,M07,OP020,OP020,Shift B,,LOT-1009,2023-01-02,2023-01-15,False,2023-01-02 18:39:00,2023-01-02 19:08:00,2023-01-02 20:55:00,High,14ga Steel,False,1.43
WO-10036,P-1191,P-1191,A,Customer B,9,M07,OP020,OP020,Shift B,LOT-1031,LOT-1031,2023-01-02,2023-01-17,False,2023-01-02 20:46:00,2023-01-02 21:05:00,2023-01-02 21:57:00,Medium,Stainless 304,False,1.11
WO-10000,P-1105,P-1105,A,Customer R,5,M04,OP007,OP007,Shift B,LOT-1015,LOT-1015,2023-01-02,2023-01-17,False,2023-01-02 20:40:00,2023-01-02 21:19:00,2023-01-02 22:16:00,Medium,12ga Steel,True,0.76
WO-10037,PART-1171,P-1171,A,Customer M,12,M05,OP014,OP014,Shift B,,LOT-1028,2023-01-02,2023-01-22,False,2023-01-02 22:12:00,2023-01-02 22:28:00,2023-01-03 00:16:00,Medium,Aluminum 5052,True,1.88
WO-10002,P-1083,P-1083,A,Customer E,15,M04,OP007,OP007,Shift B,LOT-1015,LOT-1015,2023-01-02,2023-01-16,False,2023-01-02 22:46:00,2023-01-02 23:08:00,2023-01-03 01:21:00,High,12ga Steel,False,1.32
WO-10082,P-1187,P-1187,A,Customer Y,7,M03,OP010,OP010,Shift A,LOT-1002,LOT-1002,2023-01-03,2023-01-10,False,2023-01-03 05:29:00,2023-01-03 06:04:00,2023-01-03 07:37:00,Medium,16ga Steel,False,1.71
WO-10065,P-1081,P-1081,A,Customer E,24,M04,OP004,OP004,Shift A,LOT-1016,LOT-1016,2023-01-03,2023-01-24,False,2023-01-03 04:44:00,2023-01-03 06:04:00,2023-01-03 09:40:00,Low,12ga Steel,False,1.54
WO-10075,PART-1242,P-1242,A,Customer E,24,M05,OP017,OP017,Shift A,LOT-1016,LOT-1016,2023-01-03,2023-01-16,False,2023-01-03 05:16:00,2023-01-03 07:23:00,2023-01-03 09:41:00,Medium,12ga Steel,True,1.27
WO-10061,PART-1255,P-1255,A,Customer A,23,M01,Joseph Haynes,OP015,Shift A,LOT-1031,LOT-1031,2023-01-03,2023-01-17,False,2023-01-03 05:55:00,2023-01-03 06:04:00,2023-01-03 07:47:00,Low,Stainless 304,True,0.99
WO-10072,P-1097,P-1097,A,Customer E,11,M07,OP006,OP006,Shift A,,LOT-1020,2023-01-03,2023-01-13,False,2023-01-03 05:32:00,2023-01-03 06:07:00,2023-01-03 07:52:00,Medium,"1/4"" Plate",False,1.59
WO-10059,PART-1260,P-1260,A,Customer A,23,M02,Jaime Phelps,OP004,Shift A,LOT-1023,LOT-1023,2023-01-03,2023-01-24,False,2023-01-03 04:45:00,2023-01-03 06:07:00,2023-01-03 08:51:00,Low,"3/8"" Plate",False,1.49
WO-10070,P-1186,P-1186,A,Customer D,13,M06,OP015,OP015,Shift A,LOT-1028,LOT-1028,2023-01-03,2023-01-21,False,2023-01-03 05:03:00,2023-01-03 06:07:00,2023-01-03 07:46:00,High,Aluminum 5052,True,1.53
WO-10044,P-1289,P-1289,A,Customer H,25,M06,OP015,OP015,,LOT-1023,LOT-1023,2023-01-03,2023-01-10,False,2023-01-03 06:47:00,2023-01-03 07:48:00,2023-01-03 11:11:00,Medium,"3/8"" Plate",True,1.8
WO-10049,P-1020,P-1020,A,Customer C,5,M07,OP019,OP019,Shift A,1020,LOT-1020,2023-01-03,2023-01-04,True,2023-01-03 08:18:00,2023-01-03 08:18:00,2023-01-03 08:52:00,Medium,"1/4"" Plate",False,0.87
WO-10046,P-1255,P-1255,A,Customer A,9,M01,OP001,OP001,Shift A,L-1033,LOT-1033,2023-01-03,2023-01-24,False,2023-01-03 08:09:00,2023-01-03 08:45:00,2023-01-03 09:35:00,Low,Stainless 304,True,0.99
WO-10078,P-1112,P-1112,A,Customer B,19,M05,OP017,OP017,Shift A,LOT1031,LOT-1031,2023-01-03,2023-01-07,True,2023-01-03 08:06:00,2023-01-03 10:23:00,2023-01-03 12:16:00,High,Stainless 304,True,1.28
WO-10063,PART-1255,P-1255,A,Customer A,18,M02,OP004,OP004,Shift A,LOT1033,LOT-1033,2023-01-03,2023-01-17,False,2023-01-03 08:54:00,2023-01-03 09:18:00,2023-01-03 10:37:00,Low,Stainless 304,True,0.99
WO-10047,P-1025,P-1025,A,Customer A,7,M03,OP010,OP010,,1002,LOT-1002,2023-01-03,2023-01-16,False,2023-01-03 09:40:00,2023-01-03 09:46:00,2023-01-03 10:36:00,Low,16ga Steel,True,0.92
WO-10086,P-1222,P-1222,A,Customer C,14,M03,OP008,OP008,Shift A,1028,LOT-1028,2023-01-03,2023-01-17,False,2023-01-03 09:46:00,2023-01-03 12:09:00,2023-01-03 13:49:00,Low,Aluminum 5052,True,1.08
WO-10066,P-1010,P-1010,A,Customer B,8,M02,OP006,OP006,Shift A,LOT-1004,LOT-1004,2023-01-03,2023-01-11,False,2023-01-03 09:59:00,2023-01-03 11:10:00,2023-01-03 11:52:00,Medium,16ga Steel,False,1.0
WO-10073,PART-1255,P-1255,A,Customer A,13,M01,OP015,OP015,Shift A,1033,LOT-1033,2023-01-03,2023-01-11,False,2023-01-03 10:25:00,2023-01-03 11:16:00,2023-01-03 12:22:00,Low,Stainless 304,True,0.99
WO-10081,P1083,P-1083,A,Customer E,11,M04,OP008,OP008,Shift A,LOT-1015,LOT-1015,2023-01-03,2023-01-20,False,2023-01-03 10:09:00,2023-01-03 11:21:00,2023-01-03 13:10:00,High,12ga Steel,False,1.32
WO-10071,P-1018,P-1018,A,Customer C,24,M06,OP017,OP017,Shift A,1025,LOT-1025,2023-01-03,2023-01-11,False,2023-01-03 10:07:00,2023-01-03 11:29:00,2023-01-03 13:56:00,Low,"3/8"" Plate",True,1.2
WO-10083,P-1018,P-1018,A,Customer C,5,M05,OP017,OP017,Shift A,LOT-1023,LOT-1023,2023-01-03,2023-01-07,True,2023-01-03 11:44:00,2023-01-03 11:59:00,2023-01-03 12:40:00,Low,"3/8"" Plate",True,1.2
WO-10056,P-1018,P-1018,A,Customer C,14,M05,OP015,OP015,Shift A,L-1023,LOT-1023,2023-01-03,2023-01-16,False,2023-01-03 11:50:00,2023-01-03 12:44:00,2023-01-03 14:02:00,Low,"3/8"" Plate",True,1.2
WO-10068,P-1057,P-1057,A,Customer E,10,M01,OP006,OP006,Shift A,LOT1020,LOT-1020,2023-01-03,2023-01-16,False,2023-01-03 12:08:00,2023-01-03 12:46:00,2023-01-03 13:54:00,Low,"1/4"" Plate",False,1.39
WO-10051,P-1149,P-1149,A,Customer K,5,M07,Ashley Simpson,OP019,Shift A,LOT-1020,LOT-1020,2023-01-03,2023-01-16,False,2023-01-03 11:44:00,2023-01-03 13:18:00,2023-01-03 14:01:00,Low,"1/4"" Plate",False,1.28
WO-10062,P1075,P-1075,A,Customer H,18,M04,OP013,OP013,Shift B,LOT-1004,LOT-1004,2023-01-03,2023-01-18,False,2023-01-03 12:31:00,2023-01-03 14:00:00,2023-01-03 16:38:00,Medium,16ga Steel,False,1.73
WO-10048,P1169,P-1169,A,Customer A,16,M01,OP002,OP002,Shift B,LOT1013,LOT-1013,2023-01-03,2023-01-10,False,2023-01-03 13:52:00,2023-01-03 14:58:00,2023-01-03 16:24:00,Medium,14ga Steel,False,1.11
WO-10045,P1256,P-1256,A,Customer A,17,M07,OP020,OP020,Shift B,LOT-1020,LOT-1020,2023-01-03,2023-01-11,False,2023-01-03 13:19:00,2023-01-03 14:05:00,2023-01-03 15:45:00,High,"1/4"" Plate",False,1.22
WO-10085,P-1018,P-1018,A,Customer C,5,M06,OP014,OP014,Shift B,,LOT-1023,2023-01-03,2023-01-13,False,2023-01-03 12:54:00,2023-01-03 14:22:00,2023-01-03 15:08:00,Low,"3/8"" Plate",True,1.2
WO-10057,P1267,P-1267,A,Customer D,20,M03,OP007,OP007,Shift B,LOT-1015,LOT-1015,2023-01-03,2023-01-18,False,2023-01-03 13:33:00,2023-01-03 14:28:00,2023-01-03 17:44:00,High,12ga Steel,False,1.98
WO-10050,P-1183,P-1183,A,Customer C,20,M02,OP003,OP003,Shift B,LOT-1015,LOT-1015,2023-01-03,2023-01-21,False,2023-01-03 14:08:00,2023-01-03 14:13:00,2023-01-03 16:50:00,Medium,12ga Steel,False,1.57
WO-10067,P-1115,P-1115,A,Customer J,10,M05,OP016,OP016,Shift B,1033,LOT-1033,2023-01-03,2023-01-21,False,2023-01-03 12:46:00,2023-01-03 14:14:00,2023-01-03 15:33:00,Medium,Stainless 304,True,1.4
WO-10053,p-1059,P-1059,A,Customer E,10,M06,OP014,OP014,Shift B,,LOT-1009,2023-01-03,2023-01-13,False,2023-01-03 14:56:00,2023-01-03 15:06:00,2023-01-03 17:03:00,High,14ga Steel,True,1.76
WO-10077,P-1010,P-1010,A,Customer B,17,M01,OP002,OP002,Shift B,LOT1004,LOT-1004,2023-01-03,2023-01-21,False,2023-01-03 14:43:00,2023-01-03 15:51:00,2023-01-03 17:05:00,Medium,16ga Steel,False,1.0
WO-10074,PART-1067,P-1067,A,Customer A,20,M05,OP016,OP016,,LOT-1033,LOT-1033,2023-01-03,2023-01-13,False,2023-01-03 14:47:00,2023-01-03 16:09:00,2023-01-03 18:24:00,Medium,Stainless 304,True,1.51
WO-10060,PART-1040,P-1040,A,Customer A,17,M07,OP020,OP020,Shift B,LOT-1016,LOT-1016,2023-01-03,2023-01-17,False,2023-01-03 15:20:00,2023-01-03 16:39:00,2023-01-03 18:27:00,Medium,12ga Steel,False,1.45
WO-10064,P-1057,P-1057,A,Customer E,11,M02,OP003,OP003,Shift B,L-1020,LOT-1020,2023-01-03,2023-01-14,False,2023-01-03 15:43:00,2023-01-03 17:00:00,2023-01-03 18:15:00,Low,"1/4"" Plate",False,1.39
WO-10076,P1083,P-1083,A,Customer E,24,M04,OP012,OP012,Shift B,LOT1016,LOT-1016,2023-01-03,2023-01-17,False,2023-01-03 16:11:00,2023-01-03 17:30:00,2023-01-03 20:26:00,High,12ga Steel,False,1.32
WO-10052,P-1242,P-1242,A,Customer E,21,M06,OP014,OP014,Shift B,LOT-1016,LOT-1016,2023-01-03,2023-01-16,False,2023-01-03 16:17:00,2023-01-03 17:40:00,2023-01-03 19:50:00,Medium,12ga Steel,True,1.27
WO-10079,P1081,P-1081,A,Customer E,10,M03,Brendan Hunt,OP007,Shift B,LOT-1015,LOT-1015,2023-01-03,2023-01-17,False,2023-01-03 18:06:00,2023-01-03 18:34:00,2023-01-03 20:05:00,Low,12ga Steel,False,1.54
WO-10080,p-1008,P-1008,A,Customer A,15,M02,OP003,OP003,Shift B,LOT1020,LOT-1020,2023-01-03,2023-01-21,False,2023-01-03 17:55:00,2023-01-03 18:46:00,2023-01-03 20:16:00,Low,"1/4"" Plate",False,1.23
WO-10069,P1171,P-1171,A,Customer M,18,M05,Ryan Norman,OP016,,LOT-1028,LOT-1028,2023-01-03,2023-01-21,False,2023-01-03 17:33:00,2023-01-03 18:44:00,2023-01-03 21:26:00,Medium,Aluminum 5052,True,1.88
WO-10054,PART-1034,P-1034,A,Customer D,24,M01,OP002,OP002,Shift B,LOT-1004,LOT-1004,2023-01-03,2023-01-14,False,2023-01-03 17:38:00,2023-01-03 19:14:00,2023-01-03 20:55:00,Low,16ga Steel,False,0.8
WO-10055,P-1255,P-1255,A,Customer A,10,M02,OP003,OP003,,LOT1033,LOT-1033,2023-01-03,2023-01-10,False,2023-01-03 19:45:00,2023-01-03 19:56:00,2023-01-03 20:45:00,Low,Stainless 304,True,0.99
WO-10058,P-1027,P-1027,A,Customer B,9,M06,OP020,OP020,Shift B,LOT-1004,LOT-1004,2023-01-03,2023-01-14,False,2023-01-03 18:53:00,2023-01-03 20:09:00,2023-01-03 21:28:00,Medium,16ga Steel,True,1.55
WO-10084,P-1008,P-1008,A,Customer A,7,M02,OP003,OP003,Shift B,LOT-1020,LOT-1020,2023-01-03,2023-01-07,True,2023-01-03 19:48:00,2023-01-03 20:49:00,2023-01-03 21:40:00,Low,"1/4"" Plate",False,1.23
WO-10114,PART-1267,P-1267,A,Customer D,7,M03,OP008,OP008,Shift A,L-1015,LOT-1015,2023-01-04,2023-01-18,False,2023-01-04 05:59:00,2023-01-04 06:22:00,2023-01-04 07:40:00,High,12ga Steel,False,1.98
WO-10096,P-1002,P-1002,A,Customer U,8,M06,OP017,OP017,Shift A,LOT-1026,LOT-1026,2023-01-04,2023-01-18,False,2023-01-04 05:25:00,2023-01-04 07:29:00,2023-01-04 08:35:00,Medium,Aluminum 5052,True,1.34
WO-10116,P1196,P-1196,A,Customer A,19,M04,OP009,OP009,Shift A,LOT-1004,LOT-1004,2023-01-04,2023-01-24,False,2023-01-04 05:11:00,2023-01-04 06:04:00,2023-01-04 08:34:00,Medium,16ga Steel,True,1.27
WO-10100,P1093,P-1093,A,Customer C,16,M07,OP019,OP019,Shift A,LOT1016,LOT-1016,2023-01-04,2023-01-15,False,2023-01-04 05:03:00,2023-01-04 06:04:00,2023-01-04 07:57:00,Medium,12ga Steel,False,1.65
WO-10112,P-1260,P-1260,A,Customer A,7,M01,OP015,OP015,Shift A,LOT1025,LOT-1025,2023-01-04,2023-01-19,False,2023-01-04 04:47:00,2023-01-04 06:06:00,2023-01-04 06:59:00,Low,"3/8"" Plate",False,1.49
WO-10123,P-1139,P-1139,A,Customer T,14,M05,OP017,OP017,,LOT-1015,LOT-1015,2023-01-04,2023-01-05,True,2023-01-04 04:53:00,2023-01-04 06:07:00,2023-01-04 07:20:00,High,12ga Steel,True,1.11
WO-10101,P-1012,P-1012,A,Customer A,15,M02,OP001,OP001,Shift A,LOT-1028,LOT-1028,2023-01-04,2023-01-21,False,2023-01-04 04:53:00,2023-01-04 06:08:00,2023-01-04 07:21:00,High,Aluminum 5052,True,0.87
WO-10105,P-1027,P-1027,A,Customer B,14,M06,OP015,OP015,Shift A,LOT-1004,LOT-1004,2023-01-04,2023-01-22,False,2023-01-04 06:50:00,2023-01-04 07:14:00,2023-01-04 09:09:00,Medium,16ga Steel,True,1.55
WO-10087,p-1229,P-1229,A,Customer C,21,M05,OP017,OP017,Shift A,LOT1013,LOT-1013,2023-01-03,2023-01-21,False,2023-01-04 06:09:00,2023-01-04 07:26:00,2023-01-04 10:29:00,Medium,14ga Steel,True,1.93
WO-10113,P-1239,P-1239,A,Customer C,11,M03,OP010,OP010,Shift A,1016,LOT-1016,2023-01-04,2023-01-15,False,2023-01-04 06:33:00,2023-01-04 07:40:00,2023-01-04 08:46:00,Low,12ga Steel,False,0.94
WO-10107,P-1083,P-1083,A,Customer E,19,M03,OP008,OP008,Shift A,LOT-1016,LOT-1016,2023-01-04,2023-01-24,False,2023-01-04 08:12:00,2023-01-04 09:41:00,2023-01-04 12:36:00,High,12ga Steel,False,1.32
WO-10120,P-1296,P-1296,A,Customer B,10,M04,OP010,OP010,Shift A,LOT-1013,LOT-1013,2023-01-04,2023-01-12,False,2023-01-04 07:38:00,2023-01-04 10:21:00,2023-01-04 11:21:00,Low,14ga Steel,False,0.93
WO-10095,P-1263,P-1263,A,Customer D,9,M02,OP015,OP015,Shift A,LOT-1004,LOT-1004,2023-01-04,2023-01-19,False,2023-01-04 08:01:00,2023-01-04 10:17:00,2023-01-04 11:09:00,Low,16ga Steel,True,0.96
WO-10093,P-1148,P-1148,A,Customer B,15,M01,OP001,OP001,Shift A,LOT-1026,LOT-1026,2023-01-04,2023-01-22,False,2023-01-04 09:48:00,2023-01-04 10:34:00,2023-01-04 11:55:00,Low,Aluminum 5052,False,1.12
WO-10119,P1038,P-1038,A,Customer D,9,M04,OP010,OP010,Shift A,,LOT-1009,2023-01-04,2023-01-15,False,2023-01-04 09:44:00,2023-01-04 10:36:00,2023-01-04 12:27:00,Medium,14ga Steel,False,1.82
WO-10103,P1018,P-1018,A,Customer C,11,M06,OP019,OP019,Shift A,LOT-1023,LOT-1023,2023-01-04,2023-01-18,False,2023-01-04 10:19:00,2023-01-04 10:36:00,2023-01-04 11:42:00,Low,"3/8"" Plate",True,1.2
WO-10115,PART-1181,P-1181,A,Customer L,8,M05,OP017,OP017,Shift A,LOT-1033,LOT-1033,2023-01-04,2023-01-12,False,2023-01-04 10:16:00,2023-01-04 11:25:00,2023-01-04 12:40:00,High,Stainless 304,True,1.46
WO-10108,P-1089,P-1089,A,Customer A,5,M07,OP019,OP019,Shift A,L-1022,LOT-1022,2023-01-04,2023-01-19,False,2023-01-04 10:31:00,2023-01-04 11:43:00,2023-01-04 12:23:00,High,"1/4"" Plate",False,1.23
WO-10088,P-1112,P-1112,A,Customer B,17,M06,OP019,OP019,Shift A,LOT1033,LOT-1033,2023-01-04,2023-01-25,False,2023-01-04 10:16:00,2023-01-04 11:46:00,2023-01-04 13:34:00,High,Stainless 304,True,1.28
WO-10104,P-1294,P-1294,A,Customer E,14,M02,OP004,OP004,Shift A,LOT-1028,LOT-1028,2023-01-04,2023-01-21,False,2023-01-04 10:45:00,2023-01-04 13:29:00,2023-01-04 14:44:00,Low,Aluminum 5052,False,0.99
WO-10125,p-1000,P-1000,A,Customer D,14,M04,OP011,OP011,Shift B,,LOT-1026,2023-01-04,2023-01-15,False,2023-01-04 13:49:00,2023-01-04 14:53:00,2023-01-04 16:49:00,Medium,Aluminum 5052,True,1.25
WO-10109,p-1097,P-1097,A,Customer E,11,M07,OP020,OP020,Shift B,LOT1020,LOT-1020,2023-01-04,2023-01-18,False,2023-01-04 13:38:00,2023-01-04 14:01:00,2023-01-04 15:33:00,Medium,"1/4"" Plate",False,1.59
WO-10118,p-1067,P-1067,A,Customer A,14,M05,OP014,OP014,Shift B,LOT-1031,LOT-1031,2023-01-04,2023-01-24,False,2023-01-04 13:39:00,2023-01-04 14:04:00,2023-01-04 15:44:00,Medium,Stainless 304,True,1.51
WO-10121,P-1054,P-1054,A,Customer E,11,M02,OP002,OP002,Shift B,LOT-1004,LOT-1004,2023-01-04,2023-01-25,False,2023-01-04 13:41:00,2023-01-04 14:06:00,2023-01-04 15:16:00,High,16ga Steel,False,1.29
WO-10094,P-1018,P-1018,A,Customer C,19,M06,OP003,OP003,Shift B,LOT1023,LOT-1023,2023-01-04,2023-01-05,True,2023-01-04 13:43:00,2023-01-04 14:08:00,2023-01-04 15:47:00,Low,"3/8"" Plate",True,1.2
WO-10098,PART-1264,P-1264,A,Customer U,11,M03,OP007,OP007,Shift B,LOT-1002,LOT-1002,2023-01-04,2023-01-21,False,2023-01-04 13:53:00,2023-01-04 14:54:00,2023-01-04 16:09:00,Low,16ga Steel,True,1.02
WO-10099,P-1255,P-1255,A,Customer A,20,M01,OP002,OP002,Shift B,LOT-1033,LOT-1033,2023-01-04,2023-01-12,False,2023-01-04 12:48:00,2023-01-04 15:36:00,2023-01-04 17:03:00,Low,Stainless 304,True,0.99
WO-10110,PART-1074,P-1074,A,Customer A,7,M06,OP014,OP014,Shift B,LOT1033,LOT-1033,2023-01-04,2023-01-17,False,2023-01-04 15:42:00,2023-01-04 16:04:00,2023-01-04 17:24:00,Low,Stainless 304,True,1.97
WO-10117,PART-1061,P-1061,A,Customer S,6,M04,OP011,OP011,Shift B,LOT-1028,LOT-1028,2023-01-04,2023-01-21,False,2023-01-04 16:13:00,2023-01-04 16:17:00,2023-01-04 17:18:00,High,Aluminum 5052,True,0.79
WO-10089,P1117,P-1117,A,Customer D,16,M03,OP007,OP007,Shift B,LOT-1013,LOT-1013,2023-01-04,2023-01-08,True,2023-01-04 15:04:00,2023-01-04 16:22:00,2023-01-04 18:14:00,Medium,14ga Steel,False,1.47
WO-10090,P-1211,P-1211,A,Customer A,22,M05,OP012,OP012,Shift B,,LOT-1023,2023-01-04,2023-01-15,False,2023-01-04 15:59:00,2023-01-04 16:25:00,2023-01-04 18:48:00,High,"3/8"" Plate",True,1.5
WO-10124,P-1190,P-1190,A,Customer A,20,M01,OP002,OP002,Shift B,LOT-1009,LOT-1009,2023-01-04,2023-01-15,False,2023-01-04 16:15:00,2023-01-04 16:52:00,2023-01-04 18:03:00,Medium,14ga Steel,True,0.76
WO-10102,P-1274,P-1274,A,Customer D,24,M02,OP005,OP005,Shift B,LOT1033,LOT-1033,2023-01-04,2023-01-12,False,2023-01-04 16:55:00,2023-01-04 17:32:00,2023-01-04 19:06:00,Medium,Stainless 304,True,0.81
WO-10126,P1222,P-1222,A,Customer C,7,M04,OP011,OP011,Shift B,LOT-1028,LOT-1028,2023-01-04,2023-01-05,True,2023-01-04 17:31:00,2023-01-04 17:56:00,2023-01-04 18:49:00,Low,Aluminum 5052,True,1.08
WO-10111,P-1045,P-1045,A,Customer C,25,M06,OP014,OP014,Shift B,LOT-1009,LOT-1009,2023-01-04,2023-01-22,False,2023-01-04 18:08:00,2023-01-04 19:07:00,2023-01-04 22:39:00,High,14ga Steel,True,1.76
WO-10091,P-1023,P-1023,A,Customer B,25,M03,OP011,OP011,Shift B,LOT-1002,LOT-1002,2023-01-04,2023-01-12,False,2023-01-04 17:53:00,2023-01-04 18:56:00,2023-01-04 21:44:00,Low,16ga Steel,True,1.43
WO-10106,P1027,P-1027,A,Customer B,20,M05,OP016,OP016,Shift B,LOT-1004,LOT-1004,2023-01-04,2023-01-19,False,2023-01-04 17:48:00,2023-01-04 18:58:00,2023-01-04 21:16:00,Medium,16ga Steel,True,1.55
WO-10097,p-1055,P-1055,A,Customer A,21,M04,OP007,OP007,Shift B,LOT1013,LOT-1013,2023-01-04,2023-01-11,False,2023-01-04 18:00:00,2023-01-04 19:08:00,2023-01-04 21:47:00,High,14ga Steel,True,1.45
WO-10122,P1078,P-1078,A,Customer J,5,M02,OP005,OP005,Shift B,L-1009,LOT-1009,2023-01-04,2023-01-12,False,2023-01-04 20:01:00,2023-01-04 20:21:00,2023-01-04 20:58:00,Medium,14ga Steel,False,0.9
WO-10092,P-1109,P-1109,A,Customer D,10,M07,OP007,OP007,Shift B,LOT-1033,LOT-1033,2023-01-04,2023-01-24,False,2023-01-04 19:14:00,2023-01-04 21:06:00,2023-01-04 22:27:00,Low,Stainless 304,False,1.52
WO-10140,P-1180,P-1180,A,Customer B,25,M07,OP006,OP006,Shift A,LOT-1020,LOT-1020,2023-01-05,2023-01-23,False,2023-01-05 05:16:00,2023-01-05 06:59:00,2023-01-05 08:36:00,Low,"1/4"" Plate",True,0.89
WO-10127,PART-1067,P-1067,A,Customer A,7,M06,OP017,OP017,Shift A,,LOT-1033,2023-01-05,2023-01-19,False,2023-01-05 05:10:00,2023-01-05 06:00:00,2023-01-05 07:01:00,Medium,Stainless 304,True,1.51
WO-10164,P-1096,P-1096,B,Customer D,24,M05,OP015,OP015,Shift A,1015,LOT-1015,2023-01-05,2023-01-19,False,2023-01-05 05:03:00,2023-01-05 06:01:00,2023-01-05 08:46:00,Low,12ga Steel,True,1.36
WO-10136,P-1129,P-1129,A,Customer B,18,M02,OP004,OP004,Shift A,LOT-1023,LOT-1023,2023-01-05,2023-01-15,False,2023-01-05 05:45:00,2023-01-05 06:26:00,2023-01-05 07:53:00,Low,"3/8"" Plate",False,0.94
WO-10153,p-1058,P-1058,A,Customer B,17,M04,OP009,OP009,,,LOT-1009,2023-01-05,2023-01-13,False,2023-01-05 05:30:00,2023-01-05 06:13:00,2023-01-05 08:12:00,Medium,14ga Steel,False,1.13
WO-10134,P-1043,P-1043,A,Customer A,23,M03,OP001,OP001,Shift A,LOT-1004,LOT-1004,2023-01-05,2023-01-22,False,2023-01-05 05:55:00,2023-01-05 06:05:00,2023-01-05 09:22:00,Low,16ga Steel,False,1.65
WO-10150,PART-1190,P-1190,A,Customer A,17,M01,OP015,OP015,,,LOT-1013,2023-01-05,2023-01-09,True,2023-01-05 04:47:00,2023-01-05 07:31:00,2023-01-05 08:37:00,Medium,14ga Steel,True,0.76
WO-10155,P-1045,P-1045,A,Customer C,16,M06,OP019,OP019,Shift A,LOT-1009,LOT-1009,2023-01-05,2023-01-18,False,2023-01-05 06:56:00,2023-01-05 07:08:00,2023-01-05 09:27:00,High,14ga Steel,True,1.76
WO-10171,P-1260,P-1260,A,Customer A,25,M02,OP001,OP001,Shift A,LOT-1025,LOT-1025,2023-01-05,2023-01-06,True,2023-01-05 06:37:00,2023-01-05 07:53:00,2023-01-05 10:24:00,Low,"3/8"" Plate",False,1.49
WO-10163,P-1117,P-1117,A,Customer D,17,M04,OP004,OP004,Shift A,LOT-1013,LOT-1013,2023-01-05,2023-01-19,False,2023-01-05 07:32:00,2023-01-05 09:22:00,2023-01-05 11:47:00,Medium,14ga Steel,False,1.47
WO-10159,P-1210,P-1210,A,Customer A,25,M07,OP018,OP018,Shift A,LOT1002,LOT-1002,2023-01-05,2023-01-26,False,2023-01-05 08:22:00,2023-01-05 10:02:00,2023-01-05 11:37:00,Low,16ga Steel,True,0.87
WO-10147,P-1023,P-1023,A,Customer B,25,M03,OP008,OP008,Shift A,LOT-1004,LOT-1004,2023-01-05,2023-01-23,False,2023-01-05 08:28:00,2023-01-05 09:30:00,2023-01-05 12:29:00,Low,16ga Steel,True,1.43
WO-10128,PART-1008,P-1008,A,Customer A,25,M01,OP001,OP001,Shift A,LOT-1020,LOT-1020,2023-01-05,2023-01-18,False,2023-01-05 09:21:00,2023-01-05 09:32:00,2023-01-05 11:52:00,Low,"1/4"" Plate",False,1.23
WO-10168,P-1067,P-1067,A,Customer A,19,M06,OP017,OP017,Shift A,LOT1031,LOT-1031,2023-01-05,2023-01-23,False,2023-01-05 08:57:00,2023-01-05 10:09:00,2023-01-05 12:21:00,Medium,Stainless 304,True,1.51
WO-10131,P-1229,P-1229,A,Customer C,22,M05,OP015,OP015,Shift A,LOT-1013,LOT-1013,2023-01-05,2023-01-06,True,2023-01-05 08:26:00,2023-01-05 10:24:00,2023-01-05 13:17:00,Medium,14ga Steel,True,1.93
WO-10169,P-1055,P-1055,A,Customer A,5,M04,OP009,OP009,Shift A,LOT-1013,LOT-1013,2023-01-05,2023-01-13,False,2023-01-05 09:42:00,2023-01-05 10:41:00,2023-01-05 11:32:00,High,14ga Steel,True,1.45
WO-10133,PART-1117,P-1117,A,Customer D,18,M04,OP009,OP009,Shift A,LOT-1013,LOT-1013,2023-01-05,2023-01-15,False,2023-01-05 11:35:00,2023-01-05 12:00:00,2023-01-05 14:23:00,Medium,14ga Steel,False,1.47
WO-10139,P 1018,P-1018,A,Customer C,22,M06,OP010,OP010,Shift A,1023,LOT-1023,2023-01-05,2023-01-12,False,2023-01-05 10:37:00,2023-01-05 11:54:00,2023-01-05 14:06:00,Low,"3/8"" Plate",True,1.2
WO-10154,P-1043,P-1043,A,Customer A,6,M03,OP008,OP008,Shift A,LOT1004,LOT-1004,2023-01-05,2023-01-13,False,2023-01-05 12:03:00,2023-01-05 12:31:00,2023-01-05 13:39:00,Low,16ga Steel,False,1.65
WO-10172,P-1056,P-1056,A,Customer A,5,M05,OP015,OP015,Shift A,LOT1002,LOT-1002,2023-01-05,2023-01-22,False,2023-01-05 12:13:00,2023-01-05 12:57:00,2023-01-05 13:34:00,Medium,16ga Steel,True,1.12
WO-10161,P-1123,P-1123,A,Customer A,13,M05,OP020,OP020,Shift B,LOT-1002,LOT-1002,2023-01-05,2023-01-09,True,2023-01-05 13:58:00,2023-01-05 14:01:00,2023-01-05 16:03:00,Low,16ga Steel,True,1.98
WO-10145,P-1093,P-1093,A,Customer C,14,M07,OP020,OP020,Shift B,LOT-1015,LOT-1015,2023-01-05,2023-01-13,False,2023-01-05 12:52:00,2023-01-05 14:01:00,2023-01-05 16:09:00,Medium,12ga Steel,False,1.65
WO-10138,P-1244,P-1244,A,Customer B,12,M03,Stephen Boyd,OP011,Shift B,1002,LOT-1002,2023-01-05,2023-01-12,False,2023-01-05 12:42:00,2023-01-05 14:04:00,2023-01-05 15:28:00,High,16ga Steel,False,0.81
WO-10166,P1135,P-1135,A,Customer C,18,M02,OP002,OP002,Shift B,,LOT-1026,2023-01-05,2023-01-26,False,2023-01-05 13:00:00,2023-01-05 14:06:00,2023-01-05 15:31:00,High,Aluminum 5052,False,0.91
WO-10141,PART-1034,P-1034,A,Customer D,5,M01,OP003,OP003,Shift B,L-1004,LOT-1004,2023-01-05,2023-01-19,False,2023-01-05 13:32:00,2023-01-05 14:53:00,2023-01-05 15:19:00,Low,16ga Steel,False,0.8
WO-10135,P-1027,P-1027,A,Customer B,17,M06,OP011,OP011,Shift B,1002,LOT-1002,2023-01-05,2023-01-16,False,2023-01-05 12:43:00,2023-01-05 14:40:00,2023-01-05 16:55:00,Medium,16ga Steel,True,1.55
WO-10129,P-1277,P-1277,A,Customer M,20,M04,OP014,OP014,Shift B,LOT-1033,LOT-1033,2023-01-05,2023-01-19,False,2023-01-05 13:59:00,2023-01-05 14:55:00,2023-01-05 17:30:00,High,Stainless 304,False,1.42
WO-10156,P-1122,P-1122,A,Customer C,15,M03,OP012,OP012,,LOT-1013,LOT-1013,2023-01-05,2023-01-12,False,2023-01-05 14:59:00,2023-01-05 17:00:00,2023-01-05 18:11:00,Low,14ga Steel,False,0.82
WO-10157,P-1087,P-1087,A,Customer T,8,M06,OP003,OP003,Shift B,LOT-1016,LOT-1016,2023-01-05,2023-01-18,False,2023-01-05 16:12:00,2023-01-05 16:32:00,2023-01-05 17:50:00,Medium,12ga Steel,True,1.82
WO-10152,P-1045,P-1045,A,Customer C,17,M05,OP013,OP013,,LOT-1009,LOT-1009,2023-01-05,2023-01-12,False,2023-01-05 16:24:00,2023-01-05 16:38:00,2023-01-05 19:08:00,High,14ga Steel,True,1.76
WO-10137,P 1054,P-1054,A,Customer E,9,M01,OP005,OP005,Shift B,LOT1002,LOT-1002,2023-01-05,2023-01-26,False,2023-01-05 16:41:00,2023-01-05 16:47:00,2023-01-05 17:50:00,High,16ga Steel,False,1.29
WO-10158,P1089,P-1089,A,Customer A,18,M07,OP020,OP020,Shift B,L-1020,LOT-1020,2023-01-05,2023-01-16,False,2023-01-05 16:24:00,2023-01-05 16:58:00,2023-01-05 19:01:00,High,"1/4"" Plate",False,1.23
WO-10148,P-1222,P-1222,A,Customer C,20,M04,OP007,OP007,Shift B,1028,LOT-1028,2023-01-05,2023-01-12,False,2023-01-05 16:12:00,2023-01-05 17:02:00,2023-01-05 18:42:00,Low,Aluminum 5052,True,1.08
WO-10165,PART-1236,P-1236,A,Customer D,10,M03,OP011,OP011,Shift B,LOT-1009,LOT-1009,2023-01-05,2023-01-15,False,2023-01-05 16:59:00,2023-01-05 17:12:00,2023-01-05 18:42:00,Low,14ga Steel,False,1.39
WO-10142,P-1195,P-1195,A,Customer C,5,M06,OP016,OP016,Shift B,LOT1002,LOT-1002,2023-01-05,2023-01-25,False,2023-01-05 17:09:00,2023-01-05 17:51:00,2023-01-05 18:59:00,Medium,16ga Steel,True,1.83
WO-10132,P-1298,P-1298,A,Customer D,11,M04,OP007,OP007,Shift B,LOT-1026,LOT-1026,2023-01-05,2023-01-16,False,2023-01-05 18:01:00,2023-01-05 18:45:00,2023-01-05 20:46:00,Medium,Aluminum 5052,False,1.77
WO-10144,P-1016,P-1016,A,Customer P,20,M01,OP005,OP005,Shift B,LOT-1002,LOT-1002,2023-01-05,2023-01-25,False,2023-01-05 18:42:00,2023-01-05 18:56:00,2023-01-05 20:30:00,Medium,16ga Steel,False,1.07
WO-10160,PART-1067,P-1067,A,Customer A,15,M06,OP014,OP014,Shift B,1033,LOT-1033,2023-01-05,2023-01-25,False,2023-01-05 17:51:00,2023-01-05 19:31:00,2023-01-05 21:24:00,Medium,Stainless 304,True,1.51
WO-10151,p-1008,P-1008,A,Customer A,8,M02,OP002,OP002,Shift B,LOT-1020,LOT-1020,2023-01-05,2023-01-20,False,2023-01-05 19:02:00,2023-01-05 20:25:00,2023-01-05 21:16:00,Low,"1/4"" Plate",False,1.23
WO-10167,p-1117,P-1117,A,Customer D,16,M03,OP011,OP011,Shift B,LOT-1009,LOT-1009,2023-01-05,2023-01-15,False,2023-01-05 19:02:00,2023-01-05 20:44:00,2023-01-05 22:55:00,Medium,14ga Steel,False,1.47
WO-10130,PART-1046,P-1046,A,Customer B,14,M05,OP003,OP003,Shift B,,LOT-1016,2023-01-05,2023-01-15,False,2023-01-05 18:19:00,2023-01-05 19:47:00,2023-01-05 21:59:00,Low,12ga Steel,True,1.78
WO-10149,P1097,P-1097,A,Customer E,5,M07,OP020,OP020,Shift B,LOT1022,LOT-1022,2023-01-05,2023-01-19,False,2023-01-05 19:04:00,2023-01-05 20:23:00,2023-01-05 21:07:00,Medium,"1/4"" Plate",False,1.59
WO-10162,P-1278,P-1278,A,Customer E,5,M02,Michael Mcguire,OP002,Shift B,1028,LOT-1028,2023-01-05,2023-01-25,False,2023-01-05 19:28:00,2023-01-05 20:29:00,2023-01-05 21:04:00,Medium,Aluminum 5052,False,1.33
WO-10143,P 1207,P-1207,A,Customer M,6,M04,Brendan Hunt,OP007,Shift B,LOT-1015,LOT-1015,2023-01-05,2023-01-19,False,2023-01-05 20:27:00,2023-01-05 20:54:00,2023-01-05 22:03:00,Medium,12ga Steel,True,1.92
WO-10146,P 1018,P-1018,A,Customer C,11,M06,OP014,OP014,Shift B,LOT-1023,LOT-1023,2023-01-05,2023-01-20,False,2023-01-05 20:26:00,2023-01-05 20:56:00,2023-01-05 22:07:00,Low,"3/8"" Plate",True,1.2
WO-10202,P1005,P-1005,A,Customer I,19,M07,OP018,OP018,Shift A,LOT-1004,LOT-1004,2023-01-06,2023-01-10,True,2023-01-06 05:04:00,2023-01-06 06:02:00,2023-01-06 07:15:00,Low,16ga Steel,True,0.84
WO-10203,p-1148,P-1148,A,Customer B,8,M02,OP006,OP006,,1026,LOT-1026,2023-01-06,2023-01-13,False,2023-01-06 05:31:00,2023-01-06 06:56:00,2023-01-06 07:50:00,Low,Aluminum 5052,False,1.12
WO-10174,P1055,P-1055,A,Customer A,20,M03,OP008,OP008,Shift A,,LOT-1009,2023-01-06,2023-01-23,False,2023-01-06 05:28:00,2023-01-06 06:03:00,2023-01-06 08:15:00,High,14ga Steel,True,1.45
WO-10176,P1192,P-1192,A,Customer B,6,M05,OP017,OP017,Shift A,LOT-1023,LOT-1023,2023-01-06,2023-01-23,False,2023-01-06 05:00:00,2023-01-06 06:09:00,2023-01-06 07:08:00,High,"3/8"" Plate",True,1.76
WO-10192,P-1244,P-1244,A,Customer B,6,M04,OP009,OP009,Shift A,L-1004,LOT-1004,2023-01-06,2023-01-16,False,2023-01-06 05:48:00,2023-01-06 07:28:00,2023-01-06 08:20:00,High,16ga Steel,False,0.81
WO-10194,P-1076,P-1076,A,Customer A,8,M06,OP015,OP015,Shift A,,LOT-1009,2023-01-06,2023-01-13,False,2023-01-06 04:46:00,2023-01-06 07:26:00,2023-01-06 08:46:00,Medium,14ga Steel,True,1.41
WO-10179,P-1008,P-1008,A,Customer A,10,M01,OP006,OP006,Shift A,LOT-1022,LOT-1022,2023-01-06,2023-01-27,False,2023-01-06 05:04:00,2023-01-06 06:11:00,2023-01-06 07:23:00,Low,"1/4"" Plate",False,1.23
WO-10205,P-1074,P-1074,A,Customer A,25,M05,OP017,OP017,,LOT-1031,LOT-1031,2023-01-06,2023-01-16,False,2023-01-06 07:20:00,2023-01-06 08:04:00,2023-01-06 11:53:00,Low,Stainless 304,True,1.97
WO-10189,P-1273,P-1273,A,Customer G,25,M01,OP006,OP006,Shift A,,LOT-1009,2023-01-06,2023-01-27,False,2023-01-06 07:24:00,2023-01-06 08:52:00,2023-01-06 11:38:00,Low,14ga Steel,False,1.66
WO-10173,P-1040,P-1040,A,Customer A,13,M07,OP018,OP018,Shift A,LOT-1015,LOT-1015,2023-01-06,2023-01-17,False,2023-01-06 07:53:00,2023-01-06 08:43:00,2023-01-06 10:18:00,Medium,12ga Steel,False,1.45
WO-10177,P-1195,P-1195,A,Customer C,24,M06,OP019,OP019,Shift A,1004,LOT-1004,2023-01-06,2023-01-16,False,2023-01-06 08:07:00,2023-01-06 09:25:00,2023-01-06 12:50:00,Medium,16ga Steel,True,1.83
WO-10197,P1296,P-1296,A,Customer B,16,M03,OP008,OP008,Shift A,,LOT-1013,2023-01-06,2023-01-14,False,2023-01-06 08:18:00,2023-01-06 09:28:00,2023-01-06 10:56:00,Low,14ga Steel,False,0.93
WO-10190,P-1028,P-1028,A,Customer A,8,M04,OP010,OP010,Shift A,LOT-1004,LOT-1004,2023-01-06,2023-01-23,False,2023-01-06 08:38:00,2023-01-06 09:39:00,2023-01-06 10:46:00,Medium,16ga Steel,False,1.02
WO-10185,P1090,P-1090,A,Customer A,24,M02,OP001,OP001,Shift A,LOT-1022,LOT-1022,2023-01-06,2023-01-27,False,2023-01-06 08:44:00,2023-01-06 09:45:00,2023-01-06 12:28:00,Medium,"1/4"" Plate",True,1.48
WO-10170,P-1037,P-1037,A,Customer B,18,M04,OP009,OP009,Shift A,LOT-1004,LOT-1004,2023-01-05,2023-01-19,False,2023-01-06 10:28:00,2023-01-06 11:01:00,2023-01-06 13:46:00,Medium,16ga Steel,True,1.84
WO-10191,PART-1235,P-1235,A,Customer E,24,M07,OP018,OP018,Shift A,1009,LOT-1009,2023-01-06,2023-01-21,False,2023-01-06 10:03:00,2023-01-06 12:26:00,2023-01-06 15:16:00,Medium,14ga Steel,False,1.64
WO-10206,P-1058,P-1058,A,Customer B,12,M03,OP008,OP008,Shift A,LOT1009,LOT-1009,2023-01-06,2023-01-16,False,2023-01-06 10:26:00,2023-01-06 11:50:00,2023-01-06 13:15:00,Medium,14ga Steel,False,1.13
WO-10209,P-1028,P-1028,A,Customer A,17,M04,OP011,OP011,Shift B,,LOT-1004,2023-01-06,2023-01-16,False,2023-01-06 13:41:00,2023-01-06 14:00:00,2023-01-06 15:40:00,Medium,16ga Steel,False,1.02
WO-10184,P 1080,P-1080,A,Customer M,18,M03,OP007,OP007,Shift B,1009,LOT-1009,2023-01-06,2023-01-23,False,2023-01-06 12:42:00,2023-01-06 14:01:00,2023-01-06 16:20:00,Medium,14ga Steel,True,1.4
WO-10186,PART-1211,P-1211,A,Customer A,14,M06,OP014,OP014,Shift B,LOT-1023,LOT-1023,2023-01-06,2023-01-21,False,2023-01-06 12:32:00,2023-01-06 14:01:00,2023-01-06 15:53:00,High,"3/8"" Plate",True,1.5
WO-10188,P-1119,P-1119,A,Customer M,7,M02,OP005,OP005,,,LOT-1004,2023-01-06,2023-01-13,False,2023-01-06 13:40:00,2023-01-06 14:32:00,2023-01-06 15:28:00,Medium,16ga Steel,False,1.23
WO-10210,P-1288,P-1288,A,Customer E,24,M01,OP002,OP002,Shift B,,LOT-1026,2023-01-06,2023-01-17,False,2023-01-06 13:10:00,2023-01-06 14:03:00,2023-01-06 15:26:00,Low,Aluminum 5052,False,0.8
WO-10201,P-1252,P-1252,A,Customer W,23,M07,OP007,OP007,Shift B,LOT-1015,LOT-1015,2023-01-06,2023-01-23,False,2023-01-06 12:42:00,2023-01-06 14:05:00,2023-01-06 17:19:00,High,12ga Steel,False,1.7
WO-10211,P-1195,P-1195,A,Customer C,14,M05,OP016,OP016,Shift B,LOT1002,LOT-1002,2023-01-06,2023-01-23,False,2023-01-06 14:01:00,2023-01-06 14:06:00,2023-01-06 16:12:00,Medium,16ga Steel,True,1.83
WO-10207,P1054,P-1054,A,Customer E,8,M02,OP005,OP005,Shift B,LOT-1004,LOT-1004,2023-01-06,2023-01-19,False,2023-01-06 15:36:00,2023-01-06 15:41:00,2023-01-06 16:38:00,High,16ga Steel,False,1.29
WO-10204,P 1203,P-1203,A,Customer E,14,M04,OP012,OP012,Shift B,LOT-1015,LOT-1015,2023-01-06,2023-01-21,False,2023-01-06 15:20:00,2023-01-06 16:29:00,2023-01-06 17:52:00,Low,12ga Steel,False,0.89
WO-10181,P-1186,P-1186,A,Customer D,19,M06,OP014,OP014,Shift B,1026,LOT-1026,2023-01-06,2023-01-13,False,2023-01-06 15:47:00,2023-01-06 17:54:00,2023-01-06 20:25:00,High,Aluminum 5052,True,1.53
WO-10187,P-1148,P-1148,A,Customer B,14,M01,OP002,OP002,Shift B,LOT-1028,LOT-1028,2023-01-06,2023-01-27,False,2023-01-06 16:01:00,2023-01-06 16:54:00,2023-01-06 18:12:00,Low,Aluminum 5052,False,1.12
